date,geo,baseline,trend,seasonality,holiday,promo,price,meta_ads,google_search,youtube,influencers,email,tv,noise
2023-01-02,maharashtra,1122000.0000000002,0.0,-7414.54654302425,0.0,0.0,4510.440000000027,178570.33586031015,103481.77419389103,23155.028523303397,39438.19404076615,8158.543225820334,0.0,67026.23069893284
2023-01-09,maharashtra,1122000.0000000002,2580.369609856263,4934.929944414198,0.0,0.0,8886.239999999994,231448.13649648117,104104.66118691645,27612.740072989705,66825.81256022472,8300.282837958199,0.0,3994.8272911588706
2023-01-16,maharashtra,1122000.0000000002,5160.739219712526,15531.084664324033,0.0,0.0,-10165.319999999929,267746.8485874083,107550.74480102153,41307.091381147875,57275.52641966721,9356.087146489333,0.0,-991.8022197715345
2023-01-23,maharashtra,1122000.0000000002,7741.10882956879,24154.3576595657,0.0,0.0,10030.680000000018,251040.12128242437,108803.7731947393,43477.82166237859,53404.11264256695,9106.4850686506,0.0,-44130.46033989453
2023-01-30,maharashtra,1122000.0000000002,10321.478439425053,30714.65538493359,0.0,0.0,-6395.400000000044,249731.54123754145,107902.03099133424,41198.50084117295,46682.880933353146,9570.84781419656,0.0,-49743.53564195716
2023-02-06,maharashtra,1122000.0000000002,12901.848049281316,35250.64709852487,0.0,0.0,4308.479999999975,232484.9529533187,111967.00034385663,46893.89061528038,50110.18139059828,8271.916413628664,0.0,69906.08313551074
2023-02-13,maharashtra,1122000.0000000002,15482.21765913758,37921.488640350326,0.0,0.0,-10232.64000000007,259191.44725520303,107694.808617195,48932.30091851356,36413.2534307213,7810.777966940177,0.0,45902.34551193905
2023-02-20,maharashtra,1122000.0000000002,18062.587268993844,38991.538847803575,0.0,168300.00000000003,15012.359999999993,256499.51331976513,117651.40878737351,52385.15727712251,46595.63304328419,7973.525340639369,0.0,51599.276115017215
2023-02-27,maharashtra,1122000.0000000002,20642.956878850106,38809.03909463939,0.0,0.0,-1009.8000000000385,255590.52510969123,116802.13364571866,54292.669302794624,41772.44801180058,8837.39040960064,0.0,-33305.36245309553
2023-03-06,maharashtra,1122000.0000000002,23223.32648870637,37780.07438068336,0.0,0.0,67.3199999999926,250853.58327787806,105594.7600019676,52081.23983862715,52618.85821738598,8885.193897889149,0.0,-120510.35610313826
2023-03-13,maharashtra,1122000.0000000002,25803.696098562632,36339.40496752138,0.0,0.0,6462.720000000037,272585.5253531532,114199.90287544717,50003.6515554601,46887.53792821884,9181.301140480828,0.0,-37948.73991884455
2023-03-20,maharashtra,1122000.0000000002,28384.065708418893,34919.935159265544,0.0,0.0,-11848.320000000043,256490.55368660646,113639.17300830553,46238.79025175516,48251.614094218974,8348.182424579303,0.0,5627.005666850075
2023-03-27,maharashtra,1122000.0000000002,30964.43531827516,33922.66025956911,0.0,0.0,2558.1600000000176,241336.043717503,104490.24936354745,45763.399969857965,41260.921739182246,8842.145090276266,0.0,-28578.01545821123
2023-04-03,maharashtra,1122000.0000000002,33544.80492813142,33688.89976137307,0.0,0.0,5520.239999999991,246573.0784790808,115041.36860709918,49778.453283103,48917.33077821935,8036.750426551304,0.0,33674.07373644157
2023-04-10,maharashtra,1122000.0000000002,36125.17453798769,34476.486425575065,0.0,0.0,-5452.919999999998,232812.84572378697,121944.33865372966,46180.3759259174,50366.2675654818,9123.465345861858,0.0,59047.96582165885
2023-04-17,maharashtra,1122000.0000000002,38705.544147843946,36441.34516076243,0.0,0.0,-5856.839999999954,233588.42902207136,112864.20922965619,42252.43666269528,45985.98586740464,8376.679348538908,0.0,-16733.789438973494
2023-04-24,maharashtra,1122000.0000000002,41285.91375770021,39625.576243019175,0.0,0.0,10030.680000000018,221583.50144605272,118869.20909757137,40332.59833073941,47867.19811964563,8908.05294548416,0.0,35701.270059787
2023-05-01,maharashtra,1122000.0000000002,43866.283367556476,43952.77296693428,0.0,0.0,-10030.679999999944,243262.40971173235,118215.28017562085,46707.04596337119,40314.274883771286,8535.73453869731,0.0,-42544.1216076844
2023-05-08,maharashtra,1122000.0000000002,46446.65297741274,49230.876617573485,0.0,0.0,-3769.9200000000337,246240.40527250542,115221.86381942048,49848.79320669138,55311.04925125808,8186.640492425,0.0,-18854.361637287115
2023-05-15,maharashtra,1122000.0000000002,49027.022587269006,55162.42649624669,0.0,0.0,4779.7199999999975,252913.86988366678,112275.32600579271,47892.30543645918,64539.701198124094,8747.22836023212,0.0,-95279.59996779067
2023-05-22,maharashtra,1122000.0000000002,51607.392197125264,61361.625461572134,0.0,0.0,-201.95999999997778,255802.53379017193,107516.18955212084,53699.76543310114,51102.618130867035,8283.947288220692,0.0,-57191.11185317945
2023-05-29,maharashtra,1122000.0000000002,54187.76180698153,67377.23745234255,0.0,0.0,-2827.4399999999882,254017.7620467901,109806.80254974468,48826.18613391934,53199.59585655588,9252.052722383156,0.0,149249.0414312825
2023-06-05,maharashtra,1122000.0000000002,56768.13141683779,72719.98621255369,0.0,0.0,2760.1199999999953,233382.4343245601,116029.87874023434,45459.712166469835,72287.04569490845,9234.767358953119,0.0,67774.92408548253
2023-06-12,maharashtra,1122000.0000000002,59348.50102669406,76892.8541388846,0.0,0.0,7809.120000000038,252701.49303583952,118806.63242308966,45279.47428840092,64888.15337270408,8409.623124278616,0.0,23387.14859010841
2023-06-19,maharashtra,1122000.0000000002,61928.87063655032,79422.50257082461,0.0,168300.00000000003,5789.520000000036,248453.0295321999,121234.79857823862,50039.616598994035,71485.80337352246,8794.905140338435,0.0,-14315.046430668555
2023-06-26,maharashtra,1122000.0000000002,64509.24024640658,79889.96034255075,0.0,0.0,3500.639999999989,241440.16471911877,121940.81418743174,49508.01289228198,72486.80181617207,9182.887988474771,0.0,-31663.522192436198
2023-07-03,maharashtra,1122000.0000000002,67089.60985626285,77958.76045536724,0.0,0.0,2019.6000000000022,244362.73482319145,116969.37502101937,50576.87111123102,65093.03682210925,9054.994980424635,0.0,-46767.98306960596
2023-07-10,maharashtra,1122000.0000000002,69669.97946611911,73398.84353612782,0.0,0.0,-8414.99999999997,257174.220668297,123115.09013331319,45977.43395454728,64985.21178809303,8731.856414433027,0.0,20297.36403906926
2023-07-17,maharashtra,1122000.0000000002,72250.34907597538,66104.78343146575,0.0,0.0,2288.8799999999724,246943.71579242064,111872.63749481115,42892.03197679606,73120.35847363378,8929.068501759319,0.0,21745.17525313794
2023-07-24,maharashtra,1122000.0000000002,74830.71868583164,56107.21129911288,0.0,0.0,-2356.20000000004,253892.59394606613,115506.93760447102,48929.39051208832,56740.06582676063,8865.781718476303,0.0,3168.500407192667
2023-07-31,maharashtra,1122000.0000000002,77411.08829568789,43576.70146428314,0.0,0.0,1817.6400000000244,280646.52407822537,108215.51888189733,49775.60986367436,54361.497042238814,8159.892113729156,0.0,-33342.47173973626
2023-08-07,maharashtra,1122000.0000000002,79991.45790554416,28819.81286063916,0.0,0.0,-2894.7599999999807,256094.48325333867,116638.5482090484,59079.05164180266,52670.76940599689,8925.393736535194,0.0,-84402.7570129054
2023-08-14,maharashtra,1122000.0000000002,82571.82751540042,12267.429285909622,0.0,0.0,-10905.839999999997,256151.92686952863,117921.32813002037,60588.293108824524,63765.59145543804,8344.52719145615,59271.07333814932,65346.843105273045
2023-08-21,maharashtra,1122000.0000000002,85152.19712525669,-5544.015919797801,0.0,0.0,-8818.919999999927,258361.5986308162,113800.66772367687,54293.09180613149,64036.4649647138,9373.035816321897,95871.92199906685,19805.95785381364
2023-08-28,maharashtra,1122000.0000000002,87732.56673511295,-23997.43532307334,0.0,0.0,-875.1600000000533,260193.1955288554,112817.51409409405,55533.68267275243,64708.37187716179,10126.354128957912,122497.94943176222,-33498.03914562376
2023-09-04,maharashtra,1122000.0000000002,90312.93634496922,-42424.753861845435,0.0,0.0,14137.200000000015,281122.06494467985,108582.93079589168,52017.30964196655,71852.00935045122,9329.99929585946,145556.84442310195,72887.45906492544
2023-09-11,maharashtra,1122000.0000000002,92893.30595482548,-60139.720151385794,0.0,0.0,3837.2400000000266,277490.2251385241,113226.64899966808,54050.50662931681,69140.1795013919,10204.712066540364,151835.40995004907,-48716.508088929964
2023-09-18,maharashtra,1122000.0000000002,95473.67556468175,-76472.05201126527,224400.00000000006,0.0,-6732.000000000007,284820.7214704178,123435.68906800673,60411.225106246704,73869.54662797424,10726.029243815417,162879.10729068486,-1337.9423605627414
2023-09-25,maharashtra,1122000.0000000002,98054.04517453801,-90801.02445155672,0.0,0.0,-4173.839999999989,303372.02470220305,113260.17810894636,70973.81045218135,66783.66169139487,10725.697121923284,130084.3505309888,-106621.9033306192
2023-10-02,maharashtra,1122000.0000000002,100634.41478439426,-102586.6352635814,280500.00000000006,0.0,-15685.560000000069,310523.5212698622,119102.34084521292,95464.80224653066,82045.38967704141,10509.574415940659,146754.48920435592,-8719.337179756722
2023-10-09,maharashtra,1122000.0000000002,103214.78439425053,-111396.61683908304,0.0,0.0,-6933.959999999985,347778.91036463337,114423.67407965826,92132.58494796648,81444.65105684575,12216.976590661765,159563.9215719736,-3270.9261669069247
2023-10-16,maharashtra,1122000.0000000002,105795.1540041068,-116927.79527922571,0.0,0.0,-6462.720000000037,360308.3730459001,116034.7229039153,82704.42068031098,86128.07163364024,12545.465763232147,170560.20923969016,-45435.90199157003
2023-10-23,maharashtra,1122000.0000000002,108375.52361396306,-119020.61594075379,0.0,168300.00000000003,1952.2800000000095,326766.4862619158,117988.43970116333,70767.24689715622,78038.95520870094,11441.206130848643,176727.19803983037,61746.280087175284
2023-10-30,maharashtra,1122000.0000000002,110955.89322381932,-117666.04005940532,0.0,168300.00000000003,-4981.68000000005,347137.56924687646,123980.85852444092,73958.01333666532,84982.5719721436,10983.264508573324,177563.51373768525,149611.03550920074
2023-11-06,maharashtra,1122000.0000000002,113536.26283367557,-113004.44786874027,392700.00000000006,0.0,-3702.6000000000413,368331.1036417611,128682.63178008459,71098.70243531422,84124.63330287978,11317.132450022127,182122.41652610234,1213.1648988997777
2023-11-13,maharashtra,1122000.0000000002,116116.63244353185,-105316.63496954953,0.0,0.0,4039.2000000000044,360171.2909359666,118757.2945369379,74589.33777111783,88470.48632644168,12253.91761102696,151596.8628526066,-42437.38750808024
2023-11-20,maharashtra,1122000.0000000002,118697.00205338812,-95007.43469489725,0.0,0.0,7607.159999999985,348197.8038432348,115560.98227684275,88687.61377395914,84218.61986714647,11152.47813026141,117446.36992057634,33117.40482948804
2023-11-27,maharashtra,1122000.0000000002,121277.37166324438,-82582.9142661413,0.0,0.0,5520.239999999991,338875.05741341395,117638.15705146207,82298.59458901214,71635.23544123469,11970.280037934883,84137.13235850385,-56424.154288664635
2023-12-04,maharashtra,1122000.0000000002,123857.74127310063,-68622.45284208555,0.0,0.0,-6799.32,314236.22843475954,118601.32198305038,80615.69131443265,75523.6670832957,11055.221064866408,56200.289109557685,-38720.38742097749
2023-12-11,maharashtra,1122000.0000000002,126438.1108829569,-53747.294483244,0.0,168300.00000000003,-12723.479999999947,312701.8483028318,121696.3176597529,75289.4569665723,80408.05137249919,11504.190456230528,35049.051500723384,68264.74734167664
2023-12-18,maharashtra,1122000.0000000002,129018.48049281316,-38587.362292245474,0.0,0.0,-5856.839999999954,326373.69132153434,107418.47202347268,78466.0373075193,78161.49491182985,10119.029845117351,21776.605866938953,-51202.60947698084
2023-12-25,maharashtra,1122000.0000000002,131598.8501026694,-23748.210543894875,0.0,0.0,14473.799999999977,315067.7450893525,107805.49089085557,78076.8156155693,87123.07282715161,9980.131012292391,12311.545334835468,-40780.24032883154
2024-01-01,maharashtra,1122000.0000000002,134179.2197125257,-9303.376702981752,112200.00000000003,0.0,-27601.199999999953,328524.02151032496,124334.11316134105,76727.66819678956,80414.79519312043,10041.135542461776,6511.653134586677,12034.970251831419
2024-01-08,maharashtra,1122000.0000000002,136759.58932238197,3271.3631184813407,0.0,0.0,-15685.560000000069,295749.83890662045,120380.41235587903,70412.24255735085,68225.21829414633,9894.570827721333,3089.3529319253907,-3141.0283145065664
2024-01-15,maharashtra,1122000.0000000002,139339.95893223822,14134.402433623589,0.0,0.0,-29620.800000000032,282271.85097614763,115230.17424232914,68054.28837697781,63994.90265925942,10567.58518972735,1238.3646896511812,-37913.727499954526
2024-01-22,maharashtra,1122000.0000000002,141920.32854209447,23048.07950842196,0.0,0.0,-30563.28000000008,279832.37878465425,113797.13800961734,61817.341651340445,64929.275795729154,9669.324021609384,362.512981482812,13688.900705050277
2024-01-29,maharashtra,1122000.0000000002,144500.69815195075,29903.668393067015,0.0,0.0,-14541.120000000044,271938.04268926854,128885.55298429733,56343.51832758785,62285.155645761835,9575.711403702933,0.0,24262.77240436379
2024-02-05,maharashtra,1122000.0000000002,147081.067761807,34721.77787956339,0.0,0.0,-30293.999999999956,251569.6552329651,117865.92335157323,55147.80337769227,72194.61868559578,9031.085804891041,0.0,63544.067905911885
2024-02-12,maharashtra,1122000.0000000002,149661.43737166328,37645.132464967035,0.0,0.0,-35410.31999999999,285934.2581880766,117962.40571125635,53033.927482355706,74206.03418504793,8954.084291756977,0.0,24059.04030487602
2024-02-19,maharashtra,1122000.0000000002,152241.80698151953,38924.23933484228,0.0,0.0,-18984.240000000005,288319.6959463686,117507.64454396104,61470.58406683656,65018.20068799023,10368.205762075298,0.0,-28902.13732359402
2024-02-26,maharashtra,1122000.0000000002,154822.17659137578,38896.856954812,0.0,0.0,-33592.680000000044,329574.35993045947,117440.2617568214,64269.886275788034,76587.39470384485,9099.369705408935,0.0,58417.37408148913
2024-03-04,maharashtra,1122000.0000000002,157402.54620123206,37962.538304171685,0.0,0.0,-19186.199999999983,287500.7911027679,115829.59826750748,65605.25558929617,66154.8786824702,10080.567638018727,0.0,2584.024214535425
2024-03-11,maharashtra,1122000.0000000002,159982.9158110883,36553.80447704356,0.0,168300.00000000003,-33458.04000000006,289238.90559513593,122721.50218481122,59739.92424861396,53922.458780776185,8987.307008345513,0.0,35672.221894184964
2024-03-18,maharashtra,1122000.0000000002,162563.2854209446,35105.69601943264,0.0,0.0,-29284.20000000007,289408.30086257565,118915.76169524026,57490.42709218466,75878.06167929692,8229.908786799731,0.0,63312.758443525265
2024-03-25,maharashtra,1122000.0000000002,165143.65503080084,34025.538944325956,0.0,0.0,-12117.600000000013,299650.9260267344,121621.24714385423,65706.05135045243,75412.57469141805,8606.98097370827,0.0,44776.62583870586
2024-04-01,maharashtra,1122000.0000000002,167724.0246406571,33664.74476021772,0.0,0.0,-29216.880000000077,282151.680571191,110197.73459910617,54172.46616503371,62674.418664493685,9916.428120411998,0.0,-23154.617521111148
2024-04-08,maharashtra,1122000.0000000002,170304.39425051337,34294.34015296546,0.0,168300.00000000003,-36689.4,275341.41801707493,127543.54089519374,58814.686108605616,60574.416020900804,9087.878594055956,0.0,44298.72596068984
2024-04-15,maharashtra,1122000.0000000002,172884.76386036963,36085.699407623535,0.0,0.0,-34198.559999999976,302250.131443009,127762.3538248418,58076.953595676954,64319.02366090792,9503.943050615597,0.0,-2755.3088430446073
2024-04-22,maharashtra,1122000.0000000002,175465.1334702259,39097.64419723931,0.0,0.0,-25043.039999999935,281034.8212266673,124904.4353735586,55048.948811525166,59396.55237176255,10628.697088834298,0.0,67701.80746018664
2024-04-29,maharashtra,1122000.0000000002,178045.50308008216,43270.698922239724,0.0,0.0,-34737.12000000007,297950.56511833094,127241.32361631411,67218.36289537435,66531.67962565394,9815.551921006896,0.0,-21308.56517900244
2024-05-06,maharashtra,1122000.0000000002,180625.87268993843,48428.867214803315,0.0,168300.00000000003,-20869.199999999946,289760.2480917575,126541.4284459765,63147.55494951185,68501.22846839693,9857.691728963433,0.0,22664.30841065185
2024-05-13,maharashtra,1122000.0000000002,183206.2422997947,54288.851056895925,0.0,0.0,-19320.839999999967,275320.41671413626,116773.37320039351,60431.361757369756,61568.43247420354,9248.46236825968,0.0,-3770.299871053781
2024-05-20,maharashtra,1122000.0000000002,185786.61190965096,60476.19398156021,0.0,0.0,-20196.000000000022,266439.50113727344,123488.383500706,63129.49803762443,59545.18925974129,9845.30910836469,0.0,-63508.68693492103
2024-05-27,maharashtra,1122000.0000000002,188366.98151950722,66547.4195810648,0.0,0.0,-19522.799999999945,275345.5401515877,120303.24911428255,66317.0514989151,55186.466627268135,11529.73711524248,0.0,-16694.645607868144
2024-06-03,maharashtra,1122000.0000000002,190947.3511293635,72016.87986575249,0.0,0.0,-39584.15999999998,304236.0151262319,121937.76276933943,61520.79698152652,57693.13519294375,9500.439641042252,0.0,65426.779293799955
2024-06-10,maharashtra,1122000.0000000002,193527.72073921975,76386.74564570663,0.0,0.0,-30630.60000000007,307184.8762746953,117349.91282182341,56587.02590278018,69522.90583244753,9874.253183947982,0.0,-11641.840400620966
2024-06-17,maharashtra,1122000.0000000002,196108.09034907602,79178.37949478233,0.0,0.0,-29553.48000000004,287232.60186398274,126230.6611706769,56396.406412078235,69671.93934795466,8625.080879201932,0.0,-21629.679517753222
2024-06-24,maharashtra,1122000.0000000002,198688.45995893228,79963.24221169083,0.0,0.0,-28207.080000000038,270515.51911097957,122360.03616656369,56542.53662726644,72959.45320287366,8604.936172838448,0.0,31310.896548854762
2024-07-01,maharashtra,1122000.0000000002,201268.82956878853,78391.50133260805,0.0,0.0,-34737.12000000007,268489.62393257674,128273.63170186503,60286.97551648186,58561.4144040455,9073.401678976963,0.0,29086.74186465713
2024-07-08,maharashtra,1122000.0000000002,203849.1991786448,74216.63429052127,0.0,0.0,-26187.47999999996,277861.29758365644,132551.2725494151,57232.700321517936,82420.2599322889,9111.870381095814,0.0,11520.24576285975
2024-07-15,maharashtra,1122000.0000000002,206429.56878850106,67314.54222299221,0.0,0.0,-35141.04000000002,264775.75665501814,119418.00536159449,63336.87524654597,74477.99920868131,8627.148023767493,0.0,108099.14449289923
2024-07-22,maharashtra,1122000.0000000002,209009.93839835734,57696.000419702825,0.0,0.0,-23427.359999999964,260000.21715821655,123845.73393261283,72067.84730383234,69760.47715424649,9739.925509315062,0.0,-10007.779876283837
2024-07-29,maharashtra,1122000.0000000002,211590.3080082136,45511.65018046798,0.0,0.0,-32650.199999999997,257881.10278227663,124730.63564207256,71283.51568882502,80110.45480047383,9974.181599407857,68239.19805598889,-57618.846757726555
2024-08-05,maharashtra,1122000.0000000002,214170.67761806984,31049.162644306194,0.0,0.0,-24369.84000000001,287298.90542146505,123086.46300205492,73642.28236466383,71766.29036658352,9629.102991748121,120504.03282153659,2678.9227695718114
2024-08-12,maharashtra,1122000.0000000002,216751.04722792612,14722.653442041936,0.0,168300.00000000003,-21407.76000000004,315198.59410147596,123981.72264204081,65822.61643133822,71130.04567777055,9485.549551881186,143065.80635211026,-12021.27542658525
2024-08-19,maharashtra,1122000.0000000002,219331.41683778237,-2945.1280057338645,0.0,0.0,-25716.240000000013,315057.3763855989,126110.44615043484,61404.377799748596,65390.6155853402,8818.096838653932,154091.9134873751,-67575.87507920049
2024-08-26,maharashtra,1122000.0000000002,221911.78644763865,-21346.894727223047,0.0,168300.00000000003,-38170.43999999999,303230.04856472544,125915.52005492148,66408.71866920358,74717.20923762892,10526.654204004612,161681.21178962634,13318.185759474269
2024-09-02,maharashtra,1122000.0000000002,224492.1560574949,-39819.90112958368,224400.00000000006,0.0,-21340.440000000046,344228.9846317155,127838.65273661945,73176.38716326588,76851.14476128011,11732.19761766129,170362.42539714702,-42090.6072356008
2024-09-09,maharashtra,1122000.0000000002,227072.52566735115,-57678.4126759906,0.0,0.0,-23023.44000000001,335406.4373918849,115445.54672160104,76603.47538120326,89985.73054442061,10806.059093939346,138373.01194628503,-480.93407069509647
2024-09-16,maharashtra,1122000.0000000002,229652.89527720746,-74247.77590090147,0.0,0.0,-24302.52000000002,327149.9109077462,127237.12642995188,79535.79025877934,106986.40726704056,12367.53237335604,104779.13005492855,-43612.49666810878
2024-09-23,maharashtra,1122000.0000000002,232233.2648870637,-88898.20202199927,280500.00000000006,168300.00000000003,-27668.519999999946,352699.9161024576,138327.43073136304,88253.8119070776,94927.95014328942,12453.141986880639,138612.51281408523,-13536.306550217727
2024-09-30,maharashtra,1122000.0000000002,234813.63449691999,-101076.38882338446,0.0,0.0,-25850.879999999997,351568.24661343504,127908.64638799692,90521.2787146602,108620.56034904045,11927.025599793327,150895.0349292124,-107089.15826767425
2024-10-07,maharashtra,1122000.0000000002,237394.00410677624,-110333.22406477359,0.0,0.0,-25850.879999999997,355335.1413628322,122663.59391958654,88469.22604084187,102326.89323978513,12943.791795185965,164278.7936240309,-73921.34002426562
2024-10-14,maharashtra,1122000.0000000002,239974.3737166325,-116346.03266087166,0.0,0.0,-36352.80000000004,345697.6015407749,123713.72200332955,87825.15318140367,95526.95848796774,11794.40925753963,177304.14778031292,26958.46669291082
2024-10-21,maharashtra,1122000.0000000002,242554.74332648877,-118934.13673754544,0.0,168300.00000000003,-29957.399999999994,352196.26606266276,114539.29576699864,83297.36563926698,98262.95442869511,12731.060882848813,180506.27927956532,-14552.428648981204
2024-10-28,maharashtra,1122000.0000000002,245135.11293634502,-118066.87481143734,392700.00000000006,0.0,-33727.32000000003,370975.13539195765,137554.6639053107,79510.60766677065,92674.27614779604,11727.310872168115,182312.03728685115,-14184.949395761761
2024-11-04,maharashtra,1122000.0000000002,247715.48254620127,-113863.6521164141,0.0,0.0,-23965.920000000056,349744.9895989443,117852.22841361848,87475.90031257064,100125.47214269117,11714.742024603032,151695.3544968918,-4014.597419106565
2024-11-11,maharashtra,1122000.0000000002,250295.85215605755,-106586.04407487277,0.0,168300.00000000003,-26793.360000000044,339273.6271809352,127903.9443482039,81700.2316244106,82494.36357398903,10915.479274114046,117471.00230287954,75514.90361428255
2024-11-18,maharashtra,1122000.0000000002,252876.2217659138,-96622.42325613563,0.0,0.0,-23965.920000000056,353436.78945470665,124706.69416383059,85077.42815955445,95826.02599512784,10613.534738934488,84215.92148368862,-118735.27250562106
2024-11-25,maharashtra,1122000.0000000002,255456.59137577008,-84466.0011490152,0.0,0.0,-17772.47999999999,319222.9285645234,121782.16777781841,80783.59170369076,86143.28092150741,10671.635361260482,55966.473651472545,28008.81179297202
2024-12-02,maharashtra,1122000.0000000002,258036.96098562633,-70687.545554425,0.0,0.0,-22754.16000000004,308095.7862881803,125379.34096597534,74532.76031665616,82658.51280445466,10658.142629347638,36084.066168823425,-30605.864604639173
2024-12-09,maharashtra,1122000.0000000002,260617.33059548258,-55904.33120380093,0.0,0.0,-23427.359999999964,301491.10357011156,116488.71876781546,76307.69800227789,77520.01618331221,10323.456994151607,22460.059080284027,-116920.69198963512
2024-12-16,maharashtra,1122000.0000000002,263197.7002053388,-40747.0883509267,0.0,0.0,-12319.55999999999,283369.15633009194,111895.95943053713,75817.50753006454,80554.8234208577,11246.865001406026,12614.597051238448,72167.03938139186
2024-12-23,maharashtra,1122000.0000000002,265778.0698151951,-25826.819760966246,0.0,0.0,-20196.000000000022,299827.6655889325,119368.66700550386,83057.97182655976,81881.96648985453,10802.869417057656,6778.302840215715,-119633.69322235299
2024-12-30,maharashtra,1122000.0000000002,268358.4394250514,-11703.354774452515,112200.00000000003,0.0,-31034.520000000026,310712.46773692936,119043.22610986764,93619.61607515912,66725.41277643533,10992.015061191594,3267.2617954950424,71003.43579432297
2025-01-06,maharashtra,1122000.0000000002,270938.8090349076,-160.27447946315883,0.0,0.0,-49749.48000000006,328186.7643424251,118721.71478479482,82052.65351706692,89971.25857568967,11005.098311397709,1247.6472921600964,24605.808621021082
2025-01-13,maharashtra,1122000.0000000002,273519.17864476395,11221.57481949165,0.0,0.0,-57491.279999999955,307914.2381626555,121293.88028960502,88409.51541854309,95962.3226826651,10726.91743259985,328.5461502523602,77744.10639942269
2025-01-20,maharashtra,1122000.0000000002,276099.54825462017,20709.01946792048,0.0,0.0,-47595.24,311407.5078315774,121972.22052986827,84267.48836936647,84789.36058336438,10395.711394789072,0.0,68129.38356849365
2025-01-27,maharashtra,1122000.0000000002,278679.91786447645,28156.115454309092,0.0,0.0,-59510.880000000034,290536.2374735468,124550.79689323116,77230.93557434804,88624.83272374241,9066.753181337894,0.0,7751.290835008106
2025-02-03,maharashtra,1122000.0000000002,281260.28747433267,33546.9280073,0.0,0.0,-50826.59999999994,296154.4837936487,123746.93548550598,76397.14682747764,71879.21484370179,9253.804680221088,0.0,12476.798887811892
2025-02-10,maharashtra,1122000.0000000002,283840.65708418895,36990.456670726046,0.0,0.0,-50961.24000000008,320780.8431799899,126668.91161174532,79261.95858545556,78543.86283676222,8493.06985463355,0.0,68356.48017649844
2025-02-17,maharashtra,1122000.0000000002,286421.0266940452,38708.258603606424,0.0,0.0,-48403.08000000006,320876.92277883197,122135.25809570891,78888.34510257759,77145.87898426922,9829.813506431728,0.0,-48387.423765470914
2025-02-24,maharashtra,1122000.0000000002,289001.3963039015,39015.57263199282,0.0,0.0,-41132.51999999996,314638.8314252381,118760.7969839093,73838.41114295593,83909.36513818872,8942.339200063856,0.0,1653.8071737494195
2025-03-03,maharashtra,1122000.0000000002,291581.7659137577,38297.12175699901,0.0,0.0,-60722.64000000005,291041.17037189665,128336.27295762739,70367.32706612402,82528.26728014009,8931.769450249127,0.0,22440.945203205785
2025-03-10,maharashtra,1122000.0000000002,294162.135523614,36979.07774547575,0.0,0.0,-56683.440000000046,295934.7106303687,136225.6196823213,61515.30862069692,91333.34373270118,10185.91590830651,0.0,62837.328156515236
2025-03-17,maharashtra,1122000.0000000002,296742.50513347023,35498.890456428046,0.0,0.0,-53115.47999999999,294936.0153607097,137036.14679740122,74896.13956840437,100358.44255040989,10120.971439243669,0.0,-5614.631306067244
2025-03-24,maharashtra,1122000.0000000002,299322.87474332657,34274.80408118195,0.0,168300.00000000003,-47460.60000000001,276701.47634298215,138530.8899447228,85786.98693754735,88613.76597023777,9340.540351938818,0.0,-10957.738371937323
2025-03-31,maharashtra,1122000.0000000002,301903.2443531828,33676.895653322055,0.0,0.0,-57289.31999999998,293990.8930131841,134047.846928138,70911.44767306063,78151.09818653781,10169.698355195454,0.0,-65274.80416262103
2025-04-07,maharashtra,1122000.0000000002,304483.61396303907,34001.37732576179,0.0,0.0,-50691.959999999955,272110.17069481977,123000.97824959444,68675.5617005783,69946.67507459228,10509.830943543626,0.0,-17774.24795192955
2025-04-14,maharashtra,1122000.0000000002,307063.98357289535,35449.70852138375,0.0,0.0,-57423.95999999996,287664.58606602304,129696.32640636027,63299.95036218678,69210.76750443576,10864.769684978974,0.0,18914.86788173547
2025-04-21,maharashtra,1122000.0000000002,309644.35318275157,38113.77852010391,0.0,168300.00000000003,-57221.999999999985,301686.0598314907,131391.24713212438,70268.70414188618,73048.07023800378,10239.840808166608,0.0,76754.94614547266
2025-04-28,maharashtra,1122000.0000000002,312224.7227926079,41968.06094547288,0.0,0.0,-41805.72000000004,322501.4831718897,128469.1009425901,63370.578810724735,81021.73089930484,10264.610889091864,0.0,72776.43154831798
2025-05-05,maharashtra,1122000.0000000002,314805.0924024641,46869.22981179357,0.0,0.0,-54394.56,333637.137967584,129490.17607759628,61756.09037762288,93735.9032315073,9768.662490342396,0.0,35122.26764108899
2025-05-12,maharashtra,1122000.0000000002,317385.4620123204,52563.28619369744,0.0,0.0,-60991.92000000002,309823.6249344295,131437.21977511432,62716.495232520756,84347.17816001532,10677.702708282912,0.0,25645.950983618957
2025-05-19,maharashtra,1122000.0000000002,319965.8316221766,58699.800759592275,0.0,0.0,-50624.63999999996,307004.86011251557,133608.8592244108,64646.28936160739,85660.62862606897,10256.798924727602,0.0,-1831.4286310994887
2025-05-26,maharashtra,1122000.0000000002,322546.2012320329,64852.45613536473,0.0,0.0,-52509.60000000006,324693.2388843065,128556.02239737524,65798.85559287044,80879.66478592009,10254.374365458814,0.0,136037.78660667106
2025-06-02,maharashtra,1122000.0000000002,325126.5708418892,70544.69880431856,0.0,0.0,-47325.96000000003,312726.71942938986,134736.76065474417,76893.81485468474,78164.42859799616,8959.315515525024,0.0,51945.651301452286
2025-06-09,maharashtra,1122000.0000000002,327706.94045174547,75279.0047602128,0.0,0.0,-62944.19999999995,314336.3619961133,129786.37525769547,77489.2544524276,91449.6245489075,9189.937000957496,0.0,41213.701531940336
2025-06-16,maharashtra,1122000.0000000002,330287.3100616017,78568.04419857069,0.0,0.0,-48537.720000000045,278472.66110956774,123105.50840092554,76914.76478453977,85961.33013907437,10703.911868281264,0.0,92191.18943743849
2025-06-23,maharashtra,1122000.0000000002,332867.67967145797,79965.91094393158,0.0,0.0,-49951.44000000004,296409.21714012616,127501.6315327286,77077.20659118495,66268.76956222755,10225.385479472161,0.0,-28207.360921129366
2025-06-30,maharashtra,1122000.0000000002,335448.0492813142,79097.56911458103,0.0,0.0,-50422.679999999986,268332.88960775355,132954.64358999368,82061.7826815079,66238.5752357168,10204.384960919873,0.0,-29044.21447178741
2025-07-07,maharashtra,1122000.0000000002,338028.4188911705,75684.76362021055,0.0,0.0,-58029.84000000005,302025.0722679361,132899.8768823154,84446.99540850913,75002.21784790288,9790.105888634711,0.0,-73888.61080667932
2025-07-14,maharashtra,1122000.0000000002,340608.78850102675,69566.83716830307,0.0,0.0,-48874.32000000001,310208.7874762898,125496.54259055172,79299.71290311519,85335.76114839788,9799.117998015978,0.0,70060.7722142993
2025-07-21,maharashtra,1122000.0000000002,343189.158110883,60715.1833201357,0.0,168300.00000000003,-55269.72000000005,311649.6124829848,131169.7886033438,80717.15778394333,85663.73086742766,10823.731932826566,61614.99612267685,22757.36077577791
2025-07-28,maharashtra,1122000.0000000002,345769.52772073925,49240.42633231534,0.0,0.0,-46585.43999999996,305698.147999883,134149.78564919994,76736.10483329701,85143.59275757226,10789.843693761622,111361.22188311677,6266.789130114671
2025-08-04,maharashtra,1122000.0000000002,348349.89733059553,35391.83328502985,0.0,0.0,-58904.99999999995,330988.48620068806,132342.42585606602,72050.40041615182,81067.54173600482,9534.298030752676,135656.55619598212,46157.56094872901
2025-08-11,maharashtra,1122000.0000000002,350930.2669404518,19548.90846615043,0.0,168300.00000000003,-57154.67999999999,332076.0895980247,136678.84390430144,79742.91829309272,86079.49098405713,10503.888221965753,154152.51886703307,10426.754724922537
2025-08-18,maharashtra,1122000.0000000002,353510.6365503081,2205.5685521396413,0.0,168300.00000000003,-53990.64000000004,341519.84098545805,132156.62647674675,83413.99255627068,87373.62571078962,11678.185909597662,163593.48037280224,-43738.31711411267
2025-08-25,maharashtra,1122000.0000000002,356091.0061601643,-16052.276050923423,224400.00000000006,0.0,-62203.68000000004,354771.9636873094,130580.9837792848,82047.46483450678,81525.51518719569,11790.97889340511,172372.83455320276,34363.20895585451
2025-09-01,maharashtra,1122000.0000000002,358671.3757700206,-34574.52788606483,0.0,0.0,-58366.44000000001,366614.67982540966,130514.68989990764,81534.77691603416,99126.68757344756,11379.091191088799,140648.0031440973,96428.6635660584
2025-09-08,maharashtra,1122000.0000000002,361251.74537987687,-52678.57919074821,0.0,0.0,-58770.359999999964,367085.21447287727,117731.65948840442,88519.10212548716,109821.4100454339,11574.718531996916,107017.21269970777,67925.87644696372
2025-09-15,maharashtra,1122000.0000000002,363832.1149897331,-69683.11497956002,0.0,0.0,-57962.520000000055,376660.0625622859,124066.78904890073,103385.74032500677,103941.38683600114,11828.478149767421,155366.26900787526,87409.79405998945
2025-09-22,maharashtra,1122000.0000000002,366412.4845995894,-84942.17238243665,280500.00000000006,0.0,-60049.43999999997,384704.7890872137,143896.08982945434,104436.80454568555,104946.37007748745,13773.44768890384,172779.54608678413,558.0804673181589
2025-09-29,maharashtra,1122000.0000000002,368992.85420944565,-97877.56657325689,0.0,0.0,-58904.99999999995,387850.56049106526,126756.17311592598,105658.01533389292,117564.79982903246,13393.05937028667,186187.50785167672,38046.596371930886
2025-10-06,maharashtra,1122000.0000000002,371573.22381930193,-108007.88200922699,0.0,0.0,-56414.160000000076,399230.1927281136,126624.16764211166,98028.98259075913,106960.800761776,12507.872717104929,192436.04302852502,-9090.241278465452
2025-10-13,maharashtra,1122000.0000000002,374153.59342915815,-114972.41903972457,0.0,168300.00000000003,-50355.35999999999,393051.48868968635,130843.78562383544,103652.67488403669,108091.56915736602,11788.384391161248,193100.13856046475,57254.14430401561
2025-10-20,maharashtra,1122000.0000000002,376733.96303901443,-118548.76929005026,392700.00000000006,0.0,-57827.88000000007,387759.6679798238,140532.30453120984,111843.72220545035,120171.52769659433,12726.592614858271,194779.44198263274,5790.4292404670605
2025-10-27,maharashtra,1122000.0000000002,379314.3326488707,-118663.05233921765,0.0,0.0,-45508.32000000008,368840.1088929311,122122.89212953617,107357.7198150653,114914.95015289861,14090.518341183746,167111.09999389588,21309.750364835832
2025-11-03,maharashtra,1122000.0000000002,381894.702258727,-115392.26048817596,0.0,168300.00000000003,-34737.12000000007,369661.94055305375,137573.33720396602,111546.90725059783,110743.17548066887,13331.60840380241,134046.8418087447,79925.86752861543
2025-11-10,maharashtra,1122000.0000000002,384475.0718685832,-108958.60407813003,0.0,0.0,-58029.84000000005,346626.5943142175,124552.61305842431,101823.7500284624,105348.35322913465,11504.689318725315,99658.36134069871,4501.010919883624
2025-11-17,maharashtra,1122000.0000000002,387055.4414784395,-99716.2012865952,0.0,0.0,-50826.59999999994,339427.92062134296,126056.86105330674,94609.95247054767,93031.22952145446,11371.771412416572,68521.30627995833,21581.318449128605
2025-11-24,maharashtra,1122000.0000000002,389635.8110882957,-88130.88769096247,0.0,0.0,-55673.64000000001,347450.92591533664,124773.56262460197,94221.43355721723,102638.64574855573,11196.41607723537,45201.65745997975,15338.075219740032
2025-12-01,maharashtra,1122000.0000000002,392216.18069815205,-74754.30739933619,0.0,168300.00000000003,-47393.28000000002,344174.8585574487,126348.06585048916,87446.82859554714,111286.06146241254,11065.414554565741,28588.77822904667,-15106.600548325798
2025-12-08,maharashtra,1122000.0000000002,394796.55030800827,-60193.76705031054,0.0,0.0,-53923.32000000005,330500.54618781066,128976.92831317364,84722.9163696881,105408.77098024466,10706.400630161728,16059.9933287377,-61731.019067514135
2025-12-15,maharashtra,1122000.0000000002,397376.91991786455,-45079.568188259334,0.0,0.0,-60924.60000000003,313695.7211293514,124029.68810478835,81174.06818963093,99342.28094791762,11285.071106069618,8497.138897650037,47522.27989498671
2025-12-22,maharashtra,1122000.0000000002,399957.2895277208,-30031.669060203283,0.0,0.0,-62809.55999999997,355691.1961103931,123981.52292540566,91724.51399524542,102731.87823151657,10896.683967928106,3966.174232562265,-99230.02993056872
2023-01-02,delhi_ncr,936000.0,0.0,-6185.39711610579,0.0,140400.0,-1516.3199999999576,155194.95634293876,101576.01944042342,8338.769591186678,24990.795853802905,32410.44930117625,0.0,25644.72658657762
2023-01-09,delhi_ncr,936000.0,2152.6078028747434,4116.839953628956,0.0,0.0,-1516.3199999999576,171843.43804454216,102156.62712200148,15482.85474462706,32995.818749424594,33605.3434099576,0.0,10616.79017294348
2023-01-16,delhi_ncr,936000.0,4305.215605749487,12956.412875051063,0.0,0.0,-4212.000000000035,179564.31998888293,99600.99103287926,19526.21371415719,37873.080152826136,30769.432581921206,0.0,77571.33404853259
2023-01-23,delhi_ncr,936000.0,6457.82340862423,20150.15933097459,0.0,0.0,8087.039999999983,174954.36348184446,102789.42443566484,24038.457134916156,41121.69764328433,33088.969372173946,0.0,-60536.93480748263
2023-01-30,delhi_ncr,936000.0,8610.431211498973,25622.921069784166,0.0,0.0,-112.31999999998763,165466.39882925025,95031.63772617819,24751.59319400557,39867.200433446254,31327.129667003544,0.0,-49503.9921311672
2023-02-06,delhi_ncr,936000.0,10763.039014373717,29406.956937806834,0.0,140400.0,-561.5999999999382,182499.52918380097,107926.84508972807,23147.581918262928,38300.752749099425,32259.400850772105,0.0,-29524.50574384415
2023-02-13,delhi_ncr,936000.0,12915.64681724846,31635.038651843046,0.0,0.0,5952.96000000003,169700.7882255127,103075.76575241445,25292.109085758555,36125.20759542505,31344.820622352865,0.0,-18339.336750555183
2023-02-20,delhi_ncr,936000.0,15068.254620123203,32527.700856991214,0.0,0.0,8985.600000000008,169997.94171514953,90884.42058384346,24230.32856473646,31740.334047389246,31729.964211839524,0.0,64812.455399927334
2023-02-27,delhi_ncr,936000.0,17220.862422997947,32375.455073602905,0.0,0.0,-5559.840000000011,173430.19267905533,108411.09773008787,25242.147574224848,34302.39693881651,32512.453820857314,0.0,-43980.76623964251
2023-03-06,delhi_ncr,936000.0,19373.47022587269,31517.06739778932,0.0,0.0,2695.680000000015,170376.28363551915,109114.0863798566,25503.134650758977,34922.42969082284,35360.56740048271,0.0,-23657.7193811022
2023-03-13,delhi_ncr,936000.0,21526.078028747434,30315.22553440286,0.0,0.0,393.12000000001905,165355.62553429056,103753.530364273,23911.565998721475,43548.90430868765,33593.756135426556,0.0,33599.19409545075
2023-03-20,delhi_ncr,936000.0,23678.685831622173,29131.0689029167,0.0,0.0,2134.0800000000145,179406.52488718866,102973.19646389454,30270.315126673115,47161.07360433741,34556.80599800385,0.0,-11789.750814636356
2023-03-27,delhi_ncr,936000.0,25831.29363449692,28299.11764969401,0.0,0.0,-0.0,183850.76224008037,105669.21517679818,26347.548364894672,43866.390234383034,32886.02914774574,0.0,1907.6435519070938
2023-04-03,delhi_ncr,936000.0,27983.90143737166,28104.108891840628,0.0,0.0,6009.120000000024,193100.9064071444,104842.93277587688,21995.247807984757,43629.265176234316,31394.23341532935,0.0,-22471.71591178196
2023-04-10,delhi_ncr,936000.0,30136.509240246407,28761.133060907538,0.0,0.0,1179.359999999995,185578.2501248113,95828.69663483089,26490.203152743776,39361.572013271274,30085.926691925597,0.0,24835.34908126311
2023-04-17,delhi_ncr,936000.0,32289.117043121147,30400.266551224267,0.0,0.0,-6346.080000000049,190947.450334097,97726.47268620128,25566.779027393008,37517.96526442626,30868.85445202203,0.0,38000.174641515
2023-04-24,delhi_ncr,936000.0,34441.724845995894,33056.63044872187,0.0,0.0,-6402.240000000043,207602.5312776509,105319.78455446403,29100.326215908666,49492.77123579638,31608.609016005128,0.0,-18322.13759454293
2023-05-01,delhi_ncr,936000.0,36594.33264887063,36666.48440022324,0.0,0.0,7076.159999999969,186924.43125237108,99593.84255419127,26185.848993327978,47345.334351689206,30148.45765928318,0.0,25906.108140043503
2023-05-08,delhi_ncr,936000.0,38746.94045174538,41069.60830129124,0.0,0.0,-842.4000000000319,197606.33683616848,101112.1988763385,23740.474121465562,45028.349594924446,32154.495957400235,0.0,-32712.004139333807
2023-05-15,delhi_ncr,936000.0,40899.548254620124,46017.85311986354,0.0,0.0,-2864.1600000000585,183309.79958802206,108377.14696299724,23257.786597600134,48300.40346315624,32775.25643735502,0.0,20225.365576385644
2023-05-22,delhi_ncr,936000.0,43052.15605749487,51189.37739040241,0.0,0.0,898.5600000000258,181503.99234748958,114382.29814355582,25412.58392707447,41305.34402578758,30123.078188001356,0.0,28.60992019369589
2023-05-29,delhi_ncr,936000.0,45204.7638603696,56207.74889072425,0.0,0.0,-842.4000000000319,189359.91031674453,112919.33785412487,31869.873651201848,42013.06004047587,33320.888639312514,0.0,-66748.18325295327
2023-06-05,delhi_ncr,936000.0,47357.37166324435,60664.801332397714,0.0,0.0,2751.840000000009,175871.05229004368,108217.63322738312,29814.48552263054,37968.62916443683,32377.898818082533,0.0,106758.28798178109
2023-06-12,delhi_ncr,936000.0,49509.9794661191,64145.910404631,0.0,0.0,-280.7999999999691,179566.33580118293,102669.05354623256,27670.684340208776,40019.767467886646,31754.115395471526,0.0,17884.95357826757
2023-06-19,delhi_ncr,936000.0,51662.58726899384,66256.20535320127,0.0,140400.0,-6009.119999999962,172271.83542362048,107358.25996188076,26586.995588327165,45026.699891991535,31110.02863664028,0.0,52756.507875345036
2023-06-26,delhi_ncr,936000.0,53815.195071868584,66646.17012533644,0.0,0.0,3594.2399999999784,183232.68586579748,115821.35327582412,26065.887790609373,48621.20077889025,30936.855399979744,0.0,95599.41169169404
2023-07-03,delhi_ncr,936000.0,55967.80287474332,65035.11567399618,0.0,0.0,-2302.559999999996,181189.06188385058,112516.32994772294,26596.340549348526,44197.75489905816,35560.593309655414,0.0,-117102.439138375
2023-07-10,delhi_ncr,936000.0,58120.41067761807,61231.12081088737,0.0,0.0,1291.6799999999826,192631.35224033266,106998.0491105908,25751.30313383136,48024.32977006833,31986.764152133106,0.0,-79156.00989546166
2023-07-17,delhi_ncr,936000.0,60273.018480492814,55146.23644550083,0.0,0.0,-112.31999999998763,177225.77024165614,106821.69503464742,25669.236542164093,45848.94853240989,33099.50076428117,0.0,-2397.086041152211
2023-07-24,delhi_ncr,936000.0,62425.62628336756,46806.0158431102,0.0,0.0,16230.24000000002,179445.20921757974,106431.66664687028,28177.996122622208,41625.09024027455,30904.724500145046,0.0,899.4311460302856
2023-07-31,delhi_ncr,936000.0,64578.23408624229,36352.75630175491,0.0,0.0,-8367.839999999951,187609.5659434046,112693.41851142033,30066.813728510715,41616.59114227025,32867.20680372067,0.0,-15949.746517323612
2023-08-07,delhi_ncr,936000.0,66730.84188911704,24042.19682491822,0.0,0.0,2190.240000000008,188506.30023299064,106631.0977642614,29715.730005812657,44328.73213602697,32420.76444806506,0.0,12786.096698808326
2023-08-14,delhi_ncr,936000.0,68883.44969199179,10233.791275945992,0.0,0.0,505.4400000000067,194124.1927774184,114978.55230607808,29074.53036272365,45831.20717402229,30945.1305853058,0.0,55418.705826513986
2023-08-21,delhi_ncr,936000.0,71036.05749486652,-4624.954457157523,0.0,0.0,-6009.119999999962,185071.41914381288,107903.16978246343,30780.753973508206,45581.26459801791,29255.43605749381,0.0,45964.97340699459
2023-08-28,delhi_ncr,936000.0,73188.66529774126,-20019.250857751016,0.0,0.0,-6795.36,183032.6301212508,107727.61594579586,29726.012623932027,45834.029279765105,31424.455847502308,0.0,-24573.798258236475
2023-09-04,delhi_ncr,936000.0,75341.27310061602,-35391.77327512239,0.0,0.0,3144.960000000028,187933.23358729217,98173.47076331743,33295.13979978786,40883.14932174149,33514.85987134617,0.0,-39363.31316897887
2023-09-11,delhi_ncr,936000.0,77493.88090349076,-50170.03392308119,0.0,140400.0,-6289.920000000056,173830.9745299419,105179.78932114154,31973.323902289216,36551.436021852205,31257.125719744272,0.0,69833.42352462136
2023-09-18,delhi_ncr,936000.0,79646.4887063655,-63794.86691848867,0.0,0.0,2077.9200000000205,195472.84372818517,104455.18622187163,31265.84572924082,36191.17382674174,33282.79386629896,0.0,-129181.38516021507
2023-09-25,delhi_ncr,936000.0,81799.09650924025,-75748.4482055767,0.0,0.0,-7356.959999999938,201456.51749206678,106900.89326130152,34240.287375734,48335.47632063476,37421.00303161129,0.0,552.1342149881643
2023-10-02,delhi_ncr,936000.0,83951.70431211499,-85580.29465838874,234000.0,0.0,6289.919999999993,208421.5837046192,120949.51215823389,31811.877962144055,51472.26792166894,38206.538316875296,67040.85444583166,6007.035836900731
2023-10-09,delhi_ncr,936000.0,86104.31211498973,-92929.79800479654,0.0,0.0,-3538.0799999999845,271208.7568686929,113291.06528783948,28757.496053839648,56431.1515224136,39348.22770372116,129675.61933372499,-3505.750880424957
2023-10-16,delhi_ncr,936000.0,88256.91991786448,-97544.04312063748,0.0,0.0,-8480.15999999994,271288.48181283736,104188.20656212363,37460.80630297221,56952.260180249556,38580.20481364517,154506.79300546355,-10177.469474518619
2023-10-23,delhi_ncr,936000.0,90409.5277207392,-99289.92559763415,0.0,0.0,842.3999999999696,261282.15506197716,103607.8705734664,36277.68409796862,54474.310141414826,37330.01702916162,170876.99406484741,-43440.033091941186
2023-10-30,delhi_ncr,936000.0,92562.13552361395,-98159.90507629533,0.0,0.0,-56.159999999993815,257515.16498458048,106284.44578410259,42700.28499073658,58872.90985934359,37210.84390210848,181745.0556103585,-81027.775578549
2023-11-06,delhi_ncr,936000.0,94714.7433264887,-94271.09020066033,327600.0,0.0,4885.920000000023,268223.7100224146,117182.62396301777,43787.48482715556,58175.56176629511,40487.1263583322,208604.75352844814,24423.166408508696
2023-11-13,delhi_ncr,936000.0,96867.35112936345,-87857.72756818033,0.0,0.0,7974.719999999995,247784.0187602127,102645.38179639992,48533.238146164134,54098.99177737062,40244.67199756994,156505.21138668607,23807.14257441322
2023-11-20,delhi_ncr,936000.0,99019.9589322382,-79257.53910376453,0.0,0.0,-6289.920000000056,235464.14599004912,112997.49264236282,51731.589428870015,61098.037769690694,38209.035694546415,109716.99041858799,146.20822741954635
2023-11-27,delhi_ncr,936000.0,101172.56673511294,-68892.69853218204,0.0,0.0,561.6000000000005,222972.84091453644,104731.76102703495,55519.01727294813,58133.65606456219,39889.82296397478,72638.1895828347,301.243971177799
2023-12-04,delhi_ncr,936000.0,103325.17453798768,-57246.53819981467,0.0,140400.0,3425.7599999999966,222376.48654359538,102068.92167386624,49845.34179449957,55762.615029433844,38511.43182298103,46059.87300106969,-25501.066203618735
2023-12-11,delhi_ncr,936000.0,105477.78234086242,-44837.31518388268,0.0,0.0,842.3999999999696,210179.46604722593,108833.39556801165,47151.709313716936,50486.96845503209,37002.07745665333,28348.669339958007,-22882.153337577667
2023-12-18,delhi_ncr,936000.0,107630.39014373717,-32190.52683203365,0.0,0.0,2471.039999999977,214790.15383560638,109440.1459847966,45048.97014601238,53140.168870464244,35677.03250889477,17112.914392547966,-55010.289050025756
2023-12-25,delhi_ncr,936000.0,109782.9979466119,-19811.341416297324,0.0,0.0,-6289.920000000056,210952.9335865522,115492.72802829507,46122.224838865724,49738.03837494205,36159.402578139016,9409.789306765419,42848.14675612605
2024-01-01,delhi_ncr,936000.0,111935.60574948664,-7761.105698744133,93600.0,140400.0,-17128.799999999985,207369.3139794869,113789.79900023057,48438.68744286466,46111.01607855614,32000.098832009975,4850.012979449448,-4767.628363340459
2024-01-08,delhi_ncr,936000.0,114088.2135523614,2729.0515854710643,0.0,0.0,-30438.720000000016,191974.61045616106,106064.262644712,42265.94449273833,47419.76891516824,33681.787401430236,2381.9782358172733,-19199.897283859584
2024-01-15,delhi_ncr,936000.0,116240.82135523614,11791.266201311653,0.0,0.0,-20835.35999999995,214917.71250278605,108408.20413629533,39072.872016854424,46018.4259111704,32852.47625130929,1026.9523756824224,25103.629249354104
2024-01-22,delhi_ncr,936000.0,118393.42915811088,19227.27488403115,0.0,140400.0,-33415.20000000006,203040.1355202333,111480.60868850005,35388.82485985761,48479.3321415209,35494.668322211226,331.09497915368524,-52713.168553618714
2024-01-29,delhi_ncr,936000.0,120546.03696098563,24946.375771756433,0.0,0.0,-19599.83999999996,207915.1875273902,117750.66264828182,32148.81758591708,50008.692655507766,34739.706727500234,0.0,21582.360122660622
2024-02-05,delhi_ncr,936000.0,122698.64476386037,28965.76122573202,0.0,140400.0,-27181.44,196880.95004310086,114425.06592568678,31307.41227963232,46156.88628142102,33605.339679293706,0.0,61510.37980127257
2024-02-12,delhi_ncr,936000.0,124851.25256673511,31404.495532271958,0.0,0.0,-30101.760000000053,211561.29987600358,116192.30012953618,29764.486670834915,40769.69905413382,32509.926122515088,0.0,-61428.69995203022
2024-02-19,delhi_ncr,936000.0,127003.86036960986,32471.557947782854,0.0,0.0,-15219.359999999944,195806.49462278443,105143.6154907346,26980.80720648723,48342.75270650914,35086.592174507874,0.0,-50299.32051841603
2024-02-26,delhi_ncr,936000.0,129156.46817248459,32448.714892784334,0.0,140400.0,-20947.680000000062,195147.0467179336,119383.49314009384,29039.83938657422,51596.0159776619,31840.76104279734,0.0,11838.34066967067
2024-03-04,delhi_ncr,936000.0,131309.07597535933,31669.283291180647,0.0,0.0,-23924.159999999985,199415.7069191211,105163.66400996697,30541.10110343555,49988.43550121263,32246.79502085564,0.0,-3041.901821132136
2024-03-11,delhi_ncr,936000.0,133461.6837782341,30494.082879244885,0.0,0.0,-17915.040000000023,220298.61776771292,106841.26901035052,33920.74828101323,43677.383550968916,33687.46687662335,0.0,24787.787855852217
2024-03-18,delhi_ncr,936000.0,135614.29158110882,29286.035181986583,0.0,0.0,-26339.039999999968,226872.40795085573,101403.98604045853,37536.6996221569,42973.26397982421,31258.828854374606,0.0,-48542.47321076521
2024-03-25,delhi_ncr,936000.0,137766.89938398357,28384.94157922379,0.0,0.0,-16454.88000000006,205288.27455101852,103978.78770712165,37679.27778346823,39723.56552554945,33764.6176100463,0.0,28891.515859588493
2024-04-01,delhi_ncr,936000.0,139919.5071868583,28083.95819568964,0.0,0.0,-26058.239999999998,209722.2677390826,115828.82086719939,38712.903043045495,50663.98265181726,32732.065647109335,0.0,-51537.26533080212
2024-04-08,delhi_ncr,936000.0,142072.11498973303,28609.182159693104,0.0,0.0,-21116.160000000044,200957.0792832681,113491.39870923043,33039.291255185955,48764.752442230936,37753.42138771633,0.0,44310.91977294217
2024-04-15,delhi_ncr,936000.0,144224.7227926078,30103.57811545064,0.0,0.0,-18083.520000000004,205760.49570810306,110800.32608752698,31687.955048815427,50470.538216831206,34642.977649223234,0.0,44299.9263814417
2024-04-22,delhi_ncr,936000.0,146377.33059548252,32616.216549568613,0.0,0.0,-25047.359999999986,193200.20970738417,106420.44044089154,28020.463503103005,48979.5414531149,34364.72547735557,0.0,-10682.56772690038
2024-04-29,delhi_ncr,936000.0,148529.93839835728,36097.48145384704,0.0,140400.0,-27012.960000000017,203768.64463166488,116543.35647558513,31520.187483074784,49520.12639672264,35383.43501342422,0.0,48299.79014732388
2024-05-06,delhi_ncr,936000.0,150682.54620123203,40400.552328926824,0.0,140400.0,-27237.59999999999,199549.68586456776,118675.7110286045,33845.35817828935,49200.66714793662,32201.855323868465,0.0,20453.223926574363
2024-05-13,delhi_ncr,936000.0,152835.1540041068,45289.094999335626,0.0,0.0,-18532.799999999956,199150.01812289882,113913.27108063932,33950.01298493106,51836.84035416988,35185.32907689779,0.0,36983.07937702069
2024-05-20,delhi_ncr,936000.0,154987.76180698152,50450.72866910904,0.0,0.0,-18195.839999999993,202776.09896399255,113875.48691107797,36633.39592468174,44835.38480734819,33893.6157651404,0.0,-78544.63284833169
2024-05-27,delhi_ncr,936000.0,157140.36960985625,55515.494409872226,0.0,0.0,-23137.919999999947,209424.89386374305,116042.75718689576,34833.43675427929,45861.64337731036,33067.50219332956,0.0,-11228.17739528653
2024-06-03,delhi_ncr,936000.0,159292.977412731,60078.25272223201,0.0,140400.0,-8592.48000000005,202529.46165596673,124581.47555068429,33454.697570145465,44117.65893322993,33852.58671241768,0.0,71256.369442593
2024-06-10,delhi_ncr,936000.0,161445.58521560574,63723.70224989428,0.0,0.0,-23081.75999999995,199468.3021544389,113925.39582002883,36139.95020106836,49179.793858098485,35718.23317658282,0.0,26125.79732428251
2024-06-17,delhi_ncr,936000.0,163598.1930184805,66052.55187800023,0.0,0.0,-19150.560000000012,201554.3805897729,115300.83191608018,36686.52455143889,44442.858812179235,35580.249629663354,0.0,-2803.030395615004
2024-06-24,delhi_ncr,936000.0,165750.80082135522,66707.3036632287,0.0,0.0,-32179.679999999946,204480.51301924617,113796.33581958912,40070.129950847404,45168.65215622306,33696.050166306304,0.0,74632.89440320396
2024-07-01,delhi_ncr,936000.0,167903.40862422998,65396.11875875323,0.0,0.0,-21509.28,214107.340222334,115316.01772289604,35976.61144802637,45225.97024091503,32586.08537444817,0.0,-3123.2723916027267
2024-07-08,delhi_ncr,936000.0,170056.0164271047,61913.34197498029,0.0,0.0,-23137.919999999947,223126.0538062023,111738.3334998902,34957.674844018584,44943.90100572669,30627.751005362843,0.0,51210.84743671395
2024-07-15,delhi_ncr,936000.0,172208.62422997947,56155.446988164615,0.0,0.0,-31505.76000000002,215492.73543628425,116086.0742720388,37764.91155366857,42859.7672132779,34265.32511239902,0.0,27683.875194187312
2024-07-22,delhi_ncr,936000.0,174361.2320328542,48131.42281001946,0.0,140400.0,-25271.99999999996,202295.91600207752,110393.47342780248,38004.8960532254,42665.52837399863,34899.543961790754,0.0,36216.9873382314
2024-07-29,delhi_ncr,936000.0,176513.83983572896,37966.93811846526,0.0,140400.0,-25496.64000000006,206767.79703515512,122317.54496001411,36653.3979931923,45706.09458129468,35557.69151022524,0.0,-75988.6640340754
2024-08-05,delhi_ncr,936000.0,178666.44763860368,25901.97525407361,0.0,0.0,-22351.680000000033,214486.64833588558,115209.61682976759,34699.04412838984,42259.93192032466,30654.801506195618,0.0,-9676.785613240514
2024-08-12,delhi_ncr,936000.0,180819.0554414784,12281.999662879902,0.0,0.0,-13646.879999999994,224119.74784292502,113863.3520461245,33588.21091864391,40224.72596852649,31818.90991404685,0.0,67115.87820537506
2024-08-19,delhi_ncr,936000.0,182971.66324435317,-2456.8982293822605,0.0,0.0,-23081.75999999995,235193.8353443006,108976.64615092754,35268.267260497414,45739.86229213819,36498.801343232764,0.0,-17129.417406067565
2024-08-26,delhi_ncr,936000.0,185124.2710472279,-17808.104692228848,0.0,0.0,-20217.600000000017,226304.38018721755,113182.01750069199,36111.10464909807,49256.869376565104,35785.1530135803,0.0,-10561.091082152156
2024-09-02,delhi_ncr,936000.0,187276.87885010266,-33218.74104927836,0.0,0.0,-28473.11999999998,230068.43629131044,110316.57540203606,39570.192697072955,50509.700468903095,37999.86937595634,0.0,39521.20796389679
2024-09-09,delhi_ncr,936000.0,189429.4866529774,-48116.75068157504,0.0,0.0,-16567.200000000044,208584.16304380473,112471.82665295404,43829.97978562942,43849.70288801685,36379.27175206443,0.0,39644.51990612833
2024-09-16,delhi_ncr,936000.0,191582.09445585217,-61939.32107240977,0.0,0.0,-20105.28000000003,208477.652685686,113248.21880223404,45051.99841249051,63635.03793988846,33980.617433235704,0.0,-1533.0186569769135
2024-09-23,delhi_ncr,936000.0,193734.7022587269,-74161.06692744323,234000.0,140400.0,-28192.320000000014,243374.70948739027,129305.58166122001,46094.328986850305,59361.7314681989,39504.09755666159,100655.47398737262,37761.7615210231
2024-09-30,delhi_ncr,936000.0,195887.31006160163,-84320.40992752927,0.0,0.0,-11849.759999999942,251954.44849095715,110600.70968438566,53808.01122871712,53011.20714944668,40433.42652366352,159349.4712063878,76065.58558236941
2024-10-07,delhi_ncr,936000.0,198039.9178644764,-92042.68959414265,0.0,0.0,-15050.879999999963,243397.92969919954,109974.6321292705,50661.672119650066,50218.37798423706,41626.26356490337,195022.30874466436,-36622.53251225874
2024-10-14,delhi_ncr,936000.0,200192.52566735112,-97058.72243366831,0.0,140400.0,-18982.08000000003,259848.03655486123,119549.41590276203,51950.85091860358,57613.34911222718,42266.298522935525,200145.90572066416,100835.42003426378
2024-10-21,delhi_ncr,936000.0,202345.13347022588,-99217.78251902186,0.0,0.0,-24261.119999999948,247315.95824769142,119835.9490269918,49120.72872945621,53002.89618955125,40194.39621810452,208864.50011476572,-29042.659477764915
2024-10-28,delhi_ncr,936000.0,204497.7412731006,-98494.29128654664,327600.0,140400.0,-18757.440000000053,256716.01467866809,130344.75583938186,47889.5496979103,59098.56348033156,38510.27440148072,218811.57919580472,29189.252719868942
2024-11-04,delhi_ncr,936000.0,206650.34907597536,-94987.85951957539,0.0,0.0,-23362.560000000045,270080.0563754951,122698.58861841667,50143.511243118985,57858.825275868636,38489.68253539695,166451.61193804347,123526.79445726043
2024-11-11,delhi_ncr,936000.0,208802.9568788501,-88916.69986994732,0.0,0.0,-19824.48000000006,259322.6488175588,109819.70293328197,56545.881853373394,58860.47978329914,40302.30412237016,118169.40962020183,-39299.20413898827
2024-11-18,delhi_ncr,936000.0,210955.56468172485,-80604.80228854094,0.0,0.0,-28416.95999999999,268807.5098178727,107707.72543560473,58566.76597985808,62007.4172468073,39565.82122314864,79028.20882721321,25883.749076311193
2024-11-25,delhi_ncr,936000.0,213108.17248459958,-70463.61593179876,0.0,0.0,-23924.159999999985,264221.9191540739,111862.49008870713,51577.33035682651,60343.107825744715,37048.11928540644,50479.05522600622,41404.5815104341
2024-12-02,delhi_ncr,936000.0,215260.78028747434,-58969.28933952031,0.0,0.0,-28192.320000000014,259313.1543684622,119145.66369456747,50048.3059859086,59896.230524678605,34881.92000631436,31221.04333571767,14721.511136396997
2024-12-09,delhi_ncr,936000.0,217413.38809034906,-46636.76827696761,0.0,0.0,-28529.279999999977,238717.0364589316,117382.41555473146,48092.69981794359,53273.208164833835,32923.453673358046,18905.71011876147,-70488.86360194146
2024-12-16,delhi_ncr,936000.0,219565.9958932238,-33992.22343713671,0.0,140400.0,-32404.320000000047,221087.91015887173,125735.86648980483,45438.59974477075,52769.86871135889,34731.25261712001,10145.46003087839,17653.589791108585
2024-12-23,delhi_ncr,936000.0,221718.60369609855,-21545.368356741892,0.0,0.0,-36167.04000000001,236171.3650528565,119787.74701435152,44611.21940530361,50045.47401082527,37365.502139994365,5175.627893250216,8443.869144061859
2024-12-30,delhi_ncr,936000.0,223871.21149897328,-9763.22644285878,93600.0,0.0,-20442.239999999994,235916.47020003133,113066.84705903905,42061.74747683997,55010.138070893896,35739.161100437006,2363.198177762443,17386.692858882187
2025-01-06,delhi_ncr,936000.0,226023.81930184804,-133.7049133489453,0.0,0.0,-46949.759999999944,230037.71584663328,107663.4150032699,53881.174242111556,48333.41515812902,36842.70822288285,998.6950870419896,-51443.477948567815
2025-01-13,delhi_ncr,936000.0,228176.4271047228,9361.313753158807,0.0,0.0,-48016.79999999995,218426.9806220545,111661.04449847326,47892.07525592358,51156.873406543826,37090.96313583237,278.1772937161166,-1906.0550704254567
2025-01-20,delhi_ncr,936000.0,230329.03490759752,17275.97345986949,0.0,0.0,-38918.879999999954,201527.09382572395,116973.7186965634,42649.94953469588,52815.70929314946,34566.35813469329,0.0,62983.04214770697
2025-01-27,delhi_ncr,936000.0,232481.64271047228,23488.524122311323,0.0,0.0,-44815.68000000005,235487.4419149544,109902.40938631173,41827.974162694474,53625.06427193633,34956.46466456185,0.0,-1706.8412332424468
2025-02-03,delhi_ncr,936000.0,234634.250513347,27985.67256223956,0.0,0.0,-49308.480000000054,200676.32008144344,118193.4439105636,39107.11758811324,58887.17991426607,37763.897918330564,0.0,26363.597511696342
2025-02-10,delhi_ncr,936000.0,236786.85831622177,30858.34888039177,0.0,0.0,-36447.839999999975,205370.18461134622,117848.42941053574,45273.00430491031,52340.9592821861,36448.2209867499,0.0,9320.834207658208
2025-02-17,delhi_ncr,936000.0,238939.4661190965,32291.381508890914,0.0,0.0,-52846.56000000004,226990.4461791796,115963.68542225938,40500.059615789985,56366.01546522775,34793.70123741776,0.0,38290.80445213824
2025-02-24,delhi_ncr,936000.0,241092.07392197126,32547.750430967266,0.0,140400.0,-41052.95999999997,229771.9158565567,127276.69392640458,40880.84529695784,53053.46284822393,32223.133483994894,0.0,35499.08423492346
2025-03-03,delhi_ncr,936000.0,243244.68172484596,31948.4010379243,0.0,0.0,-44366.39999999998,214448.15193685287,117282.08709544747,39148.520378825975,50565.13172375892,33286.21860366396,0.0,37573.20749868027
2025-03-10,delhi_ncr,936000.0,245397.28952772074,30848.856301038584,0.0,0.0,-49476.960000000036,204043.72866993982,108876.55131639329,37319.96972563766,54649.50118670634,36136.90460978903,0.0,28754.158662774258
2025-03-17,delhi_ncr,936000.0,247549.89733059544,29614.04765349077,0.0,0.0,-47342.88000000003,192490.84490659385,112874.07535827106,40050.036520496586,54554.29575252934,34439.128006251936,0.0,-26665.44552822882
2025-03-24,delhi_ncr,936000.0,249702.50513347023,28592.88468804483,0.0,0.0,-31337.28000000004,211733.54956001884,117104.30794941496,41713.569905838376,50358.17196581481,37588.33583774207,0.0,-16343.045040344285
2025-03-31,delhi_ncr,936000.0,251855.11293634493,28094.094769616255,0.0,0.0,-35100.0,210680.2969746365,123733.80705854074,42024.682599006606,50463.34450506251,34852.123857243896,0.0,32535.537299548396
2025-04-07,delhi_ncr,936000.0,254007.72073921972,28364.785362667582,0.0,0.0,-43243.199999999975,213473.9625728929,113555.48849102325,41439.839989624554,49684.90953287023,35303.25716899199,0.0,6424.236142709921
2025-04-14,delhi_ncr,936000.0,256160.32854209447,29573.018873453813,0.0,0.0,-49870.079999999994,200679.53021165726,114080.58511754988,38011.827459612716,43525.72762367907,34469.29979565766,0.0,36550.76237629548
2025-04-21,delhi_ncr,936000.0,258312.93634496917,31795.451599658867,0.0,0.0,-42625.440000000046,239111.00100352784,116381.12579109317,39477.43212906675,51190.15761828879,36660.954727798235,0.0,20883.380785597306
2025-04-28,delhi_ncr,936000.0,260465.54414784396,35010.788810127095,0.0,0.0,-36953.28000000004,220055.96919363877,120655.03053335735,41122.56377496411,66359.73650780028,33313.5911378837,0.0,46610.05589438481
2025-05-05,delhi_ncr,936000.0,262618.15195071866,39099.464441924036,0.0,0.0,-48129.12000000006,233081.5273949167,116187.90710240115,46039.85810164051,59677.993329133744,32599.27935029849,0.0,-16564.061671033152
2025-05-12,delhi_ncr,936000.0,264770.7597535934,43849.58634340534,0.0,0.0,-34538.40000000006,216927.54178164975,119165.84760501068,48295.86528904695,57896.18893384971,37385.954495351914,0.0,40036.655798092215
2025-05-19,delhi_ncr,936000.0,266923.3675564682,48968.81774597002,0.0,140400.0,-50150.87999999996,206427.26443271255,118101.39429565835,49725.79327178781,50696.495983172004,35036.26588949581,0.0,-3960.5191752648525
2025-05-26,delhi_ncr,936000.0,269075.97535934293,54101.51420918126,0.0,0.0,-42007.679999999986,213071.05653466692,108985.23226215964,50410.51642840974,46013.16920133754,34704.08479746038,0.0,102423.13120744118
2025-06-02,delhi_ncr,936000.0,271228.58316221763,58850.12306670424,0.0,0.0,-42007.679999999986,210673.97348698496,116782.42970351675,45634.17711652634,41909.49359399315,36597.09757978888,0.0,-30573.197709732016
2025-06-09,delhi_ncr,936000.0,273381.1909650924,62799.5975539743,0.0,0.0,-47567.52,224692.47427019497,111151.73604976486,47257.91934810611,44873.392032905074,35588.87322847468,0.0,-45459.663448512096
2025-06-16,delhi_ncr,936000.0,275533.79876796715,65543.39516030495,0.0,140400.0,-45658.07999999996,223968.0162249608,128537.46330699959,45028.897243863415,48942.45973595115,34030.322727013314,0.0,51485.72683293979
2025-06-23,delhi_ncr,936000.0,277686.4065708419,66709.52998531189,0.0,0.0,-41333.76000000006,251271.01611669187,121541.69358429745,53633.11537111064,58945.38852813324,36886.13451482433,0.0,-14486.524671211582
2025-06-30,delhi_ncr,936000.0,279839.0143737166,65985.13787098737,0.0,0.0,-39255.84000000004,227430.422950924,126956.34555030624,50277.740873210954,49974.99499037895,32874.413407395434,0.0,-23497.23001691926
2025-07-07,delhi_ncr,936000.0,281991.62217659137,63138.09157621841,0.0,0.0,-49870.079999999994,222770.46952146376,121191.03014843065,47339.02230049688,48466.00435380693,35748.835761853894,0.0,19970.004161138157
2025-07-14,delhi_ncr,936000.0,284144.22997946606,58034.36683558972,0.0,0.0,-40659.84000000001,233108.79826283123,123874.78527392373,43994.59132769605,55467.11656568822,34178.51279619856,0.0,30011.43895860621
2025-07-21,delhi_ncr,936000.0,286296.8377823409,50650.09945423084,0.0,0.0,-49926.23999999999,206774.61518623473,115638.32835713605,46510.38438859575,57598.66207790163,34983.01342843642,0.0,-63383.70067487644
2025-07-28,delhi_ncr,936000.0,288449.4455852156,41077.574908241666,0.0,0.0,-48353.76000000004,224063.6187087344,114737.9270322501,45396.025410468894,50231.42255441623,38027.194300925396,0.0,75712.55149974755
2025-08-04,delhi_ncr,936000.0,290602.05338809034,29524.737927618477,0.0,0.0,-40210.56000000006,216822.86346623226,118093.4053110058,47989.80429727031,53546.649890330395,35703.59870758082,0.0,9335.447011871838
2025-08-11,delhi_ncr,936000.0,292754.66119096504,16308.18032470303,0.0,0.0,-48016.79999999995,216937.4207804643,116290.8773502323,49169.083629098895,53237.05922390745,34695.27479138008,0.0,-21090.757290751153
2025-08-18,delhi_ncr,936000.0,294907.26899383985,1839.939540822374,0.0,0.0,-34426.07999999995,200100.8217065215,109376.02586133813,49464.93003663066,53259.60234248757,33328.08355739976,0.0,-5833.592039040113
2025-08-25,delhi_ncr,936000.0,297059.87679671455,-13391.20355050296,0.0,140400.0,-48241.440000000046,210777.96676834446,117686.41760815459,53100.73096758128,56397.035636229164,32898.50408684869,0.0,-17320.88831336991
2025-09-01,delhi_ncr,936000.0,299212.4845995893,-28842.921658963172,0.0,0.0,-49982.39999999998,235160.36164053276,122245.85556556137,45969.18153830787,55447.0796586911,36582.09653588854,0.0,-21048.73787960785
2025-09-08,delhi_ncr,936000.0,301365.09240246407,-43945.76659762952,0.0,0.0,-48971.51999999997,246117.90746097494,129347.44013837472,49990.55378588045,56281.64836336471,37352.345144702165,0.0,-81943.70069813139
2025-09-15,delhi_ncr,936000.0,303517.70020533877,-58131.36864605006,0.0,0.0,-47455.20000000001,256814.76050562126,122670.7923763203,54645.53237580889,58342.81258044793,42477.74555257359,82249.04149023572,-76679.81644029633
2025-09-22,delhi_ncr,936000.0,305670.3080082136,-70860.849688022,234000.0,0.0,-42681.600000000035,273058.6893790812,141562.3418975262,53542.91541043203,59988.91823678374,39476.55182329586,137871.49952587823,-45181.77459318888
2025-09-29,delhi_ncr,936000.0,307822.9158110883,-81651.87371886669,0.0,0.0,-51835.68000000003,278323.829646295,127287.32516828406,56675.60118512962,65633.98561349096,41950.25787932624,180782.38325593513,7825.255159317391
2025-10-06,delhi_ncr,936000.0,309975.52361396304,-90102.8320504781,0.0,0.0,-50993.28,311852.6265143678,124253.08409963435,56038.73599355828,69638.67726139678,40339.00255420567,207585.2225696571,52841.23944369522
2025-10-13,delhi_ncr,936000.0,312128.13141683774,-95912.82016148143,0.0,0.0,-51779.52000000003,298539.62734132074,113658.21624542536,54444.25954564609,69348.23317074923,41019.26337815054,228213.61281517267,-17720.003751820936
2025-10-20,delhi_ncr,936000.0,314280.7392197125,-98896.29951469431,327600.0,0.0,-48185.28000000006,281083.672111857,134719.58295366715,55891.19772210314,69719.37790210731,41575.53769259164,242502.60773945344,-31392.135826797676
2025-10-27,delhi_ncr,936000.0,316433.34702258726,-98991.63724555053,0.0,0.0,-42119.99999999998,287028.58397494233,119495.40854802258,58012.74102065434,66601.89128421244,39656.09499732066,190642.88662842472,10491.68376938629
2025-11-03,delhi_ncr,936000.0,318585.954825462,-96263.0622254302,0.0,0.0,-47399.040000000015,299204.92332712066,128254.02924132282,64556.23143334523,69033.35539987074,41549.33002035312,139650.1680280167,-27499.89005006103
2025-11-10,delhi_ncr,936000.0,320738.5626283367,-90895.9477871031,0.0,0.0,-47679.83999999999,295654.4669683825,119922.69371887097,61185.717386804405,67171.43331665904,39797.318799355984,95866.83006945888,20121.764899234757
2025-11-17,delhi_ncr,936000.0,322891.1704312115,-83185.70802518101,0.0,0.0,-46332.00000000001,276690.994995577,113606.93094003331,60267.37449200587,63400.31254448445,39328.415014648985,62440.599237009395,-31738.08962978978
2025-11-24,delhi_ncr,936000.0,325043.77823408623,-73520.95443738044,0.0,0.0,-50712.480000000025,269974.42220832675,112757.0457641366,68291.67339824796,59329.59835123772,38850.77175156833,39139.13528550785,-41616.990555731325
2025-12-01,delhi_ncr,936000.0,327196.386036961,-62361.882108537124,0.0,140400.0,-47679.83999999999,253553.42912596776,118346.54871832546,62176.850439269925,59585.98449971209,36458.094858433506,23906.284918980942,-22278.856489113616
2025-12-08,delhi_ncr,936000.0,329348.9938398357,-50215.12117566012,0.0,0.0,-45714.239999999954,240328.31328563803,120896.23999163636,55930.00638920122,59905.540555826956,35865.87174898987,13323.843449666678,-20993.44808513484
2025-12-15,delhi_ncr,936000.0,331501.60164271045,-37606.48469180992,0.0,0.0,-48690.72,233763.4415558105,122015.91139822513,50561.807632790915,58756.225032116396,34711.74315462185,7123.065126345683,26515.40914918877
2025-12-22,delhi_ncr,936000.0,333654.2094455852,-25053.157076961023,0.0,0.0,-45882.72000000006,260286.55011452362,121517.87209508457,51453.918353887224,51203.39134340923,39177.13425639423,3460.5118708215336,51710.289597255534
2023-01-02,karnataka,726000.0000000001,0.0,-4797.647763133338,0.0,0.0,-696.96000000002,116206.84773609944,111604.7562888282,11762.250152145984,15550.355811625233,15199.14669467303,0.0,47499.251079761256
2023-01-09,karnataka,726000.0000000001,1669.6509240246407,3193.189964032716,0.0,0.0,174.23999999998082,113319.02097073851,131080.4482120821,17933.63742947865,25629.114913461886,17972.81620254786,0.0,-37881.118616366504
2023-01-16,karnataka,726000.0000000001,3339.3018480492815,10049.525371033198,0.0,0.0,4486.67999999999,140504.33106478216,113961.27965784809,24056.702454529204,27329.667554392407,18072.128969360605,0.0,-46229.61691999505
2023-01-23,karnataka,726000.0000000001,5008.9527720739225,15629.290250307216,0.0,0.0,43.559999999995206,140114.70993359337,119120.07693687157,22436.291516449342,28291.585894372154,16544.677905229113,0.0,12963.854791103444
2023-01-30,karnataka,726000.0000000001,6678.603696098563,19874.188778486438,0.0,0.0,1655.2800000000113,141671.63827084954,116642.77446001889,21602.858196415073,26365.17942368869,18000.203146127544,0.0,-85755.72597168498
2023-02-06,karnataka,726000.0000000001,8348.254620123203,22809.24224022197,0.0,0.0,-1742.4000000000017,147639.13067116862,105789.37244116672,24144.127411156947,24491.016233604932,17540.287755481448,0.0,-31205.03137292388
2023-02-13,karnataka,726000.0000000001,10017.905544147845,24537.433826109034,0.0,108900.00000000001,-8363.520000000048,137194.8319265625,135073.70447155024,27110.73305085619,24625.90147146335,16575.703948892966,34108.11208378259,-39888.80632336486
2023-02-20,karnataka,726000.0000000001,11687.556468172486,25229.819254461137,0.0,0.0,6359.7599999999775,142094.05272168826,125684.6697438017,35733.339496700115,21129.687510566873,15889.426405371309,66901.85139563534,-60562.162996397456
2023-02-27,karnataka,726000.0000000001,13357.207392197126,25111.731178884307,0.0,0.0,-479.160000000044,150528.1602441087,124956.67408327386,30504.4668233131,29188.483681504156,18800.35853810416,84956.47400187989,38455.604056734555
2023-03-06,karnataka,726000.0000000001,15026.85831622177,24445.930481618645,0.0,0.0,-2831.3999999999787,139276.37519446088,111916.42041933723,30385.734316049617,32893.80173965945,18097.328608786363,96344.62463725967,-4847.673713393634
2023-03-13,karnataka,726000.0000000001,16696.509240246407,23513.732626043246,0.0,0.0,6795.359999999978,139823.5391160936,130301.25889728473,34161.91082529415,35037.81789546936,19524.425995282247,103236.33539094994,-6647.889986663737
2023-03-20,karnataka,726000.0000000001,18366.16016427105,22595.252161877703,145200.00000000003,108900.00000000001,-348.47999999996165,145462.9656797639,145005.5183835642,32003.972863039264,33637.02604139818,21690.545581141716,111148.72309094219,82304.31603400153
2023-03-27,karnataka,726000.0000000001,20035.81108829569,21949.956638544718,0.0,0.0,-6664.68000000004,160125.53956307875,133795.68451044837,32288.810996980807,35299.90345579319,20427.32403674048,87228.15055485949,-11301.500844741618
2023-04-03,karnataka,726000.0000000001,21705.46201232033,21798.699845594336,0.0,0.0,3049.200000000003,154073.450636736,126288.8607842811,34383.54969783375,33467.42236436698,17586.43112900774,63788.054420300956,-3907.1308904413377
2023-04-10,karnataka,726000.0000000001,23375.112936344973,22308.31474596034,0.0,108900.00000000001,4399.5599999999995,143364.57247864566,125830.51750808202,35078.62104544448,40022.58896756827,17656.98166158397,43725.36635088693,-45854.635694516546
2023-04-17,karnataka,726000.0000000001,25044.763860369614,23579.69392755216,0.0,0.0,3702.5999999999794,134433.95345628134,128605.14293277092,34441.64649439491,35931.85625882457,18667.134051459343,28447.863802163465,65984.3452161837
2023-04-24,karnataka,726000.0000000001,26714.414784394252,25640.078745482995,0.0,0.0,-7013.160000000003,143470.91925271045,121852.26724901579,32732.832861872575,30843.71045559947,18160.57950831257,17817.95243762141,99007.40470499072
2023-05-01,karnataka,726000.0000000001,28384.065708418893,28440.029566839825,0.0,0.0,827.6400000000057,145132.71726256417,128923.31213352126,29456.873472575546,28259.142798307243,18236.683921125627,10877.751385192643,15458.783751454404
2023-05-08,karnataka,726000.0000000001,30053.71663244354,31855.273105488726,0.0,0.0,-2439.360000000022,146633.81957915064,132698.6643316368,29529.065565036784,24586.592289366716,19350.594256494875,6095.8395298490495,-6701.20528946758
2023-05-15,karnataka,726000.0000000001,31723.367556468176,35693.334791689034,0.0,0.0,-4181.760000000024,157415.728234005,121389.41144732643,27067.098141345952,24280.123006429032,18119.33374702535,3198.7299640536244,990.6331116570419
2023-05-22,karnataka,726000.0000000001,33393.018480492814,39704.58118101726,0.0,0.0,-10018.799999999961,141929.51974277094,137552.27671177842,25711.71202500587,27733.50765501702,18039.655464092015,1550.4897370600866,3933.039002765142
2023-05-29,karnataka,726000.0000000001,35062.66940451746,43597.03599857459,0.0,0.0,7840.800000000008,144599.32530267275,120744.86961316627,24053.617303859086,31416.099845845463,17338.63879449661,642.7704332888164,-3456.8266964211
2023-06-05,karnataka,726000.0000000001,36732.3203285421,47054.10872577003,0.0,108900.00000000001,-392.0399999999569,146423.0946823744,144088.1437095044,23197.77254956008,29767.904918356635,17520.48560132107,186.0796326842157,-20086.87014811317
2023-06-12,karnataka,726000.0000000001,38401.97125256674,49754.19973692534,0.0,0.0,87.11999999999041,140267.10862023183,126056.48227427008,26068.797472425438,33787.888503318536,18342.11677955593,0.0,-11046.684639294077
2023-06-19,karnataka,726000.0000000001,40071.62217659138,51391.03107523945,0.0,0.0,8494.199999999984,142802.0143364036,129200.56148054078,27278.820941008045,30025.20948704596,16147.118496952182,0.0,-17594.577993781626
2023-06-26,karnataka,726000.0000000001,41741.273100616025,51693.50375106225,0.0,0.0,-2308.680000000036,140192.70045392404,130688.91114970684,27413.469477215524,29285.429384801493,17505.15260881508,0.0,-1502.7599261415132
2023-07-03,karnataka,726000.0000000001,43410.92402464066,50443.90382406115,0.0,108900.00000000001,-5444.999999999982,124102.41046093301,138258.73166466062,29777.133661261083,27330.159026821053,17203.954390294053,0.0,45038.782947327934
2023-07-10,karnataka,726000.0000000001,45080.57494866531,47493.369346906235,0.0,108900.00000000001,-3049.199999999955,129488.27562859793,135533.27145631675,28400.883742738773,21254.808846915625,17008.60844946507,0.0,30017.407580394123
2023-07-17,karnataka,726000.0000000001,46750.225872689945,42773.68339683078,0.0,0.0,3179.8799999999887,123729.5049060282,122786.31253167083,25454.9376858126,21275.75067173096,17581.56968869921,0.0,-33487.86475346284
2023-07-24,karnataka,726000.0000000001,48419.87679671458,36304.6661347201,0.0,0.0,-4225.320000000019,127502.04700528624,130838.4917339944,27701.910993150505,23930.116009480567,17328.087124573383,0.0,-1057.8757979196394
2023-07-31,karnataka,726000.0000000001,50089.52772073923,28196.689182771443,0.0,0.0,-2221.560000000046,153904.19924857598,143871.5026633888,31714.7052048296,30949.803456335183,17177.702355330068,0.0,-72698.56983197048
2023-08-07,karnataka,726000.0000000001,51759.178644763866,18648.114203942983,0.0,108900.00000000001,-87.11999999999041,154110.52978896906,140109.13358752656,30001.0541004179,31537.977971081968,19910.65781077675,0.0,4165.47389252093
2023-08-14,karnataka,726000.0000000001,53428.829568788504,7937.748361470932,0.0,0.0,-87.11999999999041,145000.0407075721,123119.73028137625,29728.877093140047,27592.527077405794,17625.362047912735,0.0,-33779.9951376664
2023-08-21,karnataka,726000.0000000001,55098.48049281315,-3587.3044186926945,0.0,0.0,-3920.3999999999555,139313.4329847279,115108.6024726448,30841.450650518032,28637.63622990787,18120.359807190176,0.0,15671.74178089063
2023-08-28,karnataka,726000.0000000001,56768.13141683779,-15527.752267870983,0.0,0.0,4878.719999999996,145545.55151026155,121840.63188249343,27374.945290770025,27621.285563656525,17836.96026592944,0.0,-17312.473662077704
2023-09-04,karnataka,726000.0000000001,58437.78234086243,-27451.311322370573,0.0,0.0,5401.439999999986,132464.36358256824,121449.93339736795,32859.32950964023,25624.975517479525,17310.80608796457,0.0,-4673.319113512577
2023-09-11,karnataka,726000.0000000001,60107.43326488708,-38913.936568543744,0.0,0.0,217.79999999997605,146014.68979932432,118205.40664330786,30154.890473609998,28485.268314142242,17922.19655538637,0.0,55306.25151788604
2023-09-18,karnataka,726000.0000000001,61777.084188911715,-49481.91600728929,0.0,0.0,-3397.680000000013,140901.4010496067,115953.07072669758,30779.56142495036,33189.446400571185,16723.106243490736,0.0,8751.925973060946
2023-09-25,karnataka,726000.0000000001,63446.73511293635,-58753.604056889635,0.0,0.0,2744.2799999999884,178272.6443873684,132641.7134809511,34371.589213565974,36910.05131901948,18923.455281622362,0.0,-82988.86473857412
2023-10-02,karnataka,726000.0000000001,65116.386036961,-66379.58752349384,181500.00000000003,0.0,-2221.560000000046,173319.84240543252,142320.36549333148,40614.89333783674,36302.31229571169,20008.07664481508,46059.100248626164,109987.17106077904
2023-10-09,karnataka,726000.0000000001,66786.03696098563,-72080.16383705373,0.0,0.0,-4922.280000000039,177856.56351539705,112464.95611708547,39605.77665334999,37945.474848850106,20825.015469092254,78945.13645188569,-3666.5161795922463
2023-10-16,karnataka,726000.0000000001,68455.68788501028,-75659.1616512637,0.0,0.0,5880.599999999982,169880.84186393349,125961.629128338,40929.97304378573,35338.14692205351,20995.53095165767,98401.68455188995,-49395.932695404765
2023-10-23,karnataka,726000.0000000001,70125.33880903492,-77013.33972637009,0.0,108900.00000000001,-740.5200000000152,187678.55172357432,138830.58495777877,45520.99905680078,41050.68124905686,20643.535718018506,114039.170922346,875.997289760131
2023-10-30,karnataka,726000.0000000001,71794.98973305956,-76136.84945020344,0.0,0.0,435.6000000000004,176228.15701037762,121023.51361353327,44859.03712057669,35609.451919028994,21260.74851369267,119194.54249078932,53360.809049145326
2023-11-06,karnataka,726000.0000000001,73464.6406570842,-73120.52509153783,254100.00000000003,108900.00000000001,5619.240000000011,183674.2336549678,135024.83575134588,46152.476508525506,44189.94410607246,19846.831633729926,123498.18574817137,-15743.86296835904
2023-11-13,karnataka,726000.0000000001,75134.29158110885,-68146.05792147321,0.0,0.0,10497.960000000006,193969.9158989905,125776.25551758597,47942.54309179893,40668.41883406357,22010.347874946066,100724.90967210704,-41606.584549127554
2023-11-20,karnataka,726000.0000000001,76803.94250513348,-61475.39892022763,0.0,0.0,5749.919999999996,188440.90916001465,125910.7534934594,50426.641832920664,40012.123370781665,20171.749950745158,76605.02900777072,-73709.6704005985
2023-11-27,karnataka,726000.0000000001,78473.59342915812,-53436.00334867966,0.0,0.0,6751.799999999983,182573.10339537717,130179.14977443377,48619.40850186197,36955.81597130947,19716.64759992435,54373.16701786494,5923.3176587496055
2023-12-04,karnataka,726000.0000000001,80143.24435318276,-44402.76360370241,0.0,0.0,1132.5600000000204,179063.7458653992,115768.34591766441,45102.294831434294,35667.220247858335,19508.58664738915,36357.07940673738,16821.686334036563
2023-12-11,karnataka,726000.0000000001,81812.8952772074,-34777.6611362167,0.0,0.0,-3179.880000000037,181859.2824082759,119593.126719799,49060.889996740116,34584.055713468006,19228.368942473597,23220.150962040578,-23590.228883787688
2023-12-18,karnataka,726000.0000000001,83482.54620123205,-24968.29324792354,0.0,0.0,3702.5999999999794,165834.10856887678,116543.01128637472,44151.01353405581,38008.636009876056,18906.775257766887,14360.364570564348,-21539.762180823407
2023-12-25,karnataka,726000.0000000001,85152.19712525669,-15366.48917546139,0.0,0.0,-7143.839999999988,170268.0999498165,133538.67923434384,38462.965267045314,35387.98408225577,18352.436956712096,8086.4918494940075,-3131.525289462844
2024-01-01,karnataka,726000.0000000001,86821.84804928133,-6019.831984282309,72600.00000000001,0.0,-14984.639999999996,174239.99243031687,135204.21520141186,41311.4863153285,35824.25533504054,18989.318022102652,4297.35764732355,-34450.001016522816
2024-01-08,karnataka,726000.0000000001,88491.49897330598,2116.764370782044,0.0,0.0,-10846.439999999968,162137.76416255563,126794.74224039307,47880.01519188652,34164.05585752311,18738.69836717287,2084.2838146450886,39346.6170217355
2024-01-15,karnataka,726000.0000000001,90161.14989733062,9145.789809991733,0.0,0.0,-16422.12000000003,174326.29777651964,125286.5238630292,42597.92518725896,34746.306971818514,17287.050839048763,806.5073180201779,-36894.431663017785
2024-01-22,karnataka,726000.0000000001,91830.80082135525,14913.463211331855,0.0,0.0,-10541.52,161968.60122093183,118106.63598978115,39414.90563211703,33791.07754419936,17654.386876720655,220.51297484913204,-20854.86427128651
2024-01-29,karnataka,726000.0000000001,93500.45174537989,19349.432489631596,0.0,0.0,-18556.55999999999,149339.328622966,137307.74799859847,38651.86277702511,31025.442687876162,17020.266270362677,0.0,66723.02740816007
2024-02-05,karnataka,726000.0000000001,95170.10266940453,22467.03274559984,0.0,0.0,-5749.920000000045,161190.87388893575,121184.26186707454,37785.25283839109,28658.249356485063,17374.517159821677,0.0,33652.62947428744
2024-02-12,karnataka,726000.0000000001,96839.75359342917,24358.61512439043,0.0,0.0,-12501.71999999998,160066.33999976367,120943.36437461885,31854.088476481196,31394.579442646846,18206.36007908486,0.0,48761.618909585144
2024-02-19,karnataka,726000.0000000001,98509.40451745382,25186.272510780294,0.0,0.0,-14592.600000000039,161113.57952422518,130708.82056314754,29521.772004802726,27079.120450705854,18105.14829855113,0.0,83938.48213033349
2024-02-26,karnataka,726000.0000000001,100179.05544147846,25168.554500172468,0.0,0.0,-17903.159999999963,153919.3403425729,129350.36968026304,34101.62026367508,31533.802100167683,17481.367368061845,0.0,-30461.949696391617
2024-03-04,karnataka,726000.0000000001,101848.7063655031,24563.99537328756,0.0,108900.00000000001,-12240.360000000008,157416.52753781105,137085.85829027795,34569.250369650035,32926.38857240557,17692.50282192156,42095.44218113178,23884.688488011172
2024-03-11,karnataka,726000.0000000001,103518.35728952773,23652.461720439947,0.0,0.0,-18295.20000000002,158375.42001618043,138069.41764459125,35718.568747563564,33883.58185172148,20482.656582594238,72284.42442756823,42268.31171981322
2024-03-18,karnataka,726000.0000000001,105188.00821355237,22715.450365515237,0.0,0.0,-12371.039999999994,163376.85425088322,132032.6740573384,42380.0518874712,34655.596014234645,19854.245483508963,90463.31266044591,17730.84706704991
2024-03-25,karnataka,726000.0000000001,106857.65913757701,22016.525199269738,0.0,108900.00000000001,-12240.360000000008,180344.04328556042,139249.69193731193,44505.52731546535,36141.79571064262,18811.035395903134,104089.84495018657,-22408.762931916765
2024-04-01,karnataka,726000.0000000001,108527.31006160165,21783.070138964405,0.0,0.0,-21997.8,177613.59525417493,135440.3001379625,44325.154996249286,41325.974688753835,18459.94686160335,112277.030574927,75684.41728576265
2024-04-08,karnataka,726000.0000000001,110196.9609856263,22190.455393095293,145200.00000000003,0.0,-20473.19999999997,187368.72351732987,149025.17586047738,45349.5856473225,38726.379120393896,20702.44535967838,116710.61178246383,-1380.1376663875012
2024-04-15,karnataka,726000.0000000001,111866.61190965094,23349.570204932872,0.0,0.0,-20255.399999999998,183197.17843572216,137675.40275908264,46474.170930455104,33311.999790866605,21349.692381805737,93178.35829707907,29641.415290404515
2024-04-22,karnataka,726000.0000000001,113536.26283367557,25298.475657037197,0.0,0.0,-16465.680000000026,170615.75673819767,132696.1973061795,45457.00280978501,34821.636809881595,19297.52906798539,69314.92733056558,55511.891446692076
2024-04-29,karnataka,726000.0000000001,115205.91375770021,27998.68753791982,0.0,0.0,-17206.20000000004,170068.6636284795,146168.98816301112,46476.557953688694,35773.310277021235,20346.875531703823,48226.08373087441,79274.11941960113
2024-05-06,karnataka,726000.0000000001,116875.56468172486,31336.325844872732,0.0,0.0,-23522.400000000023,153208.89592510313,141980.9752908941,45751.17437032795,34633.64709394031,18230.263600113056,31738.292194373713,25674.260998649934
2024-05-13,karnataka,726000.0000000001,118545.21560574952,35128.080095638536,0.0,108900.00000000001,-12153.240000000018,147635.70546825576,131295.3369317296,42104.98573074855,33210.74990032209,18380.891524131617,20039.852296147328,-30014.57755272317
2024-05-20,karnataka,726000.0000000001,120214.86652977415,39131.65492924484,0.0,0.0,-20560.319999999963,150380.0035986209,130905.68505988571,42209.084000369396,36753.03299174624,17489.504535741908,12299.236776220258,-4620.74842160324
2024-05-27,karnataka,726000.0000000001,121884.51745379879,43060.095023041926,0.0,0.0,-16552.800000000017,148139.8998208404,132801.44231953242,46502.84958878976,36252.060610858425,18266.541371193973,6871.784410020944,79003.6094019231
2024-06-03,karnataka,726000.0000000001,123554.16837782343,46599.15756019279,0.0,0.0,-16160.759999999964,155408.57066696326,136120.18265917743,46084.06094087549,28558.688751168273,17278.427635940705,3640.9902582002173,4343.513149658258
2024-06-10,karnataka,726000.0000000001,125223.81930184807,49426.71777075135,0.0,0.0,-22215.599999999973,153322.08195060454,137505.98446159024,40813.480393018646,28145.04404669077,18185.97561327932,1770.806676991822,40471.68978522527
2024-06-17,karnataka,726000.0000000001,126893.4702258727,51233.069084859155,0.0,0.0,-18338.760000000013,173592.7977629008,141418.70083310304,36861.00912621782,33859.20200900574,19221.548498561096,712.7881917128908,53263.17426776652
2024-06-24,karnataka,726000.0000000001,128563.12114989734,51740.921431094066,0.0,0.0,-16727.039999999997,167860.99059296786,133302.45570300074,38488.0483086153,28867.00482752124,18458.557551256563,185.85596688744045,-52790.9155312408
2024-07-01,karnataka,726000.0000000001,130232.772073922,50723.912626981684,0.0,108900.00000000001,-16857.719999999983,155994.93684111195,142502.3454290338,43463.854004573994,32804.913438972464,18979.678939806552,0.0,-17349.693354402745
2024-07-08,karnataka,726000.0000000001,131902.42299794662,48022.528070337285,0.0,108900.00000000001,-15725.16000000001,152989.4265376471,151920.4780523619,45159.97842047793,32194.966303621473,18541.203769729458,0.0,-79479.84415212163
2024-07-15,karnataka,726000.0000000001,133572.07392197126,43556.46849723026,0.0,0.0,-16509.240000000023,175998.1308866045,140015.92198690158,41054.78161270736,31124.319224351104,20738.96207861529,0.0,-4736.418208381374
2024-07-22,karnataka,726000.0000000001,135241.72484599592,37332.706153925355,0.0,0.0,-13416.479999999976,159751.15429623905,141267.43527680298,39119.15169055378,35230.671448244255,19948.424264658006,0.0,1459.2120235803568
2024-07-29,karnataka,726000.0000000001,136911.37577002056,29448.71482265575,0.0,0.0,-16030.079999999978,149171.06536402946,134677.32351124875,35210.30364016848,31473.045239450574,17627.17486464583,0.0,52372.07678778041
2024-08-05,karnataka,726000.0000000001,138581.0266940452,20090.634652198125,0.0,0.0,-22694.760000000017,164578.9136603353,126706.97568216054,35635.32004708075,27620.197042590622,19415.521494791083,0.0,13908.170726797938
2024-08-12,karnataka,726000.0000000001,140250.67761806984,9526.422815438898,0.0,0.0,-15463.80000000004,156475.45093418212,138051.11479917806,34680.83387409482,35781.38418404658,18915.136376761126,0.0,-1269.2206017715382
2024-08-19,karnataka,726000.0000000001,141920.32854209447,-1905.6710625336768,0.0,0.0,-12327.479999999998,165672.33285703365,133449.37400498323,40675.784658877266,37145.633899468135,19227.831023463146,0.0,-8633.133923386391
2024-08-26,karnataka,726000.0000000001,143589.9794661191,-13812.696588203147,0.0,108900.00000000001,-20211.84,141558.4321161708,140248.33510925932,39853.66977533208,33012.44282193751,19247.513566925296,0.0,26023.16373245905
2024-09-02,karnataka,726000.0000000001,145259.63039014375,-25765.81837796591,0.0,0.0,-22128.479999999985,170500.70247588394,126316.15689078791,42547.165658895676,31366.59560445491,19186.066319112524,0.0,24106.981038687278
2024-09-09,karnataka,726000.0000000001,146929.2813141684,-37321.32584917039,0.0,0.0,-18512.999999999996,175251.6343654205,135684.62135189658,47563.302108628726,33918.34793332621,17648.033604580458,0.0,39994.105171149575
2024-09-16,karnataka,726000.0000000001,148598.93223819305,-48042.678524112715,0.0,0.0,-18382.32000000001,167889.6427221838,141536.86010454412,50012.6460948289,33176.005384377204,19828.908580278807,0.0,1361.003399706614
2024-09-23,karnataka,726000.0000000001,150268.5831622177,-57522.366014234816,181500.00000000003,0.0,-20908.80000000002,167205.44515566443,143447.06949441409,55868.03506229022,40541.52802902014,22131.599023764167,59070.40802877117,19121.49805809261
2024-09-30,karnataka,726000.0000000001,151938.23408624233,-65402.36923866053,0.0,0.0,-16639.920000000006,178949.73572777683,139110.33957542788,56177.610291209145,45507.92699851166,22271.510534780344,94073.06324044094,-57268.13121572855
2024-10-07,karnataka,726000.0000000001,153607.88501026697,-71392.08615955937,0.0,0.0,-11543.399999999987,200423.7139798576,139034.27082462132,57421.34002509601,44605.36719688707,23291.4584648486,107578.01551459837,-20739.564856616755
2024-10-14,karnataka,726000.0000000001,155277.5359342916,-75282.72701585812,0.0,0.0,-10715.759999999982,184860.12087409117,142273.84061087144,53700.58391528193,41439.393047399106,22864.531150291798,116532.46691956779,-65704.98543593714
2024-10-21,karnataka,726000.0000000001,156947.18685831624,-76957.38259488235,0.0,0.0,-19558.439999999977,189654.9478275521,132327.99252360064,52733.30934541076,42555.39468809353,23049.3123308423,121772.42102367785,50306.25799738895
2024-10-28,karnataka,726000.0000000001,158616.83778234088,-76396.21311328298,254100.00000000003,0.0,-15550.920000000031,191365.98318721913,159116.92007860582,50666.17584928871,44511.92694660615,22473.325204767654,125451.90922525276,-73726.94516079834
2024-11-04,karnataka,726000.0000000001,160286.48870636552,-73676.48078120912,0.0,0.0,-12806.640000000041,186904.33332642243,148763.18426250134,56470.27406616544,46507.81849177979,23674.214022435048,102957.83642321672,51944.97148232308
2024-11-11,karnataka,726000.0000000001,161956.13963039016,-68967.4402837412,0.0,0.0,-19950.48000000003,203040.18552546803,127818.39482467358,60363.67349044765,48759.39272800842,22068.80363595339,78825.02673873895,50946.30371006096
2024-11-18,karnataka,726000.0000000001,163625.7905544148,-62520.391518676,0.0,0.0,-10497.960000000006,206248.49321104662,138173.2390197315,58261.84719196779,46267.81764625803,22749.123455070592,56294.64666977837,-2586.606229591784
2024-11-25,karnataka,726000.0000000001,165295.44147843943,-54654.471331715715,0.0,0.0,-10977.119999999954,194970.3833848834,128703.23736075925,54647.90413380336,42625.4674346739,21101.248535383907,37831.35221640233,-60822.44321263002
2024-12-02,karnataka,726000.0000000001,166965.0924024641,-45739.00006462794,0.0,0.0,-12109.680000000022,186136.54527827492,137665.9074253163,50149.38770796667,37007.90113990276,20535.668388990034,24250.726265215526,-12803.548543502318
2024-12-09,karnataka,726000.0000000001,168634.74332648874,-36173.390778930014,0.0,0.0,-20429.639999999978,182380.01758256715,142531.20834993492,51337.6299695227,40851.64012471297,19833.121257249422,15035.069345160004,-32742.39917670601
2024-12-16,karnataka,726000.0000000001,170304.39425051337,-26365.763050599628,0.0,0.0,-18164.520000000033,175773.17455314347,136036.8193172311,45924.09471869577,39864.79230714727,20796.01492352421,8341.992357116651,29008.00062322764
2024-12-23,karnataka,726000.0000000001,171974.045174538,-16711.471610036984,0.0,0.0,-18077.40000000004,165564.1203934556,133548.56438603456,44135.189841787105,44043.318251751305,19453.53592269287,4321.6288764815245,-60370.531236704024
2024-12-30,karnataka,726000.0000000001,173643.69609856265,-7572.758971704568,72600.00000000001,108900.00000000001,-16030.079999999978,190765.49112271008,146829.20938242925,43579.7879532171,38727.37963220278,18443.391993000016,2083.031000785521,100662.85178879715
2025-01-06,karnataka,726000.0000000001,175313.3470225873,-103.70701612322041,0.0,0.0,-36067.68,175457.7153976607,135022.7204650461,47213.516352306,37913.844114062544,19143.125817726785,841.9166288228455,27941.20121791078
2025-01-13,karnataka,726000.0000000001,176982.99794661195,7261.019000847538,0.0,0.0,-34586.63999999997,162942.39944090406,132002.8722765827,44245.68909197254,41035.82120889476,19766.01037238898,225.86025241765262,34997.97040937982
2025-01-20,karnataka,726000.0000000001,178652.64887063656,13399.95377336031,0.0,0.0,-27965.52000000002,180495.96804211073,143682.55803940693,46901.030707085374,45308.078741976366,18283.21489373049,0.0,-7073.93306830678
2025-01-27,karnataka,726000.0000000001,180322.29979466123,18218.66294102353,0.0,0.0,-38507.04000000002,178512.72532648363,138292.7141746249,46751.06564733555,39514.92591956788,17716.632640154785,0.0,1452.0135561483987
2025-02-03,karnataka,726000.0000000001,181991.95071868584,21706.835769429406,0.0,0.0,-33323.40000000001,170687.61971130743,138520.67146131626,45171.47144562561,37046.815892099345,18876.285424846872,0.0,-18248.25042331096
2025-02-10,karnataka,726000.0000000001,183661.6016427105,23935.001375175674,0.0,0.0,-39508.920000000006,165649.29593029,141682.15562836992,45947.75636121975,33238.31625992104,17739.487766530485,0.0,-31655.694964217702
2025-02-17,karnataka,726000.0000000001,185331.25256673511,25046.5202729218,0.0,0.0,-36067.68,165778.82998829367,138210.08662176484,39500.22999483786,26916.39230683145,20667.974188256045,45817.40391194333,-17241.009851584135
2025-02-24,karnataka,726000.0000000001,187000.90349075978,25245.37052658359,0.0,0.0,-39726.71999999998,161164.86138060762,138000.47869131164,36264.9676321556,30577.732592519023,20023.24384196539,76526.5269712723,-2659.365127174849
2025-03-03,karnataka,726000.0000000001,188670.5544147844,24780.490548646416,0.0,0.0,-39596.03999999999,163219.71466680456,139792.83047648778,34044.668520614825,35970.63738442979,18583.213157737577,90014.74035671169,43980.19047378279
2025-03-10,karnataka,726000.0000000001,190340.20533880906,23927.638541190187,0.0,108900.00000000001,-43342.199999999975,163651.51543578008,155425.69910577146,41104.53807904411,36197.933675126544,20309.07833482102,98308.9219364855,18475.669552971864
2025-03-17,karnataka,726000.0000000001,192009.8562628337,22969.870295335793,0.0,0.0,-35675.64000000004,171901.01903747668,141307.30913367844,42621.88316061218,41148.10639922414,19437.143280073982,111802.53635807574,-6562.083927310613
2025-03-24,karnataka,726000.0000000001,193679.50718685833,22177.81440547067,145200.00000000003,0.0,-36938.88,178398.26355956323,160901.63558729747,46102.00760909918,39828.59077113383,22404.312681197654,123403.73827550092,-13591.990076121472
2025-03-31,karnataka,726000.0000000001,195349.15811088297,21790.93248156133,0.0,0.0,-30535.560000000027,191088.2873150156,142917.80038910088,48431.801342063314,38317.27554530117,20852.576280878697,100617.6675203017,-21671.938985105593
2025-04-07,karnataka,726000.0000000001,197018.80903490764,22000.89121078704,0.0,0.0,-27965.52000000002,201744.22564266322,143081.72203522632,53092.57053513018,42035.21573316741,20278.72335328541,76499.14723532744,-34591.78478049474
2025-04-14,karnataka,726000.0000000001,198688.45995893228,22938.04669030713,0.0,0.0,-37156.67999999998,193328.8543552977,142191.384255651,53918.190006283105,44206.306184752815,19767.24966812895,54282.11247097096,15511.076409675818
2025-04-21,karnataka,726000.0000000001,200358.1108829569,24661.856689479,0.0,0.0,-41338.44,182415.349116179,145935.22136670692,49359.902979280545,38876.1698094317,20258.291365379286,36287.58333731738,28961.95445326895
2025-04-28,karnataka,726000.0000000001,202027.76180698155,27155.80414118833,0.0,0.0,-30317.76000000005,174485.98988885526,141760.30150382727,52710.77841828504,40236.76917444812,22507.485416545056,23171.75711429015,1047.1125355788129
2025-05-05,karnataka,726000.0000000001,203697.4127310062,30327.148701748778,0.0,0.0,-42296.75999999999,171051.23893706102,140996.45698136342,51131.575622883676,40798.53283034769,19617.978262008022,14328.764119172234,-23641.348185591163
2025-05-12,karnataka,726000.0000000001,205367.06365503086,34011.53812533363,0.0,0.0,-36241.91999999998,191280.65074498963,148279.5753718753,46856.4250596632,39063.40745677306,19916.360386390745,8069.894883977102,-62185.99568403367
2025-05-19,karnataka,726000.0000000001,207036.71457905546,37982.22402091265,0.0,0.0,-42645.24000000005,172578.60856431499,141350.23687083283,52191.79164015004,36591.40679888141,20279.376321868476,4317.068738917027,-52592.18753493306
2025-05-26,karnataka,726000.0000000001,208706.36550308013,41963.35396994188,0.0,0.0,-40989.960000000036,182520.05125154948,142691.76973550598,50169.61886684742,34902.939120952324,19066.74800467611,2187.0855799830983,44203.027967463655
2025-06-02,karnataka,726000.0000000001,210376.01642710474,45646.569814559065,0.0,108900.00000000001,-41643.359999999964,184197.67183546195,146035.82393896987,45679.64678502164,44512.39042840575,19339.402912118912,994.9925919102297,-45894.154733552255
2025-06-09,karnataka,726000.0000000001,212045.6673511294,48709.94425660828,0.0,0.0,-39988.08000000005,182629.60455762004,134268.18198996116,48672.229658376236,37573.632988759644,20491.817034547505,290.7750092920142,1433.227153706077
2025-06-16,karnataka,726000.0000000001,213715.31827515402,50838.14624613397,0.0,0.0,-28967.400000000005,178222.16639600467,146357.62886389415,47659.73313815115,33834.733114785005,22070.985974567466,0.0,-48316.31200869044
2025-06-23,karnataka,726000.0000000001,215384.96919917868,51742.64825783808,0.0,0.0,-41817.60000000004,184352.22330128207,146487.27788940887,46566.059499325966,33362.62173564125,20653.37470576866,0.0,22553.425411556313
2025-06-30,karnataka,726000.0000000001,217054.6201232033,51180.780015317134,0.0,0.0,-35283.59999999999,198001.27798461702,146931.0319621832,49581.28749169296,37735.3648801869,19238.052954190556,0.0,14136.18458860883
2025-07-07,karnataka,726000.0000000001,218724.27104722796,48972.49410719505,0.0,0.0,-32539.32,179433.80742470972,150941.24682523345,44460.70806096962,36784.32140924776,21292.445498748177,0.0,-59437.97437333182
2025-07-14,karnataka,726000.0000000001,220393.9219712526,45013.83581478434,0.0,0.0,-39552.48,171967.21800588458,148537.44186802703,47666.225351828056,38658.50735942762,20439.496513582348,0.0,53707.83311521321
2025-07-21,karnataka,726000.0000000001,222063.57289527723,39286.29508949957,0.0,108900.00000000001,-34935.120000000024,161961.2036009967,164840.89312804016,46900.2708025321,42618.53001155724,18842.18208025122,0.0,19448.172391845867
2025-07-28,karnataka,726000.0000000001,223733.22381930187,31861.45233267463,0.0,0.0,-30099.959999999977,171736.19959058808,140463.14497713567,46430.477049862624,38519.71606258686,18521.818495634176,0.0,-10577.072327784032
2025-08-04,karnataka,726000.0000000001,225402.8747433265,22900.59800796049,0.0,0.0,-38637.72000000001,169938.00082917084,153211.74385217385,43168.627129782726,35100.3941364106,21462.60876734893,0.0,-25873.12746617427
2025-08-11,karnataka,726000.0000000001,227072.52566735115,12649.293713391455,0.0,0.0,-32234.400000000034,163651.73886506323,147925.67221500797,49214.72936631002,39284.97780202792,18939.829159014986,0.0,-49362.36678816671
2025-08-18,karnataka,726000.0000000001,228742.1765913758,1427.1325925609442,0.0,0.0,-34455.959999999985,168898.87608575547,145245.23041643723,46876.90879267884,34710.150494931855,19408.540613507692,0.0,43929.94441275214
2025-08-25,karnataka,726000.0000000001,230411.82751540042,-10386.76685647986,0.0,108900.00000000001,-26048.880000000037,177656.14298601245,149645.50139320275,51408.99418382936,43724.545296029704,19727.98461454797,0.0,-44159.34913254289
2025-09-01,karnataka,726000.0000000001,232081.4784394251,-22371.75333804195,0.0,0.0,-38550.60000000001,177730.78188768477,145442.95391384466,53242.6051997191,38771.57166567906,20778.37758007645,0.0,12690.584651612617
2025-09-08,karnataka,726000.0000000001,233751.12936344973,-34086.13947636649,0.0,0.0,-29228.759999999977,172589.93104996765,148427.50368324577,49378.14277181282,38362.75059895561,20975.219799024282,0.0,20128.2222099103
2025-09-15,karnataka,726000.0000000001,235420.78028747436,-45089.07439853884,0.0,0.0,-38724.84,215353.80645575727,140749.0658122905,52332.849225938524,38598.289450294724,21829.021422571066,48981.774407535886,10836.32733667636
2025-09-22,karnataka,726000.0000000001,237090.43121149903,-54962.58212981195,181500.00000000003,0.0,-31493.88000000002,222419.80326576813,147604.23552547488,59093.32207085046,39536.287057982314,23273.094766944374,90859.00824306777,-25681.720011774836
2025-09-29,karnataka,726000.0000000001,238760.08213552364,-63332.54307681327,0.0,0.0,-33366.96000000001,232896.00666770828,151460.17972545722,70391.51559712102,43355.626109932855,24870.82805244112,117511.93661639631,32340.328172232515
2025-10-06,karnataka,726000.0000000001,240429.7330595483,-69887.45306479392,0.0,0.0,-39552.48,220746.10184928984,149656.48502725942,71473.67773714641,46333.280433820444,22747.886012866857,130687.63508906761,14013.133855795131
2025-10-13,karnataka,726000.0000000001,242099.38398357292,-74393.91820217471,0.0,0.0,-30840.479999999992,219686.64889744722,136437.22915529791,70038.17925134071,46635.85249921863,23476.519721576817,135466.303592941,-5544.718899220395
2025-10-20,karnataka,726000.0000000001,243769.03490759758,-76708.02718767957,254100.00000000003,0.0,-33758.99999999996,217552.8393028357,156471.3598423516,72388.774026021,44221.14761187134,22691.1392589024,135165.7579087971,9787.974329302688
2025-10-27,karnataka,726000.0000000001,245438.6858316222,-76781.9750430232,0.0,0.0,-26528.039999999983,205934.608546086,136969.01988044355,69573.69668637916,38674.587654524905,23217.14119704011,114487.53422492805,35177.74102199897
2025-11-03,karnataka,726000.0000000001,247108.33675564686,-74665.58031587856,0.0,0.0,-33192.72000000002,207120.14977897037,143833.06634456114,68215.57964163818,40739.1622911408,21781.089550735443,90775.52937064855,54970.386582537205
2025-11-10,karnataka,726000.0000000001,248777.98767967147,-70502.62616820178,0.0,0.0,-41904.72000000003,205277.1426341238,141185.92637800294,71060.11784307114,43822.337669545865,21334.975899634817,67060.25256642708,-35727.394502275376
2025-11-17,karnataka,726000.0000000001,250447.63860369613,-64522.247891326304,0.0,0.0,-40772.15999999997,183480.9697896048,144625.33332843494,69167.4811991958,46216.51473062717,20892.36707047247,46373.83258320172,-12872.729413907233
2025-11-24,karnataka,726000.0000000001,252117.28952772077,-57025.868505916886,0.0,0.0,-31711.679999999993,197609.19941269487,134079.99417606482,66259.68503672555,43350.341190913605,20519.22647751375,30374.973804295198,68974.83887998773
2025-12-01,karnataka,726000.0000000001,253786.9404517454,-48370.43419957047,0.0,0.0,-36459.72000000005,180497.56760355824,140332.98178812486,61343.93478092732,44304.51149711376,20051.878527572004,19114.904106453087,2882.435444075604
2025-12-08,karnataka,726000.0000000001,255456.59137577005,-38948.90809137741,0.0,0.0,-35806.32000000003,187378.74224692266,137091.91935371442,54409.46073571634,40769.219480685635,20168.753018762975,11013.820794706322,768.721085099109
2025-12-15,karnataka,726000.0000000001,257126.24229979469,-29169.13235710898,0.0,0.0,-39596.03999999999,202344.25055915114,135760.4108784249,49591.81168859097,42011.52133088561,20994.94036865067,5875.698740796797,6675.2964908138165
2025-12-22,karnataka,726000.0000000001,258795.89322381932,-19432.25645071977,0.0,0.0,-44823.240000000005,194681.28475100955,146036.96312446587,48485.16408195448,37275.44950774864,20762.61106768428,2734.9303396637197,-2831.799645626191
2023-01-02,tamil_nadu,600000.0,0.0,-3964.9981513498656,0.0,0.0,2880.0000000000027,159280.01231604046,74221.31312550257,19791.964678117678,16946.40461141146,15522.077410240903,57298.17567754825,12093.050332488543
2023-01-09,tamil_nadu,600000.0,1379.8767967145789,2638.9999702749715,120000.0,0.0,-3420.000000000023,199361.52400650113,81616.3375919834,26092.43029128154,26723.02571214167,18454.82831472165,86682.00331982865,38702.973996552166
2023-01-16,tamil_nadu,600000.0,2759.7535934291577,8305.392868622475,0.0,0.0,4031.9999999999955,189335.5631873037,83948.60822184285,35288.05802408566,27921.82991794991,19267.239061465087,62527.787400839865,-6503.232275538661
2023-01-23,tamil_nadu,600000.0,4139.630390143737,12916.768801906788,0.0,90000.0,1800.0000000000016,194420.625785379,82650.97402805916,41870.56293944856,31048.65629210402,16917.846407420668,42368.976299953174,-9267.040944415217
2023-01-30,tamil_nadu,600000.0,5519.507186858315,16424.949403707797,0.0,0.0,-6659.999999999986,177475.35589520895,82303.47728277609,45434.56416299314,27923.81033486259,18613.472385357407,27326.288473186498,-14976.425124950574
2023-02-06,tamil_nadu,600000.0,6899.383983572895,18850.61342167105,0.0,0.0,1080.000000000001,191295.99834994046,80042.01154109495,43116.01155081284,31808.172849688246,19291.327976093016,17012.79081885491,-5036.310491728475
2023-02-13,tamil_nadu,600000.0,8279.260780287474,20278.870930668618,0.0,0.0,8099.999999999987,168345.0721469633,76077.9228361869,43030.79096543825,31549.76964874217,18218.46136174846,10345.683428689568,-21377.83209872488
2023-02-20,tamil_nadu,600000.0,9659.137577002053,20851.090292943085,0.0,90000.0,-468.0000000000284,178741.1989419664,82185.61245158863,42482.56106694403,26524.6409317413,16470.042916915518,6198.224289824171,-8525.508468925336
2023-02-27,tamil_nadu,600000.0,11039.01437371663,20753.496842053144,0.0,0.0,-4571.999999999976,161108.8686152956,74290.50095475273,47952.24352401143,21977.519422833622,15397.016178223817,3679.5549211108305,5412.785168002129
2023-03-06,tamil_nadu,600000.0,12418.891170431212,20203.24833191623,0.0,0.0,-1655.9999999999775,167553.14380552788,72562.82921113819,45793.88344640057,24034.289166256654,16177.139897023832,2172.3206849092658,-6014.745713603714
2023-03-13,tamil_nadu,600000.0,13798.76796714579,19432.836881027473,0.0,0.0,5724.000000000009,159780.02794398816,76893.6905134182,47260.970063226625,23776.532105065242,16803.410154044443,1278.2713845608155,11467.49298752349
2023-03-20,tamil_nadu,600000.0,15178.644763860368,18673.762117254297,0.0,0.0,5147.999999999993,175511.18554411214,75669.6445079308,45209.76234921884,25676.349794312664,15347.534711605813,750.7173682775737,26914.398843427458
2023-03-27,tamil_nadu,600000.0,16558.521560574947,18140.460031855135,0.0,0.0,-6587.999999999994,171826.42431107274,84345.15884659227,45552.89036721369,20137.86069625825,14848.835298450294,179.80421435343476,-55931.95532637074
2023-04-03,tamil_nadu,600000.0,17938.398357289527,18015.454417846555,0.0,0.0,-576.0000000000165,164507.2231929606,84117.91680714206,48100.09816828204,17474.897324815116,16841.12985017417,0.0,-7740.118118510144
2023-04-10,tamil_nadu,600000.0,19318.275154004106,18436.623756992012,0.0,0.0,-2447.99999999997,170071.65275637395,80824.74036932981,46535.60729261203,18030.734023414196,16027.65230530341,0.0,-5525.285658029589
2023-04-17,tamil_nadu,600000.0,20698.151950718686,19487.35035334889,0.0,0.0,2484.0000000000064,167605.9325971942,74207.97886151356,44776.658018614165,25476.974302748415,15749.585705668995,0.0,175.3682101929541
2023-04-24,tamil_nadu,600000.0,22078.02874743326,21190.14772353966,0.0,0.0,-3203.999999999967,159298.17057172407,78244.86013850664,40800.47184112513,23798.91324864982,15990.35292516885,0.0,4912.054803852669
2023-05-01,tamil_nadu,600000.0,23457.90554414784,23504.15666680977,0.0,90000.0,6408.000000000014,165669.88483946252,85173.09659510221,44777.166488873576,21607.541511045703,15970.22555727647,0.0,27481.022797281752
2023-05-08,tamil_nadu,600000.0,24837.782340862424,26326.671988007205,0.0,0.0,-8099.999999999987,163992.16565868395,77902.66895486331,42519.13553641178,20213.528506455452,15676.548086545732,0.0,24321.49892816998
2023-05-15,tamil_nadu,600000.0,26217.659137577,29498.623794784322,0.0,0.0,1475.9999999999973,179481.30507759942,81954.6972689961,43478.36300698389,24505.018384719973,15419.429219617614,0.0,-29833.095890278317
2023-05-22,tamil_nadu,600000.0,27597.53593429158,32813.70345538616,0.0,90000.0,3275.999999999999,168636.26343409135,80278.74299945586,43100.20151879817,23615.569985263242,16649.00124445849,0.0,-24892.01857174492
2023-05-29,tamil_nadu,600000.0,28977.41273100616,36030.608263284776,0.0,0.0,-3203.999999999967,163685.55697083657,86268.07390827536,46934.239588947894,25347.783101809608,16316.546621130261,0.0,-38851.22118529058
2023-06-05,tamil_nadu,600000.0,30357.289527720735,38887.69316179341,0.0,0.0,1187.999999999989,164905.93145738565,78991.41875212542,45183.03695803046,26779.552770174007,16693.292081959076,0.0,31357.785290811196
2023-06-12,tamil_nadu,600000.0,31737.16632443532,41119.17333630192,0.0,0.0,-1332.0000000000132,150196.3853363468,80092.21751536774,45020.74546681199,24266.45135543686,15932.489545080965,0.0,25481.37112021849
2023-06-19,tamil_nadu,600000.0,33117.043121149894,42471.926508462355,0.0,0.0,-2483.9999999999663,176022.34380826153,83270.92927484437,44935.49245698374,21133.323352300744,15684.251202318628,0.0,29418.690275678673
2023-06-26,tamil_nadu,600000.0,34496.91991786448,42721.90392649772,0.0,0.0,-251.99999999997226,181775.93665211418,83354.6612619573,46419.63644627114,22737.84899279134,17438.819089435226,0.0,23634.27371306861
2023-07-03,tamil_nadu,600000.0,35876.79671457905,41689.17671410012,0.0,0.0,-4968.000000000013,178735.38347761004,75100.98966551729,45892.367562966014,23931.642937941895,17174.12827232294,0.0,-7665.485345037461
2023-07-10,tamil_nadu,600000.0,37256.67351129364,39250.718468517545,0.0,0.0,2915.9999999999986,161585.09518533957,80170.84274242049,46149.72472812535,20148.758915295202,16004.04007877717,0.0,-14443.853629768986
2023-07-17,tamil_nadu,600000.0,38636.55030800821,35350.15156762874,0.0,0.0,1008.0000000000089,174730.119184479,80518.98020524633,42749.53115053355,20824.744932819536,18040.143927002606,0.0,-7856.221275717911
2023-07-24,tamil_nadu,600000.0,40016.42710472279,30003.856309686027,0.0,90000.0,360.00000000000034,160452.88184587774,83387.34546296875,45580.59388299921,24586.927045976907,17371.33075468498,0.0,21665.63759308347
2023-07-31,tamil_nadu,600000.0,41396.30390143737,23303.048911381356,0.0,0.0,-1799.9999999999616,165405.0762102128,79984.44211215457,44361.60178521015,28149.600471533642,15340.113849876801,0.0,-15940.187241806627
2023-08-07,tamil_nadu,600000.0,42776.18069815195,15411.664631357835,0.0,0.0,-2808.0000000000105,154589.96899891234,79058.47924878505,41109.31414224551,23411.36531944001,15550.213449134593,0.0,9484.813511972547
2023-08-14,tamil_nadu,600000.0,44156.05749486652,6560.122612785893,0.0,0.0,5076.000000000001,164607.12633531334,84528.63314021374,46575.05626320592,23102.2376724504,15688.211952734739,0.0,4646.554528429437
2023-08-21,tamil_nadu,600000.0,45535.93429158111,-2964.714395613797,0.0,0.0,-2303.999999999986,147635.05021187864,85289.68210966467,44640.219632300985,20265.390197210403,15692.658775965218,0.0,14583.77917701276
2023-08-28,tamil_nadu,600000.0,46915.81108829568,-12832.85311394296,0.0,0.0,2987.9999999999905,161303.73930190338,77322.02832129916,45150.176531297446,22197.70077268771,15956.464685163994,0.0,-16880.067586704365
2023-09-04,tamil_nadu,600000.0,48295.687885010266,-22687.03415071948,0.0,0.0,936.0000000000168,177793.39955247164,71829.28770801928,45284.65227430204,20974.10493865184,15523.195618449501,0.0,-34019.29382618502
2023-09-11,tamil_nadu,600000.0,49675.56468172485,-32160.278155821274,0.0,0.0,972.0000000000128,162051.1706546304,72934.15153240043,46030.777157509365,21698.604376053783,14391.990430153044,0.0,-7373.980676650609
2023-09-18,tamil_nadu,600000.0,51055.441478439425,-40894.145460569656,0.0,90000.0,-287.9999999999683,166080.79346929854,82024.17707071033,51132.23955699377,26954.14710267648,15615.392918478896,0.0,15364.953863972103
2023-09-25,tamil_nadu,600000.0,52435.318275154,-48556.69756767737,0.0,0.0,-2160.000000000002,191888.8847562368,78492.64735371465,50213.103993838755,29634.043594467494,16689.283753881053,0.0,-19781.584159615297
2023-10-02,tamil_nadu,600000.0,53815.195071868584,-54859.16324255688,150000.0,90000.0,2663.9999999999864,185969.3962097591,86329.15096326153,51521.21059793764,30490.098358712927,17382.887165848988,57006.62022942545,40224.60464574252
2023-10-09,tamil_nadu,600000.0,55195.07186858316,-59570.383336408035,0.0,0.0,3240.0000000000027,206374.13097018562,83324.87611057503,55711.96111599565,32628.350292371124,20988.60100268483,91103.87617873284,17493.515797279742
2023-10-16,tamil_nadu,600000.0,56574.948665297736,-62528.232769639406,0.0,0.0,-2772.0000000000146,203633.96900441137,82048.60614800142,55547.22793607269,31856.919497852465,21417.887895136228,105524.73028303089,-3274.0566601635196
2023-10-23,tamil_nadu,600000.0,57954.82546201232,-63647.38820361164,0.0,0.0,2663.9999999999864,198550.96115316532,78091.34709242536,55015.353376821025,29801.816913713465,19038.778251529173,115610.59164074717,-32757.285686802465
2023-10-30,tamil_nadu,600000.0,59334.702258726895,-62923.016074548286,0.0,90000.0,-684.0000000000045,214535.09016124395,80058.01319184486,57571.684785307654,34407.911695948744,18705.631868089044,119402.91422791115,-46425.932114524265
2023-11-06,tamil_nadu,600000.0,60714.57905544147,-60430.18602606431,210000.0,90000.0,-3959.9999999999636,214899.31918392342,93344.24258336236,58270.79828246925,33124.13840511836,20755.67977983002,131720.35282741583,24302.075908503626
2023-11-13,tamil_nadu,600000.0,62094.45585215606,-56319.05613344893,0.0,0.0,-432.00000000003234,215071.39057760304,83842.63196357341,58689.540470266,31449.37378068284,21636.720998606273,108018.8700278787,-14983.927537317488
2023-11-20,tamil_nadu,600000.0,63474.33264887064,-50806.11481010547,0.0,0.0,648.0000000000085,224608.44982390577,76111.83986151214,55905.47578060337,29308.46504969128,21048.743656108367,82631.34370710576,-13408.535717691839
2023-11-27,tamil_nadu,600000.0,64854.20944558521,-44161.986238578225,0.0,90000.0,-4860.000000000025,227880.44555606582,84419.19477254424,59273.95869080647,26214.876275435065,18644.290813001047,58967.45628568908,-5873.44560054872
2023-12-04,tamil_nadu,600000.0,66234.08624229979,-36696.49884603504,0.0,0.0,-1583.9999999999854,210287.70456929106,77510.1665429022,58508.74357750434,21969.300125726415,17931.672775668187,39602.49110194473,17260.333910698275
2023-12-11,tamil_nadu,600000.0,67613.96303901437,-28741.868707617105,0.0,0.0,2951.9999999999945,196709.06337276756,78625.77608270326,55986.71879510011,28350.61434904412,17625.10872486037,75920.51373566111,-18213.88939153376
2023-12-18,tamil_nadu,600000.0,68993.83983572896,-20634.953097457466,0.0,0.0,-6623.99999999999,189056.51225349103,78468.73817284439,57861.29102692363,23635.993484682276,18727.22801956386,97577.44652461653,55761.90377960658
2023-12-25,tamil_nadu,600000.0,70373.71663244352,-12699.577830959824,0.0,0.0,1619.9999999999814,181700.9284406396,75624.05229088548,54504.87444652551,25672.11980634259,18764.25360137428,109967.62229853823,19446.010314210573
2024-01-01,tamil_nadu,600000.0,71753.5934291581,-4975.067755605213,60000.0,0.0,-13680.000000000013,185811.12125716347,83817.86083580299,57593.57198791385,30907.20232836983,20151.055475704034,117162.29821598144,-4575.6357744883035
2024-01-08,tamil_nadu,600000.0,73133.47022587269,1749.392041968631,0.0,0.0,-8783.999999999993,210624.2783426867,86830.67444870237,58615.43868340743,32466.309942290103,18974.102438743008,118325.68806907958,-37280.354192750594
2024-01-15,tamil_nadu,600000.0,74513.34702258727,7558.503975199778,120000.0,90000.0,-20124.000000000022,219373.36400600921,94592.86223933731,59098.323932805884,29533.798990758227,19880.79939072846,127402.45181830865,-25634.451375734578
2024-01-22,tamil_nadu,600000.0,75893.22381930184,12325.176207712275,0.0,0.0,-13931.999999999984,217997.16153596336,86096.73153506572,58201.35169290695,35507.03237360354,20210.811082128756,102702.683174266,71051.8285790516
2024-01-29,tamil_nadu,600000.0,77273.10061601643,15991.266520356688,0.0,0.0,-18576.000000000033,207153.81550108106,80664.57529117349,55344.01581762755,34309.11463356581,19589.021376291446,76507.27513236862,16391.815111518896
2024-02-05,tamil_nadu,600000.0,78652.97741273101,18567.795657520524,0.0,0.0,-18971.99999999999,184861.45116284286,80500.6445530201,51643.61417339096,34847.436117943085,17720.3622778548,53727.205392182615,-1016.4867474861101
2024-02-12,tamil_nadu,600000.0,80032.85420944558,20131.08687966151,0.0,0.0,-11087.999999999978,187122.77712762318,86282.7467727729,53419.909943021405,31548.559502677148,16118.886655123926,35618.68029858291,4523.498611091384
2024-02-19,tamil_nadu,600000.0,81412.73100616016,20815.10124857875,0.0,0.0,-13464.000000000036,197069.99678026984,83235.87565103029,55086.110219378344,25935.99362649683,17743.98459024481,22607.925709675776,65243.281168165035
2024-02-26,tamil_nadu,600000.0,82792.60780287474,20800.458264605342,0.0,0.0,-17388.000000000004,188148.5685150524,80634.92354934123,51596.54450436098,24249.442748098456,15664.889228668622,13923.685769069005,17632.879617929197
2024-03-04,tamil_nadu,600000.0,84172.48459958931,20300.8226225517,0.0,0.0,-16524.00000000002,186546.74149298397,79670.2074606008,48496.66912513551,25359.666858506775,18084.12458457424,7801.858690529079,-27102.5754344715
2024-03-11,tamil_nadu,600000.0,85552.3613963039,19547.489025156978,0.0,0.0,-13283.999999999976,178961.05649049324,83058.57529202834,50115.187435713895,27678.353605380165,17792.471866476964,4107.204313045114,75022.3005754014
2024-03-18,tamil_nadu,600000.0,86932.23819301848,18773.099475632425,0.0,0.0,-11268.000000000038,158651.5012426378,81109.50612636757,51082.76577031284,27297.32645860964,16530.633880173646,1976.5016199629638,42552.42723328446
2024-03-25,tamil_nadu,600000.0,88312.11498973305,18195.4753712973,0.0,0.0,-16811.999999999985,189259.37572315094,76385.59311183427,53527.8575108432,24026.25785459824,15989.431037674825,816.3194674224924,-7953.425066554452
2024-04-01,tamil_nadu,600000.0,89691.99178644763,18002.537304929258,0.0,90000.0,-12419.99999999999,180200.72366954738,84459.30142622348,54908.13527027148,25374.320595471225,17355.57377511138,263.8874039704153,-79342.47123197213
2024-04-08,tamil_nadu,600000.0,91071.86858316221,18339.219333136603,0.0,90000.0,-19691.99999999999,184775.44156904402,79162.04973849544,54811.61818764631,28126.110146157545,16808.34761678857,0.0,1865.3448255695378
2024-04-15,tamil_nadu,600000.0,92451.74537987678,19297.165458622207,0.0,0.0,-6011.999999999977,186564.66176397854,77762.42294623167,53607.446506321525,26243.977839449217,17069.193524234095,0.0,-29638.61341871392
2024-04-22,tamil_nadu,600000.0,93831.62217659137,20907.831121518342,0.0,0.0,-15299.999999999993,186675.11513740622,78947.84131564533,50700.90649893784,25827.96590191997,17159.674858951406,0.0,26124.042989029203
2024-04-29,tamil_nadu,600000.0,95211.49897330595,23139.411188363483,0.0,0.0,-12419.99999999999,191380.53109048013,86972.009501556,52621.14040828413,29353.247127623563,17721.18636536025,0.0,56518.97534502636
2024-05-06,tamil_nadu,600000.0,96591.37577002053,25897.78995444027,0.0,0.0,-11231.999999999962,183294.08705906227,83988.30475516575,49864.60510273543,30307.19759378871,18039.59566979927,0.0,18750.04409498769
2024-05-13,tamil_nadu,600000.0,97971.25256673511,29031.471153420272,0.0,0.0,-16091.999999999985,173219.03402047398,83641.26396992854,49399.22685122568,24891.11432868724,18846.79071079078,0.0,-32147.153601261554
2024-05-20,tamil_nadu,600000.0,99351.1293634497,32340.210685326307,0.0,0.0,-13175.999999999987,193168.72567547558,73670.27081422505,48540.87411327113,31215.24056841394,18210.54027031089,0.0,-69099.9914904726
2024-05-27,tamil_nadu,600000.0,100731.00616016427,35586.85539094374,0.0,0.0,-14976.00000000003,183076.75062359357,77528.91560737307,46758.509273631884,35405.14451938725,15984.346853344863,0.0,-3057.5284284385784
2024-06-03,tamil_nadu,600000.0,102110.88295687885,38511.70046296924,0.0,0.0,-19835.999999999975,187642.04893429522,86548.14291294708,49124.70931525733,33558.66655571454,18093.338177644135,0.0,-2093.489315706477
2024-06-10,tamil_nadu,600000.0,103490.75975359343,40848.527083265566,0.0,0.0,-14508.0,195831.18859107178,83074.177933978,45476.736201542575,28793.97151310986,17378.95063897174,0.0,-14992.31171553302
2024-06-17,tamil_nadu,600000.0,104870.636550308,42341.379408974506,0.0,0.0,-10620.00000000003,184138.3370559398,87361.23718067062,47191.29004583737,28275.785475392968,16795.189760209647,0.0,-31089.855477333127
2024-06-24,tamil_nadu,600000.0,106250.51334702258,42761.09209181327,0.0,0.0,-19043.99999999998,181590.45225621274,86539.45898394722,48756.811801899705,29455.67140332818,16762.75479173609,0.0,-10219.7546759597
2024-07-01,tamil_nadu,600000.0,107630.39014373717,41920.58894791874,0.0,0.0,-16704.0,180858.44167935348,85548.41359775397,48518.55025240316,23714.57609224158,17781.451699662743,0.0,-28436.412413070793
2024-07-08,tamil_nadu,600000.0,109010.26694045174,39688.03972755147,0.0,0.0,-14831.999999999965,183199.88164542385,79646.99703821544,54686.834815848044,29089.109726191775,18411.126170072803,0.0,20516.743936245137
2024-07-15,tamil_nadu,600000.0,110390.14373716632,35997.081402669624,0.0,0.0,-13644.000000000016,185187.20210479133,80391.02134877816,55992.178854086895,29973.452085202538,19106.637872311767,0.0,-34645.71740500656
2024-07-22,tamil_nadu,600000.0,111770.0205338809,30853.476160268885,0.0,0.0,-16811.999999999985,194511.70617096993,79399.16030088266,56380.204678159695,26035.248316922112,17472.052366484666,0.0,-14793.868527569086
2024-07-29,tamil_nadu,600000.0,113149.89733059547,24337.780845170037,0.0,90000.0,-18684.000000000022,184985.5567875622,88276.57921734996,51439.3696030832,28899.91344113625,17449.613983311752,0.0,-7506.711208208627
2024-08-05,tamil_nadu,600000.0,114529.77412731005,16603.830291072827,0.0,0.0,-12132.000000000024,191707.08699436308,86135.9706828031,57033.28687337789,30409.31442131846,17538.353460563376,0.0,-11481.616850808754
2024-08-12,tamil_nadu,600000.0,115909.65092402464,7873.076706974295,0.0,0.0,-11843.999999999975,183633.64175463226,84046.66548068073,56079.3460136626,30153.559483347697,17926.738726851923,0.0,-11002.679090174375
2024-08-19,tamil_nadu,600000.0,117289.5277207392,-1574.934762424526,0.0,0.0,-9432.0,181970.16058615997,83445.40905929316,54147.764424431014,29524.326747404255,16298.498232864515,0.0,-21324.75200846775
2024-08-26,tamil_nadu,600000.0,118669.40451745379,-11415.451725787723,0.0,90000.0,-15335.999999999989,201249.5599843664,89621.05986336124,54940.347781489945,29185.717557801927,17030.46086576409,0.0,-8644.098844449545
2024-09-02,tamil_nadu,600000.0,120049.28131416837,-21294.064775178435,0.0,0.0,-14003.999999999976,198952.70264196387,77312.31670131277,55342.50440438955,27336.614236855345,18936.66129089041,0.0,-1133.0158144017253
2024-09-09,tamil_nadu,600000.0,121429.15811088294,-30844.070949727586,0.0,0.0,-19007.999999999985,185248.46239581186,79377.72669218396,54865.3167934939,28928.23903471026,18209.471592707076,0.0,-16355.30367006255
2024-09-16,tamil_nadu,600000.0,122809.03490759754,-39704.69299513447,0.0,0.0,-17603.999999999978,205940.11517117728,77474.45293551013,57155.123113728114,34002.2116249357,19530.983162978635,0.0,24183.77207920691
2024-09-23,tamil_nadu,600000.0,124188.91170431212,-47539.14546630976,150000.0,0.0,-17172.000000000025,226752.98385642644,90826.3292940765,58481.25000451525,36181.977554472855,21107.294615462095,68849.16452797085,20027.233909073508
2024-09-30,tamil_nadu,600000.0,125568.78850102669,-54051.544825339275,0.0,0.0,-13644.000000000016,220938.81792043408,89993.28660698282,59588.363293293725,36610.41388543645,20584.145116008192,101793.98968527178,-20347.26018311451
2024-10-07,tamil_nadu,600000.0,126948.66529774127,-59001.72409880939,0.0,0.0,-8676.000000000004,222708.25433114322,78117.3507361804,63287.2479620602,34369.75810399229,22299.303388316042,121132.36983039998,-10361.22555102393
2024-10-14,tamil_nadu,600000.0,128328.54209445586,-62217.129765171994,0.0,0.0,-17892.00000000003,220808.325801654,78097.0809147728,63919.871294974524,33375.659197843626,20931.075820499616,128746.20673892532,31241.36790204621
2024-10-21,tamil_nadu,600000.0,129708.41889117043,-63601.14264039862,0.0,0.0,-12060.000000000031,226916.42194084564,82408.9020376594,61972.99115705058,35630.43224507621,21393.31318090874,132285.7915191798,-35347.1283314923
2024-10-28,tamil_nadu,600000.0,131088.295687885,-63137.36620932477,210000.0,0.0,-12708.00000000004,230040.75453964036,90327.02274835912,62896.1696913686,37567.886944826765,22067.129617618797,140966.66050028932,18820.446479336904
2024-11-04,tamil_nadu,600000.0,132468.17248459958,-60889.65353818935,0.0,0.0,-13752.000000000004,239605.44580762536,89434.75551531957,62975.226842181735,39953.87926223194,22369.752304505055,118943.10090819513,21503.320413531113
2024-11-11,tamil_nadu,600000.0,133848.04928131416,-56997.88453201751,0.0,0.0,-15120.000000000013,233783.9931393595,87070.89699368206,61941.58437960789,37866.938612279715,21369.518872975375,93895.37769055145,29170.525562247196
2024-11-18,tamil_nadu,600000.0,135227.92607802874,-51669.74505675701,0.0,0.0,-14147.99999999996,224512.73398575175,80048.02978327259,61553.65646973738,38239.1969528249,22674.526465585717,69062.61839774463,3033.0569238113444
2024-11-25,tamil_nadu,600000.0,136607.80287474333,-45168.984571665875,0.0,0.0,-17856.000000000033,237796.25689318313,85355.79631525483,60911.00577034144,37475.17088294025,20117.245067203832,47577.58273875379,-13255.875970755014
2024-12-02,tamil_nadu,600000.0,137987.6796714579,-37800.8264996925,0.0,0.0,-21060.0,215848.39173843755,79965.62827088062,57645.23011644319,36776.3413487497,18587.290083359323,31072.38905712096,7499.876213243325
2024-12-09,tamil_nadu,600000.0,139367.55646817246,-29895.364280107442,0.0,90000.0,-18323.99999999998,199906.29438627092,88239.6325779534,56779.69083469641,35305.896893044555,17414.170384327783,69808.57719620127,44678.54553944049
2024-12-16,tamil_nadu,600000.0,140747.43326488705,-21789.886818677376,0.0,0.0,-11195.999999999965,207347.69589592796,86561.59281053972,54120.38201125633,35714.49730620551,16748.423522932324,95756.63688639236,-3727.774879463808
2024-12-23,tamil_nadu,600000.0,142127.31006160163,-13811.133562014033,0.0,0.0,-13139.99999999999,202416.7388369785,84421.4892296299,60499.21561455998,35729.85818543447,19474.34083607505,109851.34246606429,32593.838331670337
2024-12-30,tamil_nadu,600000.0,143507.1868583162,-6258.478489012038,60000.0,0.0,-10475.999999999965,215490.51579911294,85602.22321777385,62674.4717567969,37648.945245150346,19893.494608365687,122125.69261155651,23213.948391939823
2025-01-06,tamil_nadu,600000.0,144887.0636550308,-85.70827778778545,0.0,0.0,-24011.999999999993,216604.26297527543,81794.77355568252,60450.22135655525,36775.99552587804,21104.925764257245,128614.16260184509,-20165.697156736598
2025-01-13,tamil_nadu,600000.0,146266.94045174538,6000.842149460775,120000.0,0.0,-29087.999999999993,233510.9940381764,88996.4758214372,59930.57442635266,34722.5573720573,20236.451969897626,134035.0167106321,-13612.852939759434
2025-01-20,tamil_nadu,600000.0,147646.81724845993,11074.3419614548,0.0,0.0,-29664.00000000001,227935.1638770056,83661.09266001057,59719.93097950359,33158.421825807025,22293.669738457414,110074.42437408364,-17380.862664782348
2025-01-27,tamil_nadu,600000.0,149026.69404517455,15056.746232250847,0.0,0.0,-30384.00000000001,221984.769000373,83315.84886480533,58823.950350287465,30434.356982261725,19694.178258103275,84697.24686342217,49342.20940332188
2025-02-03,tamil_nadu,600000.0,150406.5708418891,17939.53369374331,0.0,90000.0,-36972.00000000001,215439.51788576628,88468.61307004612,58175.70601831216,30681.073862179783,18617.84527963953,60773.70219981575,-4140.562851392289
2025-02-10,tamil_nadu,600000.0,151786.44763860368,19780.99287204601,0.0,0.0,-38412.00000000001,188035.78414850074,88452.08548410315,54606.95867478277,30141.242784563572,16497.50362740405,40999.84513209482,17471.139637901284
2025-02-17,tamil_nadu,600000.0,153166.32443531827,20699.60353134033,0.0,0.0,-27288.000000000033,192754.57463141478,87536.46366020484,51319.43312180996,29660.74815668665,18011.902153266383,26357.018540805228,-18798.06823084626
2025-02-24,tamil_nadu,600000.0,154546.20123203285,20863.942583953376,0.0,90000.0,-22464.000000000004,210911.2643600163,87913.9697480223,50333.79462413115,26112.749141813234,20855.216592361896,16372.735433224449,21910.126284444497
2025-03-03,tamil_nadu,600000.0,155926.0780287474,20479.74425507968,0.0,90000.0,-33479.99999999999,215915.90151093545,83686.85472955722,51196.47502150635,30284.633144517928,18061.38854139727,9327.177050130744,22535.747718128197
2025-03-10,tamil_nadu,600000.0,157305.95482546202,19774.907885281144,0.0,90000.0,-24911.999999999975,197847.93071509252,92606.7125158581,50120.66931326094,30708.98298021278,16763.060495147223,4970.928893172066,9112.85237651311
2025-03-17,tamil_nadu,600000.0,158685.83162217657,18983.3638804428,0.0,90000.0,-29016.0,208233.14258205323,93391.54964187263,55925.65183864206,28376.915973981282,17131.012285470155,2447.4193166769865,-27630.88714131566
2025-03-24,tamil_nadu,600000.0,160065.70841889115,18328.77223592617,0.0,0.0,-30671.999999999978,195245.51785587324,84746.8482279069,56780.75288188791,33435.61836981627,17742.87703936156,992.5850137077015,17070.31995662926
2025-03-31,tamil_nadu,600000.0,161445.58521560574,18009.035108728367,0.0,0.0,-29123.99999999999,209314.69990064617,85222.86699527918,58590.63036195881,32186.048299843842,18393.914676639593,273.82451878441884,7543.39492251383
2025-04-07,tamil_nadu,600000.0,162825.46201232032,18182.554719658707,0.0,0.0,-30599.999999999985,205958.73833426353,86374.16534325307,58244.009665605285,30801.39098648781,19075.2023000599,0.0,22976.476638351556
2025-04-14,tamil_nadu,600000.0,164205.3388090349,18957.063380419113,0.0,0.0,-27972.000000000036,196238.14766740435,86338.60531794548,55465.63222155638,25528.902226509326,20132.58377806562,0.0,11926.726599064816
2025-04-21,tamil_nadu,600000.0,165585.2156057495,20381.699743371068,0.0,0.0,-26963.99999999999,185790.15144816568,81320.66991711508,57896.16473499611,27045.417193489317,19282.069604346656,0.0,-1343.3882472334903
2025-04-28,tamil_nadu,600000.0,166965.09240246407,22442.81333982506,0.0,0.0,-23220.0,184995.5785312706,92005.0117147329,54706.915518511065,32509.512682107772,19196.541182700912,0.0,24349.53462838785
2025-05-05,tamil_nadu,600000.0,168344.96919917862,25063.759257643615,0.0,90000.0,-35747.99999999998,201224.60977132665,99443.46763851198,58506.46520211145,33722.376662690855,17516.151805334815,0.0,23002.200463202058
2025-05-12,tamil_nadu,600000.0,169724.84599589324,28108.709194490602,0.0,90000.0,-31535.999999999964,206057.2728826546,87777.87766123969,56403.73921236658,31122.444214847943,18122.972670440457,0.0,8854.138168066866
2025-05-19,tamil_nadu,600000.0,171104.7227926078,31390.267785878215,0.0,0.0,-31176.000000000004,203735.96856906332,88949.13388406188,55490.689709059276,27085.24374797554,19475.498452186413,0.0,25616.475059167653
2025-05-26,tamil_nadu,600000.0,172484.59958932237,34680.45782639825,0.0,90000.0,-35280.00000000003,198143.7362202933,95325.48121107195,54199.16035954965,24460.09757486558,21260.79785608153,0.0,-27831.330637582305
2025-06-02,tamil_nadu,600000.0,173864.47638603696,37724.43786327195,0.0,0.0,-28872.00000000002,210043.25845888283,87595.76952019891,57085.48362626897,31148.826559425277,20318.793277922716,0.0,-45537.04569200768
2025-06-09,tamil_nadu,600000.0,175244.35318275154,40256.15227818865,0.0,0.0,-27468.00000000001,208215.46879878754,83450.00850465275,54741.9225804425,34042.373470029204,19523.63715005131,0.0,52299.08403509664
2025-06-16,tamil_nadu,600000.0,176624.2299794661,42014.996897631376,0.0,0.0,-30420.000000000007,205262.8243128323,86145.21122661937,57234.0189843228,28427.676414854588,17182.809959433533,0.0,-46030.76777515997
2025-06-23,tamil_nadu,600000.0,178004.1067761807,42762.51922135378,0.0,0.0,-27360.000000000025,202297.10337880524,87168.73050352604,54480.79695097216,26995.451910391264,17722.256768914922,0.0,-14142.96551014382
2025-06-30,tamil_nadu,600000.0,179383.98357289526,42298.16530191498,0.0,0.0,-28403.99999999999,198795.2779799041,94992.1019557617,54761.991393432785,31503.229714689798,17253.15562389966,0.0,-66778.90554249845
2025-07-07,tamil_nadu,600000.0,180763.86036960984,40473.13562578103,0.0,0.0,-23868.00000000001,213479.93490896776,93854.980376582,59814.241098648345,30094.9264668573,18693.675857243205,0.0,-22121.75470368931
2025-07-14,tamil_nadu,600000.0,182143.73716632443,37201.517202301104,0.0,0.0,-24803.999999999985,202173.5151372633,87209.07212448886,56672.54461169225,28941.958392690958,20149.851515981685,0.0,11763.803849257754
2025-07-21,tamil_nadu,600000.0,183523.613963039,32468.012470660797,0.0,0.0,-28044.00000000003,199820.3195353439,86730.51379244117,57184.38253962216,29079.704809298808,19485.154660057837,0.0,35642.2982295363
2025-07-28,tamil_nadu,600000.0,184903.49075975356,26331.778787334402,0.0,90000.0,-29375.999999999964,197595.57620680032,92254.48951260284,54821.66995392805,35418.15044285195,18472.849042886293,0.0,33818.9952938424
2025-08-04,tamil_nadu,600000.0,186283.36755646818,18926.11405616569,0.0,90000.0,-24875.999999999978,220214.02444603786,94335.19639469488,57661.63323083974,36554.514068297474,18697.800765740372,0.0,429.34948175566916
2025-08-11,tamil_nadu,600000.0,187663.24435318273,10453.961746604506,0.0,0.0,-33948.000000000015,208273.90341482923,90625.16798438739,54278.40470969213,34672.90706009866,19624.95297249219,0.0,37409.45775871327
2025-08-18,tamil_nadu,600000.0,189043.1211498973,1179.448423604086,0.0,0.0,-22356.000000000015,200492.0826049006,90476.15954318493,55895.23235385417,33354.07069065911,17653.398895349674,0.0,-40338.513661450044
2025-08-25,tamil_nadu,600000.0,190422.9979466119,-8584.104840066,0.0,0.0,-35135.99999999997,203800.2816037062,86143.43909030272,55788.90973965772,27867.39534931401,18983.191923688297,0.0,-5344.110813214612
2025-09-01,tamil_nadu,600000.0,191802.87474332648,-18489.052345489214,0.0,0.0,-23940.0,201313.38811177987,88593.60144008392,57322.25719021055,28790.929910328665,20124.21492656719,0.0,-22412.213976807452
2025-09-08,tamil_nadu,600000.0,193182.75154004106,-28170.363203608664,0.0,0.0,-26243.99999999999,210329.30034842246,87968.49696120564,60655.56888701834,31105.710727679805,18394.006642707573,0.0,14579.528096533733
2025-09-15,tamil_nadu,600000.0,194562.62833675565,-37263.69785003209,0.0,0.0,-24408.00000000003,239207.5553687325,87851.17674650397,60890.178905110384,34998.06602689901,19983.950312032095,72718.0622683247,13198.079885673835
2025-09-22,tamil_nadu,600000.0,195942.50513347023,-45423.6215948859,150000.0,0.0,-34812.0,257403.59243812997,94240.62868936555,62052.603915907326,41485.819809166256,23046.52019056182,117092.43118172741,-75189.47976344281
2025-09-29,tamil_nadu,600000.0,197322.38193018478,-52340.94469158121,0.0,0.0,-33768.00000000004,256005.45257676937,90131.93302413437,63828.97221839314,39144.84604469996,24067.007508493833,132403.46417797508,12028.887210930681
2025-10-06,tamil_nadu,600000.0,198702.2587268994,-57758.2256733834,0.0,0.0,-29520.000000000025,250507.8218579374,84291.0723930028,63204.86964356335,43133.28044724799,22840.547072867896,141776.51809570103,-5973.142563836229
2025-10-13,tamil_nadu,600000.0,200082.13552361395,-61482.57702659066,0.0,0.0,-34271.999999999985,248224.0788183445,89897.05678603823,63603.07885761916,42590.05875850879,24192.382844238622,143894.99555671014,11085.789881517518
2025-10-20,tamil_nadu,600000.0,201462.01232032853,-63395.06379147071,210000.0,0.0,-27288.000000000033,259850.10617451175,97880.22809622716,65309.65610541188,38370.15983648165,24135.73044713373,145802.97330701916,-60525.80249564295
2025-10-27,tamil_nadu,600000.0,202841.88911704312,-63456.177721506756,0.0,0.0,-30599.999999999985,247610.56830731695,93388.09743124606,65945.2681916889,36705.9560293448,23240.16949055746,124912.48661356268,-785.2574592530805
2025-11-03,tamil_nadu,600000.0,204221.7659137577,-61707.09117014756,0.0,0.0,-31104.00000000001,245480.89483871532,84024.48019871552,68288.57048895495,40647.57426766513,22957.87217765074,100359.98695352735,54695.946331160725
2025-11-10,tamil_nadu,600000.0,205601.64271047225,-58266.63319686096,0.0,0.0,-34199.99999999999,241086.7499704019,86408.63664381903,65343.25053799899,36779.53582336433,21662.12737597848,75141.34201848347,9407.34811634274
2025-11-17,tamil_nadu,600000.0,206981.51950718687,-53324.17181101347,0.0,0.0,-26028.00000000001,237287.50997363252,92925.79831198917,65395.91841834879,36329.65403305136,20121.296731997878,52581.09985844426,3408.374976362815
2025-11-24,tamil_nadu,600000.0,208361.39630390142,-47128.816947038744,0.0,0.0,-31140.000000000007,219762.54686432818,84316.00372326167,66195.0823646677,35388.741954357516,19217.779613750376,34761.00330773734,6708.262815034393
2025-12-01,tamil_nadu,600000.0,209741.273100616,-39975.565454190466,0.0,90000.0,-34488.00000000004,222521.6928491282,94229.9734010165,64233.11749395997,32574.28117542197,19288.95611740678,22019.12629229412,5897.145024346988
2025-12-08,tamil_nadu,600000.0,211121.1498973306,-32189.18024080777,0.0,90000.0,-32219.999999999967,215230.61067987196,90828.61291294858,63456.79538093436,35010.693197481545,19194.82064273624,67949.14171853471,25795.35581096977
2025-12-15,tamil_nadu,600000.0,212501.02669404517,-24106.72095628841,0.0,0.0,-31680.00000000003,199096.9274304034,87564.58063262513,63147.93461980725,33611.0072470651,21260.15546174976,101397.99218749003,-27812.90331689761
2025-12-22,tamil_nadu,600000.0,213880.90349075972,-16059.716074975015,0.0,0.0,-31608.000000000036,216181.10913428664,86905.74337442417,63848.130845291416,32902.48252175607,18840.836455255583,117668.70053485334,-25693.19028165162
2023-01-02,west_bengal,486000.0,0.0,-3211.648502593391,0.0,72900.0,4723.919999999997,58184.887804500795,64522.21660623077,28522.579308240565,28789.032410697884,15631.732441511484,0.0,-24394.7200685882
2023-01-09,west_bengal,486000.0,1117.700205338809,2137.5899759227273,0.0,0.0,-1924.5599999999822,71733.40761573709,62316.36822135068,42932.65449156091,28272.79550958698,14963.951124192099,0.0,16184.092856310792
2023-01-16,west_bengal,486000.0,2235.400410677618,6727.368223584205,0.0,0.0,3761.6400000000067,74113.09399864943,65866.65534805994,44492.19354986956,31207.651372227963,16039.120489017167,0.0,36082.87660791414
2023-01-23,west_bengal,486000.0,3353.100616016427,10462.582729544498,0.0,0.0,1662.1200000000113,76043.98935952573,68985.00644765166,45129.14812234871,25864.79513368974,16067.700499710685,0.0,-11358.442908487536
2023-01-30,west_bengal,486000.0,4470.800821355236,13304.209017003317,0.0,0.0,1691.280000000008,76748.16986512061,65090.27872567001,40624.135616527885,27244.835390361386,15390.22993523086,0.0,23028.060628730804
2023-02-06,west_bengal,486000.0,5588.501026694045,15268.996871553549,0.0,0.0,1574.6399999999885,71635.74199430688,66133.79508139244,44677.50395098488,26145.295712414572,14971.648383125477,0.0,10596.876979528186
2023-02-13,west_bengal,486000.0,6706.201232032854,16425.88545384158,0.0,0.0,-1895.3999999999855,66522.68797821528,66961.00268343644,44383.73473534986,30614.624846097162,15123.154753523133,0.0,283.10831750357323
2023-02-20,west_bengal,486000.0,7823.901437371664,16889.383137283898,0.0,72900.0,1603.7999999999852,69471.7201574323,70589.59082403535,42843.397690219084,36401.75175807768,15475.830522798442,0.0,835.6244727816442
2023-02-27,west_bengal,486000.0,8941.601642710471,16810.332442063045,0.0,0.0,2566.0800000000086,68338.64413544766,68085.02386215857,46427.2149812561,31266.70686418567,15668.53654266492,0.0,-11589.140470486274
2023-03-06,west_bengal,486000.0,10059.301848049281,16364.631148852148,0.0,0.0,-408.2400000000198,64264.78395678931,64055.13417318247,44453.24119366944,31396.763033358955,14956.64733748513,0.0,21659.73730861339
2023-03-13,west_bengal,486000.0,11177.00205338809,15740.597873632254,0.0,0.0,-4607.280000000011,70318.82350564201,68720.73430143797,42296.7502896357,32258.108392955375,16435.700340758205,0.0,-18391.43675744959
2023-03-20,west_bengal,486000.0,12294.702258726898,15125.747314975979,0.0,0.0,2682.7199999999957,71366.74224418605,68039.08919439986,43929.9347964449,31908.192193482213,15635.58478535745,0.0,-26075.712787573473
2023-03-27,west_bengal,486000.0,13412.402464065708,14693.77262580266,0.0,0.0,-233.2799999999743,81394.24176807636,63597.81496678622,39182.923564495264,31808.846200416356,14818.3125868284,0.0,-27036.03417647094
2023-04-03,west_bengal,486000.0,14530.102669404516,14592.51807845571,0.0,0.0,699.8399999999876,72609.49265217253,68479.92286351614,41566.57554790019,36685.48193333722,15301.484094201849,0.0,5404.58216101199
2023-04-10,west_bengal,486000.0,15647.802874743327,14933.665243163528,0.0,0.0,-2391.119999999996,73281.87305270621,68973.49938366954,42728.174160690935,37176.87987933564,15048.222390606443,0.0,33040.00301508432
2023-04-17,west_bengal,486000.0,16765.503080082133,15784.753786212601,0.0,0.0,-349.9200000000262,70352.37405392452,65617.54169741388,45407.282668503816,33970.01154203746,15590.22684294456,0.0,-25319.773671118837
2023-04-24,west_bengal,486000.0,17883.203285420943,17164.019656067125,0.0,0.0,2711.879999999993,67987.66682855303,68997.39897810815,41108.926235825464,29282.459060054443,15396.698858742722,0.0,-5192.252902771833
2023-05-01,west_bengal,486000.0,19000.903490759752,19038.366900115914,0.0,0.0,5365.439999999991,70515.94059087557,67935.05480209476,42653.98253548682,28974.831394654735,15295.190543446224,0.0,3346.2897425661254
2023-05-08,west_bengal,486000.0,20118.603696098562,21324.60431028584,0.0,0.0,-1137.2400000000043,66502.82643060449,63025.28008789325,48655.737968231864,28405.84508105329,16276.196812329892,0.0,6158.145613502763
2023-05-15,west_bengal,486000.0,21236.30390143737,23893.8852737753,0.0,72900.0,4140.7199999999975,80095.43373879831,72069.04637184597,48852.42981086918,36054.56618359013,14827.189129952072,0.0,-16080.574410268198
2023-05-22,west_bengal,486000.0,22354.00410677618,26579.09979886279,0.0,0.0,-1253.8799999999915,71681.40507296467,70594.46029215388,45310.73543852278,31873.36704148341,15653.731621028246,0.0,1892.0766282079828
2023-05-29,west_bengal,486000.0,23471.704312114987,29184.792693260668,0.0,0.0,-3499.200000000003,64751.390143084995,69931.36730371809,45086.51107558609,36139.69157604416,15844.09744588569,0.0,20145.645450305172
2023-06-05,west_bengal,486000.0,24589.404517453797,31499.03146105266,0.0,0.0,-5277.960000000002,65751.66410727918,70992.46867140684,41558.20896066579,31700.39437936099,16162.550212825076,0.0,29473.23768995576
2023-06-12,west_bengal,486000.0,25707.104722792606,33306.530402404554,0.0,0.0,291.60000000000025,61030.98278079882,67391.26982603654,42724.696742421766,29744.21679856101,16340.342231247487,0.0,-9287.743504262717
2023-06-19,west_bengal,486000.0,26824.804928131416,34402.260471854504,0.0,0.0,-874.7999999999683,58203.47215493491,69866.82488984444,45905.85621325234,26653.433156912917,16383.466312174332,0.0,-41583.31812710476
2023-06-26,west_bengal,486000.0,27942.505133470226,34604.74218046315,0.0,72900.0,-612.3599999999973,76853.28601661978,74968.84001733678,47727.12513569331,36012.77765679349,15840.254749812053,0.0,1715.8291098112504
2023-07-03,west_bengal,486000.0,29060.20533880903,33768.23313842109,0.0,0.0,-4024.08000000001,72168.88136391259,68796.51200699434,45521.99318796688,33308.5999244793,16514.208045101168,0.0,14300.446994315631
2023-07-10,west_bengal,486000.0,30177.905544147845,31793.08195949921,0.0,0.0,787.3200000000104,74766.16724304979,69443.41609217794,46163.21754273215,31864.394051491145,15897.524467603966,0.0,-18570.026900702163
2023-07-17,west_bengal,486000.0,31295.605749486655,28633.622769779275,0.0,0.0,1137.2400000000043,71766.11391356602,69773.49190006066,48620.673055242085,30792.696632657244,16663.998514692714,0.0,21065.557464515387
2023-07-24,west_bengal,486000.0,32413.30595482546,24303.12361084568,0.0,0.0,6298.559999999986,63273.415425407366,69386.4955481647,48656.688806806975,31946.978939477856,15811.886462109343,0.0,15291.545252362786
2023-07-31,west_bengal,486000.0,33531.00616016427,18875.469618218896,0.0,0.0,1166.400000000001,70890.57980932365,68697.04040928738,47011.691753795065,29590.912173212197,16837.274238358517,0.0,7744.6258376401765
2023-08-07,west_bengal,486000.0,34648.70636550308,12483.448351399846,0.0,0.0,-787.319999999978,75170.25648478,63693.32943442412,48249.55693683706,31449.866669286497,16087.867737127379,0.0,17419.28802064202
2023-08-14,west_bengal,486000.0,35766.406570841886,5313.699316356573,0.0,0.0,291.60000000000025,76595.21683233207,65021.284509157456,47670.03723040916,33691.07372785964,15906.906911964026,0.0,19095.774901079287
2023-08-21,west_bengal,486000.0,36884.10677618069,-2401.4186604471756,0.0,0.0,-2420.2799999999925,76452.15338180275,69143.66093640072,53313.345336064216,32379.48726149551,17037.83020950964,0.0,-18659.88524100644
2023-08-28,west_bengal,486000.0,38001.806981519505,-10394.611022293797,0.0,0.0,-2420.2799999999925,73693.92341146803,71202.41871669369,51187.05742106084,33126.56572905339,15692.613479347106,0.0,-6439.494716848769
2023-09-04,west_bengal,486000.0,39119.50718685832,-18376.497662082777,0.0,0.0,-4957.199999999972,80009.6418268437,70682.11226911772,51062.916857707285,35259.528882441286,16423.56955286744,0.0,2222.4210862468844
2023-09-11,west_bengal,486000.0,40237.207392197124,-26049.825306215233,0.0,72900.0,3499.200000000003,73867.16509855828,70095.24217675393,50266.91319182893,40102.81196284449,16233.122779919893,0.0,9408.162704112672
2023-09-18,west_bengal,486000.0,41354.90759753594,-33124.25782306142,0.0,0.0,-1224.7199999999946,80561.97883041778,68108.66784498365,54882.39335542995,35911.77939364784,16031.483983501286,16837.195618919326,45513.57119862555
2023-09-25,west_bengal,486000.0,42472.60780287474,-39330.925029818674,0.0,0.0,-728.9999999999844,84206.52160217061,68516.98477346858,51951.631607851385,37243.893382536364,17239.85291971412,42730.753585133025,5688.679356069727
2023-10-02,west_bengal,486000.0,43590.30800821355,-44435.92222647108,121500.0,0.0,1603.7999999999852,82938.56790401824,73887.61030085936,51380.43810241878,43199.104794804,18929.028628918462,60219.93060702349,-36024.86611978464
2023-10-09,west_bengal,486000.0,44708.00821355236,-48252.010502490506,0.0,0.0,1749.6000000000015,87334.96658824511,67114.3972468282,53646.91511727383,40854.57028043546,20389.098489010925,76851.8407413218,22935.613825822846
2023-10-16,west_bengal,486000.0,45825.70841889117,-50647.86854340792,0.0,0.0,-1108.0800000000074,108222.23026199234,61882.671965625785,60276.70776832522,43944.23219749569,19727.60460556874,83566.72743626703,33795.06588924204
2023-10-23,west_bengal,486000.0,46943.408624229975,-51554.384444925425,97200.0,0.0,-1078.9200000000108,109857.9196200836,66944.90387220973,60150.85985021663,47359.58378778916,19472.131048287123,91779.94652629047,10837.551115818826
2023-10-30,west_bengal,486000.0,48061.10882956879,-50967.64302038411,0.0,0.0,2157.839999999989,101057.4848215042,67703.24590937211,59562.9986753065,47968.68257449547,19752.778350562374,93831.04457046775,-12328.5407108931
2023-11-06,west_bengal,486000.0,49178.809034907594,-48948.45068111209,170100.0,0.0,-2187.000000000018,98400.06514614455,73824.9636702213,58596.71300245706,45324.47267028228,18846.184827764486,98075.45486339182,-25417.21253405695
2023-11-13,west_bengal,486000.0,50296.50924024641,-45618.43546809364,0.0,0.0,816.4800000000072,94003.2911555435,67266.06836086468,58972.50451169536,48614.22463014483,18782.651706649594,73680.37414708179,24806.331715867487
2023-11-20,west_bengal,486000.0,51414.20944558521,-41152.952996185435,0.0,0.0,-145.79999999998395,94631.88171246604,69263.49613141023,62386.1960663884,43311.22220459739,18308.201560977308,51715.96584492652,16179.580029834244
2023-11-27,west_bengal,486000.0,52531.909650924026,-35771.20885324836,0.0,0.0,1545.4799999999916,94492.77791340408,70051.6466246374,58779.91328795202,42308.28153838812,19520.958473380466,34271.60479296507,6366.636571597239
2023-12-04,west_bengal,486000.0,53649.60985626283,-29724.164065288387,0.0,0.0,29.15999999999679,96870.14878232253,72457.62368522871,57129.10558196682,41213.88851431686,18180.18433994239,21746.657967001225,-5060.214661753063
2023-12-11,west_bengal,486000.0,54767.31006160164,-23280.913653169853,0.0,0.0,5423.759999999986,98730.69747150388,65523.65818504183,56257.95676518482,38450.551146515274,17549.7509520744,13086.933388018273,-2366.7043167704187
2023-12-18,west_bengal,486000.0,55885.01026694045,-16714.31200894055,0.0,0.0,-408.2400000000198,90877.85319429691,67193.34005547587,53924.28297462426,40646.672211180456,17097.099734109852,7527.416771463048,-22041.123199150257
2023-12-25,west_bengal,486000.0,57002.71047227926,-10286.658043077457,0.0,0.0,2828.5200000000123,83628.68166761931,70212.32142063811,49265.40188675162,39646.488950952466,16688.257389245835,4165.817929473388,-7617.541673882351
2024-01-01,west_bengal,486000.0,58120.41067761806,-4029.8048820402228,48600.0,0.0,-13967.640000000016,85380.1588452265,73388.43463416994,50243.086117530824,44238.06134653961,17198.804393112365,2143.454161304529,60188.034706538376
2024-01-08,west_bengal,486000.0,59238.110882956884,1417.007553994591,0.0,0.0,-7610.760000000004,79670.57661516989,72064.64218222079,49046.29167619327,36912.970922438544,16838.224331098838,1036.4755689309725,20525.460266996306
2024-01-15,west_bengal,486000.0,60355.81108829569,6122.388219911821,0.0,0.0,-11430.719999999972,78928.2055254936,70446.86263555223,50387.45397263211,40670.98398025967,17376.67091856226,407.9094297085625,29895.43422958422
2024-01-22,west_bengal,486000.0,61473.511293634496,9983.392728246943,0.0,0.0,-13442.76000000001,74322.82468829025,72796.87260843719,51311.274390242164,38257.35422915654,16010.375416472543,116.3435562079489,-30882.18891068821
2024-01-29,west_bengal,486000.0,62591.21149897331,12952.925881488918,0.0,0.0,-11255.759999999991,78288.47344047783,69546.19836238677,50902.05640559181,38782.710546338254,15452.091878791445,0.0,-47914.90801404841
2024-02-05,west_bengal,486000.0,63708.911704312115,15039.914482591626,0.0,0.0,-14171.759999999993,76561.27042025127,70908.67722102389,47589.45006207625,36170.2048037874,15806.810282325334,0.0,35039.52102363215
2024-02-12,west_bengal,486000.0,64826.61190965092,16306.180372525823,0.0,0.0,-7960.680000000029,76944.12358974789,72387.84630930309,45681.65967342645,35390.16003288701,15141.829276535853,0.0,39590.268835922936
2024-02-19,west_bengal,486000.0,65944.31211498973,16860.232011348788,0.0,0.0,-11226.599999999993,77504.13950990928,68197.97701388819,46818.55722101663,39696.23495106434,16672.486083896416,0.0,-9545.33890611345
2024-02-26,west_bengal,486000.0,67062.01232032853,16848.371194330328,0.0,0.0,-9302.040000000012,76211.4790534692,71032.61353866287,50486.226630071826,38544.74691157074,17054.32468551265,0.0,-27254.734333946144
2024-03-04,west_bengal,486000.0,68179.71252566735,16443.666324266876,0.0,0.0,-11226.599999999993,74964.02646782291,67921.59888769813,50199.70596152565,36474.51403396775,16609.30071270219,0.0,21919.075086348945
2024-03-11,west_bengal,486000.0,69297.41273100616,15833.466110377152,0.0,0.0,-11955.599999999979,76775.26115342838,68412.95004797078,47993.307036418395,33846.62818306485,15716.316737368641,0.0,24478.258000365837
2024-03-18,west_bengal,486000.0,70415.11293634496,15206.210575262263,0.0,0.0,-9360.360000000004,65118.26341833553,65317.98571637909,48656.47738065346,31790.251289824166,16011.129606577546,0.0,3328.9290766228387
2024-03-25,west_bengal,486000.0,71532.81314168377,14738.335050750813,0.0,0.0,-8748.000000000007,75554.61155878984,68252.79518225818,46798.1117292979,33470.50049847694,15723.711259296342,0.0,17323.12157944629
2024-04-01,west_bengal,486000.0,72650.51334702258,14582.055216992698,0.0,72900.0,-10935.000000000025,70015.31202824868,69487.80409859405,48698.44125826712,37005.186389765,17532.894728572744,0.0,-28021.20706746282
2024-04-08,west_bengal,486000.0,73768.21355236138,14854.767659840649,0.0,0.0,-11518.200000000026,70596.60311651675,71207.0941057074,50623.54485722984,34048.09172040072,17624.94567614532,0.0,-18755.0606882018
2024-04-15,west_bengal,486000.0,74885.9137577002,15630.704021483987,0.0,0.0,-9856.080000000014,79646.67609529293,70129.68132255196,49047.80611735228,34664.961863909055,15223.675561728722,0.0,-1093.3387400192723
2024-04-22,west_bengal,486000.0,76003.61396303901,16935.34320842986,0.0,0.0,-11838.959999999992,70878.07924392946,69883.46710953455,49361.13636338294,36944.45069594504,16570.82322038412,0.0,-15895.95380464495
2024-04-29,west_bengal,486000.0,77121.31416837781,18742.923062574424,0.0,0.0,-11955.599999999979,74515.28765038015,67970.2508212181,49477.59013196555,41980.03897893359,17477.977905670818,0.0,261.21728087953244
2024-05-06,west_bengal,486000.0,78239.01437371664,20977.209863096617,0.0,0.0,-10439.280000000015,74427.64378710653,69845.34323045217,45728.77760927379,39244.920142665454,17037.7399229587,0.0,-10651.36892926986
2024-05-13,west_bengal,486000.0,79356.71457905545,23515.49163427042,0.0,0.0,-13355.280000000019,78020.29101717935,71138.4076727657,46740.33245079183,40259.55207995809,16968.868704168202,0.0,17412.62186181095
2024-05-20,west_bengal,486000.0,80474.41478439425,26195.57065511431,0.0,0.0,-12742.920000000022,79853.59024798576,68276.54893962378,46207.45907587002,43457.3302488693,16522.091237837052,0.0,37054.914810305716
2024-05-27,west_bengal,486000.0,81592.11498973306,28825.352866664427,0.0,0.0,-12917.880000000001,78600.6663043089,69102.76041027275,46667.65538382693,37691.99244771899,15870.140262039964,0.0,-7520.8026645650025
2024-06-03,west_bengal,486000.0,82709.81519507187,31194.477375005084,0.0,0.0,-7785.719999999984,78262.36749436379,70886.30036147212,48868.33358441561,36025.883099259845,17106.455743523933,0.0,-13465.912853112262
2024-06-10,west_bengal,486000.0,83827.51540041067,33087.30693744511,0.0,0.0,-11926.439999999982,78578.30636940897,70061.26857058077,48242.17113311538,37075.503650264225,17089.101283667173,0.0,5744.266655107683
2024-06-17,west_bengal,486000.0,84945.21560574949,34296.51732126935,0.0,0.0,-10031.039999999995,84506.1037077472,73945.11058611948,52286.27012066132,36583.44913736246,16667.99645926992,0.0,6712.377061820775
2024-06-24,west_bengal,486000.0,86062.9158110883,34636.48459436875,0.0,0.0,-12334.680000000002,73135.10873125705,74080.34657363688,51705.48416309673,35098.64908578876,17202.2446489651,0.0,-9478.553608201439
2024-07-01,west_bengal,486000.0,87180.6160164271,33955.67704781418,0.0,0.0,-11343.239999999982,79118.7293273815,67368.25691688432,51229.249847404935,34953.856657178694,15122.512829324718,0.0,-36384.6586424153
2024-07-08,west_bengal,486000.0,88298.31622176591,32147.31217931669,0.0,0.0,-8281.439999999995,83604.85206657003,75936.94706640218,48969.54994823817,37120.028162143535,16639.79731132274,0.0,25039.637044240597
2024-07-15,west_bengal,486000.0,89416.01642710473,29157.635936162398,0.0,0.0,-10964.160000000024,78981.15786129216,73152.58290779448,50613.49267758934,35307.09923760052,16768.824994990922,0.0,-5034.650042534622
2024-07-22,west_bengal,486000.0,90533.71663244352,24991.315689817795,0.0,0.0,-8339.759999999987,88951.84666732968,74971.05200360801,49244.21106635573,35604.326594968166,15196.610535859745,0.0,-46766.319190382485
2024-07-29,west_bengal,486000.0,91651.41683778234,19713.60248458773,0.0,0.0,-6269.4000000000215,83839.79442847909,70375.72759438114,51189.16966672807,33530.92359817891,16433.220952431373,0.0,-37732.45556256847
2024-08-05,west_bengal,486000.0,92769.11704312115,13449.10253576899,0.0,0.0,-9389.520000000002,93224.28177303403,73834.74925491543,50028.09883233738,42981.25129357876,17417.376274946342,0.0,21786.54299229786
2024-08-12,west_bengal,486000.0,93886.81724845995,6377.192132649179,0.0,0.0,-10672.55999999999,86284.0529086224,72360.85117330033,48413.45800664377,38219.61015167837,17097.031941057016,0.0,-13882.45356241097
2024-08-19,west_bengal,486000.0,95004.51745379876,-1275.697157563866,0.0,0.0,-14055.120000000006,87042.11515459084,70169.37536090983,52514.54939850496,38618.35967874207,17057.82485218258,0.0,7455.07525883473
2024-08-26,west_bengal,486000.0,96122.21765913758,-9246.515897888055,0.0,0.0,-9535.319999999985,82218.97084750274,72571.13422253747,51055.292168721644,36164.90083508584,16851.349946214203,0.0,-24265.02978131148
2024-09-02,west_bengal,486000.0,97239.91786447637,-17248.192467894532,0.0,0.0,-10730.879999999983,85428.95142731063,72770.55940976882,51341.27035323782,39739.637936217274,17865.83305659614,19975.943448922226,16809.95897136532
2024-09-09,west_bengal,486000.0,98357.61806981519,-24983.697469279345,0.0,0.0,-17554.32000000001,86668.6548239407,71147.42251808105,51179.56633316069,37002.623177649766,16993.741421181647,42553.46827148623,-7448.077146035824
2024-09-16,west_bengal,486000.0,99475.318275154,-32160.80132605892,0.0,0.0,-6823.440000000025,94754.85411865315,72350.61954386313,53002.49041883247,41727.771926406735,18494.5513842087,55623.898460554476,-42617.26280161364
2024-09-23,west_bengal,486000.0,100593.01848049281,-38506.7078277109,121500.0,0.0,-6648.47999999998,98979.8050586949,76638.81597101089,52777.3040280964,49281.15213527764,20224.9025017445,72348.17954405725,-15174.989891663447
2024-09-30,west_bengal,486000.0,101710.71868583163,-43781.751308524814,0.0,0.0,-11984.759999999975,105284.63084926069,73235.31932990727,60065.75212019233,49462.4081281779,20403.132952635,85614.84973012528,-28724.300487605135
2024-10-07,west_bengal,486000.0,102828.41889117043,-47791.3965200356,97200.0,72900.0,-7319.159999999971,112300.95418533408,78355.13685356615,64158.36820318271,46544.24329774641,20071.382358431896,91012.43434558988,-15972.38161498616
2024-10-14,west_bengal,486000.0,103946.11909650924,-50395.87510978932,0.0,0.0,-12976.199999999995,111027.223898422,72670.43714140072,65340.67524820199,48607.97744268277,20111.236676731765,95333.34484556095,-7917.939239720003
2024-10-21,west_bengal,486000.0,105063.81930184805,-51516.925538722884,0.0,72900.0,-10730.879999999983,109774.32803571207,75776.09680971176,62980.93170288877,46517.420563909545,20128.504363844913,98292.18068646622,22453.524074341436
2024-10-28,west_bengal,486000.0,106181.51950718685,-51141.266629553065,170100.0,0.0,-6123.599999999973,109954.78762092286,79078.79863877414,65336.959895367945,44201.227941994744,20058.843642074968,101646.13448769791,-18704.405104466492
2024-11-04,west_bengal,486000.0,107299.21971252566,-49320.61936593337,0.0,0.0,-12072.24000000003,105976.77757203764,74578.02011817478,64875.122434941484,42918.87770527264,18893.21414174112,77157.18298108217,-32019.55529984214
2024-11-11,west_bengal,486000.0,108416.91991786448,-46168.28647093418,0.0,0.0,-7056.719999999999,100006.82750251619,70357.60604127258,65084.37354637768,40984.729719318624,19059.72631094971,54668.30190367339,11737.521528961652
2024-11-18,west_bengal,486000.0,109534.62012320328,-41852.49349597318,0.0,0.0,-13471.920000000006,89493.88029027024,68743.18425932623,65838.94185927685,44469.21603092635,19300.464253379683,36502.151989182,-1864.0453095913786
2024-11-25,west_bengal,486000.0,110652.32032854209,-36586.877503049356,0.0,0.0,-11226.599999999993,93121.85719856212,72007.82177790636,63549.70423751152,43391.255831968825,17391.43830680517,22912.588322377967,-19588.50850062482
2024-12-02,west_bengal,486000.0,111770.0205338809,-30618.66946475093,0.0,0.0,-4257.359999999984,88500.37485415967,70007.9262686068,61989.211049090205,38438.70825727623,18689.23928864875,13754.983837334592,25292.56537575375
2024-12-09,west_bengal,486000.0,112887.7207392197,-24215.24506688703,0.0,0.0,-11430.719999999972,83839.99660928715,67444.02693490271,59020.02003445752,42832.573039351664,17819.902212884743,7989.1982426715695,42742.52725411198
2024-12-16,west_bengal,486000.0,114005.42094455851,-17649.808323128673,0.0,0.0,-15134.040000000017,93289.15346408426,71367.58497042874,55039.379131537906,40756.74911491539,17874.6864941872,4392.800901871094,1049.0733015456358
2024-12-23,west_bengal,486000.0,115123.12114989733,-11187.018185231367,0.0,0.0,-16271.28000000002,79260.7475929921,70136.50963601493,57156.933729309494,40146.07445461773,17068.127564638,2256.996497271625,13673.787560490213
2024-12-30,west_bengal,486000.0,116240.82135523613,-5069.367576099751,48600.0,0.0,-12392.999999999995,87673.47015080415,72227.52758751363,55716.867864113716,43158.10745113797,17534.07388345042,1083.2221475290346,29428.277136314577
2025-01-06,west_bengal,486000.0,117358.52156057494,-69.42370500810621,0.0,0.0,-23590.43999999999,92940.94448445497,75777.30712312975,53871.365534996236,45325.38178868093,18356.456041022033,441.253836986213,28810.63333516296
2025-01-13,west_bengal,486000.0,118476.22176591377,4860.682141063227,0.0,0.0,-18283.319999999992,88581.93889913234,77609.46578548114,55284.95486840936,46206.555780766634,17152.561389878512,121.18792930647592,-41751.24855995156
2025-01-20,west_bengal,486000.0,119593.92197125255,8970.216988778388,0.0,0.0,-17670.959999999995,86469.9923255671,74168.61197904428,53192.66253479695,43794.057881279674,17029.224211631903,0.0,-17129.72789235103
2025-01-27,west_bengal,486000.0,120711.62217659138,12195.964448123186,0.0,0.0,-27177.119999999984,84211.32285335739,75541.73548853405,51828.013087500774,40750.83408776557,17795.342198006892,0.0,6635.285660120573
2025-02-03,west_bengal,486000.0,121829.32238193018,14531.02229193208,0.0,0.0,-24581.880000000012,81747.26400822957,70919.89396256521,53513.60486633533,41877.19293982046,16691.35917972636,0.0,-7752.779630539074
2025-02-10,west_bengal,486000.0,122947.02258726899,16022.604226357265,0.0,0.0,-18487.43999999997,87704.98156872242,71255.80736375421,54038.23598746124,44242.140072104834,17356.62154776529,0.0,-11311.973353434516
2025-02-17,west_bengal,486000.0,124064.72279260779,16766.678860385666,0.0,0.0,-23386.320000000014,85659.15557048394,71407.80443738672,52956.683159342516,39688.59745864505,15719.06885627975,0.0,1087.6088648687048
2025-02-24,west_bengal,486000.0,125182.42299794662,16899.793493002235,0.0,0.0,-20761.91999999998,87674.95187405398,73639.91572753571,56253.52183397004,39229.63488654537,16143.635314586203,0.0,33788.04387235983
2025-03-03,west_bengal,486000.0,126300.1232032854,16588.59284661454,0.0,0.0,-29743.200000000026,98239.69834527488,77239.76188078462,57158.51757573084,39457.28713132483,17099.807417020118,0.0,-501.58840003512626
2025-03-10,west_bengal,486000.0,127417.82340862423,16017.675387077725,0.0,0.0,-33417.36000000001,93325.89712321851,75855.1503908499,56578.82029695079,36560.3941996203,16710.43524809432,0.0,17785.16394556411
2025-03-17,west_bengal,486000.0,128535.52361396303,15376.524743158669,0.0,0.0,-18487.43999999997,82689.36335638522,71321.25233977196,54395.32420777152,35679.98616879242,16445.744822937966,0.0,-15437.279252781056
2025-03-24,west_bengal,486000.0,129653.22381930184,14846.3055111002,0.0,72900.0,-24173.639999999992,82880.4891260635,75298.74959216868,56334.99592396982,37157.84801910497,17048.642816522068,0.0,22155.385191768968
2025-03-31,west_bengal,486000.0,130770.92402464064,14587.318438069979,0.0,72900.0,-15017.400000000029,83351.15742824908,76320.88339336932,53709.530354300376,36810.38814796712,17737.369525372178,0.0,-15269.171311968703
2025-04-07,west_bengal,486000.0,131888.62422997947,14727.869322923552,0.0,0.0,-22190.760000000017,89881.25656140687,78986.15914497638,52439.10843287699,33211.579612151065,16912.656140795625,0.0,-11594.493445110029
2025-04-14,west_bengal,486000.0,133006.3244353183,15355.221338139481,0.0,0.0,-25719.120000000017,87297.44483629371,76099.54068884076,57978.59729639792,35428.13505023425,17722.207381607917,0.0,-18615.351026832417
2025-04-21,west_bengal,486000.0,134124.02464065707,16509.176792130565,0.0,0.0,-18720.72000000001,85054.07610337301,73756.44721310378,54844.12792440584,35249.38093825589,18250.72110406427,0.0,-14761.234715990317
2025-04-28,west_bengal,486000.0,135241.7248459959,18178.6788052583,0.0,72900.0,-20091.239999999987,84399.44040497419,73881.44693517404,56932.18417899185,39517.99479027479,16755.45564605177,0.0,25364.314393279143
2025-05-05,west_bengal,486000.0,136359.4250513347,20301.64499869133,0.0,0.0,-23852.880000000026,83284.80372318884,74660.86298443974,58173.67960362757,46013.1403793213,16592.435240553412,0.0,-21524.11198115676
2025-05-12,west_bengal,486000.0,137477.12525667352,22768.054447537386,0.0,72900.0,-24027.840000000007,86487.41053733695,77654.35249571707,58742.5740884397,40767.91348125134,17895.230928953675,0.0,-6328.821235909669
2025-05-19,west_bengal,486000.0,138594.82546201232,25426.116906561354,0.0,0.0,-23532.12,87086.05045219636,73459.98752486471,57628.23998402126,34080.13733554457,17564.473333574868,0.0,6909.289001224583
2025-05-26,west_bengal,486000.0,139712.52566735115,28091.17083938258,0.0,0.0,-22511.519999999982,83142.2418867508,72515.64154463712,57796.39396904193,40165.399497391685,17164.373021116902,0.0,30701.773574327857
2025-06-02,west_bengal,486000.0,140830.22587268992,30556.79466925028,0.0,72900.0,-18108.36000000001,77409.58736399746,76051.45687946535,54833.99141436476,39537.27262606546,17951.32454863957,0.0,36458.70662552727
2025-06-09,west_bengal,486000.0,141947.92607802874,32607.48334533281,0.0,0.0,-22015.79999999997,87529.22433353649,75621.94732371223,60548.46902043991,36289.516477437086,17086.784149832234,0.0,-5738.550728319584
2025-06-16,west_bengal,486000.0,143065.62628336754,34032.14748708141,0.0,0.0,-24261.119999999984,86345.39875903225,72770.77860759558,61812.903460582536,35878.85133445557,17911.31067267818,0.0,5694.103395206997
2025-06-23,west_bengal,486000.0,144183.32648870637,34637.64056929656,0.0,0.0,-28285.199999999993,89734.46170795697,76793.04286064213,58635.60474733623,38353.72289202104,17997.20734174856,0.0,-24105.806607707967
2025-06-30,west_bengal,486000.0,145301.02669404517,34261.513894551135,0.0,0.0,-29714.04000000003,94901.01690949747,74445.96571322136,55495.45057481585,37662.16797565716,16846.98525556286,0.0,9829.912982649184
2025-07-07,west_bengal,486000.0,146418.72689938397,32783.23985688263,0.0,0.0,-24290.27999999998,92895.62596474038,77893.95634523373,57422.52410950943,37901.249219576035,16548.525321632314,0.0,46931.4322830416
2025-07-14,west_bengal,486000.0,147536.42710472277,30133.22893386389,0.0,0.0,-25135.920000000016,87017.67422009938,75133.98266623566,58764.51727933078,38244.767947981585,16638.225166900444,0.0,-1080.90331913442
2025-07-21,west_bengal,486000.0,148654.1273100616,26299.090101235244,0.0,0.0,-22482.359999999986,83679.51799338649,78822.43131827658,58949.73727102876,41912.24601902458,17841.028908879274,0.0,3155.1810781076183
2025-07-28,west_bengal,486000.0,149771.8275154004,21328.740817740865,0.0,0.0,-22540.67999999998,86929.34361532012,77028.0321208474,55614.49829813753,46246.44005843319,17533.854719709445,0.0,-17376.05714558909
2025-08-04,west_bengal,486000.0,150889.52772073922,15330.15238549421,0.0,0.0,-22978.079999999994,93646.20272000412,73730.01586047903,58037.07083664773,40763.21511392054,17218.685010914276,0.0,-40913.78964819923
2025-08-11,west_bengal,486000.0,152007.22792607802,8467.709014749651,0.0,0.0,-23415.48000000001,96615.62248257986,75203.71807907826,61777.183059684634,49690.75507790408,17512.904954080484,0.0,-32787.64059415494
2025-08-18,west_bengal,486000.0,153124.92813141682,955.3532231193096,0.0,0.0,-24669.360000000004,93356.15647631504,70817.92083969929,57036.71229509262,47917.74134309125,18685.028141059807,0.0,25449.519550205958
2025-08-25,west_bengal,486000.0,154242.62833675562,-6953.12492045346,0.0,0.0,-22190.760000000017,92452.56427331289,71073.33454942674,55770.96256764751,44571.34371173067,17670.120237739768,26601.818750147537,48900.11249369266
2025-09-01,west_bengal,486000.0,155360.32854209444,-14976.132399846263,0.0,0.0,-21461.76000000003,97842.30032362427,70725.96175030243,60372.212888224014,45642.378166222785,17476.291072818236,49861.76579917225,14155.653857387759
2025-09-08,west_bengal,486000.0,156478.02874743327,-22817.994194923016,0.0,0.0,-16854.48000000002,95686.78387635325,71414.35417066426,58632.991313211474,46203.488096904344,18322.778876812015,65622.62458904735,-27568.575475503145
2025-09-15,west_bengal,486000.0,157595.72895277207,-30183.595258525995,0.0,0.0,-28605.96000000002,105742.45385770439,74069.19696665036,60980.836873473505,47397.65931017173,20054.49159908848,82927.67609007377,25575.51160859174
2025-09-22,west_bengal,486000.0,158713.4291581109,-36793.13349185758,121500.0,0.0,-24785.99999999999,104954.53106016309,78001.04462185295,65199.358664570376,51595.504060589665,21080.706725085874,89882.16466621606,-1532.6054647313272
2025-09-29,west_bengal,486000.0,159831.12936344967,-42396.16520018078,97200.0,0.0,-22598.99999999997,121127.10655917691,80673.69203843309,67921.55014187664,49257.38654466641,22668.416611439,97533.11958105351,3452.7643600856545
2025-10-06,west_bengal,486000.0,160948.8295687885,-46784.162795440556,0.0,0.0,-25631.640000000025,125549.20100902546,74540.47563560595,69030.43718055612,53039.428727827595,22342.970117458048,105781.34440846031,-14927.883852281497
2025-10-13,west_bengal,486000.0,162066.5297741273,-49800.88739153844,0.0,0.0,-26127.35999999997,130640.69823056732,72395.87427397624,67754.59447827289,50544.70537082464,20717.67506313861,107907.51430624642,-50491.3441056148
2025-10-20,west_bengal,486000.0,163184.22997946612,-51350.001671091275,170100.0,0.0,-23707.07999999998,129133.67737658558,84940.9740551832,68496.57508336208,48372.82582763886,20643.760279275502,109896.41977212434,-11042.380702544553
2025-10-27,west_bengal,486000.0,164301.93018480492,-51399.50395442047,0.0,0.0,-26506.439999999995,110715.99805017043,78351.07530163554,67106.1350041422,50321.582620262016,20586.77584725452,85474.01569093528,8008.4312552153015
2025-11-03,west_bengal,486000.0,165419.63039014375,-49982.743847819525,0.0,0.0,-20470.32000000001,107250.22096360086,75049.1406060656,67882.1209265186,48637.089536953645,20454.86298089296,61962.260084854286,2585.7383587898557
2025-11-10,west_bengal,486000.0,166537.33059548252,-47195.97288945738,0.0,0.0,-31288.679999999986,107378.4999807218,74026.31879801703,68229.37860952111,47736.96419343084,19115.04468471692,42160.31854235183,-11080.202514784678
2025-11-17,west_bengal,486000.0,167655.03080082135,-43192.57916692091,0.0,0.0,-25019.280000000028,112268.61178791753,74906.71654975349,66760.99949002705,47478.83296639936,18477.00226272393,26803.3402353518,-3146.6749260737643
2025-11-24,west_bengal,486000.0,168772.73100616015,-38174.34172710138,0.0,0.0,-23532.12,102509.17445581978,74549.67004518755,62295.47882192808,41656.46492275427,18950.274612777663,16261.196663569117,5385.471198904872
2025-12-01,west_bengal,486000.0,169890.43121149897,-32380.208017894278,0.0,0.0,-27789.47999999998,97679.06849038565,75194.63819764004,59826.410630512786,46565.16269902578,18242.83496458256,9475.806731992368,-1401.6649077440281
2025-12-08,west_bengal,486000.0,171008.13141683777,-26073.235995054292,0.0,72900.0,-24115.32,90877.34839191491,75854.50615984791,60503.74662094384,44918.89531557137,18960.24037502306,5216.965704274535,343.7220106406853
2025-12-15,west_bengal,486000.0,172125.8316221766,-19526.443974593614,0.0,72900.0,-21315.959999999985,89841.47281640116,76963.0642008823,57936.23155369796,44559.32845994912,17911.233760665833,2758.977375668006,-6315.7358148473695
2025-12-22,west_bengal,486000.0,173243.53182751537,-13008.37002072976,0.0,0.0,-23677.919999999984,89474.14041470479,75663.5903668475,56989.16619967424,39674.73362036247,19198.60579296445,1321.4367068319189,29583.085091829067
2023-01-02,gujarat,540000.0,0.0,-3568.4983362148787,0.0,0.0,-226.79999999997503,224684.0745800095,64306.70589878783,7474.9867905826495,30853.210578005474,12386.560569952935,0.0,24349.75991887634
2023-01-09,gujarat,540000.0,1241.8891170431211,2375.0999732474747,0.0,0.0,3628.799999999996,247949.94985015178,70189.38263473698,13396.5799685359,31122.03606428237,15416.11488052032,0.0,718.14751148202
2023-01-16,gujarat,540000.0,2483.7782340862423,7474.853581760229,0.0,0.0,-6577.199999999995,273353.5308567734,70125.6355273143,14967.067461203025,32344.410804766925,12875.034524840494,0.0,34471.88900925541
2023-01-23,gujarat,540000.0,3725.6673511293634,11625.09192171611,0.0,0.0,1976.3999999999983,258850.90308777947,67450.68633258627,16896.565493350554,29298.64182831327,13460.669394905577,0.0,16878.37459021944
2023-01-30,gujarat,540000.0,4967.5564681724845,14782.454463337019,0.0,0.0,1814.400000000016,281028.89064136526,71249.09496726608,16903.63331952243,29006.33734062845,14275.142078129637,0.0,10891.490721578604
2023-02-06,gujarat,540000.0,6209.445585215605,16965.55207950394,0.0,0.0,-6544.799999999998,260815.4378872915,69524.40380705277,16610.00971343562,32393.17322568306,13551.602066537564,0.0,-55207.82436471998
2023-02-13,gujarat,540000.0,7451.334702258727,18250.983837601758,0.0,0.0,-1425.599999999987,245728.3498936788,69171.45030863043,18232.446595396264,32701.61725555779,15120.33012055373,0.0,5705.08728632251
2023-02-20,gujarat,540000.0,8693.223819301847,18765.981263648777,0.0,0.0,-5119.200000000012,235261.3990138313,71976.00922817286,18479.308105774733,32932.23964211063,13085.296479785113,0.0,-14442.257552625295
2023-02-27,gujarat,540000.0,9935.112936344969,18678.14715784783,0.0,0.0,1393.1999999999905,258251.48158005622,73719.97174975663,17934.066767643802,34207.94570443009,13571.365984143915,0.0,-263.29188022348666
2023-03-06,gujarat,540000.0,11177.00205338809,18182.92349872461,0.0,0.0,4017.599999999989,256658.1051435015,72753.23175559865,16239.608213492287,35070.08419542456,13511.69381726798,0.0,10220.75132260222
2023-03-13,gujarat,540000.0,12418.89117043121,17489.553192924726,0.0,81000.0,-5281.199999999993,267586.0852145486,69839.90842858747,14043.79012259692,34689.939818010746,12955.971100932347,0.0,-150.93904803209526
2023-03-20,gujarat,540000.0,13660.780287474332,16806.385905528867,0.0,0.0,3207.6000000000063,269312.52381092694,69250.33724161386,15938.902715379783,31933.56124912516,12441.876243981074,0.0,-27743.967454030073
2023-03-27,gujarat,540000.0,14902.669404517454,16326.414028669622,0.0,0.0,6058.800000000017,260134.8461591689,70422.22709312508,16918.9171400407,35669.649281401944,11637.281121032815,0.0,-31653.80422795661
2023-04-03,gujarat,540000.0,16144.558521560573,16213.908976061899,0.0,0.0,2527.2000000000094,263006.4897922423,68120.26341298551,16134.863180277654,34150.03499188634,13376.923762252945,0.0,-49881.24263726705
2023-04-10,gujarat,540000.0,17386.447638603695,16592.96138129281,0.0,0.0,2365.199999999991,276679.76889977115,71495.22111356608,18899.635721614057,36591.00134430067,12641.468855879188,0.0,40714.29504497248
2023-04-17,gujarat,540000.0,18628.336755646815,17538.615318014,0.0,0.0,-842.3999999999792,279107.80652240326,70125.10340387866,18331.069927057535,36419.380532743446,13357.1312559999,0.0,563.9562842564592
2023-04-24,gujarat,540000.0,19870.225872689938,19071.132951185697,0.0,0.0,972.0000000000009,259820.34801733543,68958.96771637214,18420.953602496535,33559.52380519302,14373.915284634386,0.0,-26233.06724990711
2023-05-01,gujarat,540000.0,21112.114989733058,21153.741000128794,0.0,0.0,226.80000000001098,270854.1887191312,76528.95643632476,18106.487520830644,30500.126710095046,14215.380356150368,0.0,-7301.795732393905
2023-05-08,gujarat,540000.0,22354.00410677618,23694.004789206487,0.0,0.0,3499.2000000000103,257720.5692487668,69741.21941539749,20555.24781737435,31634.892721327844,13756.658930050455,0.0,-32466.79702889947
2023-05-15,gujarat,540000.0,23595.8932238193,26548.76141530589,0.0,81000.0,2818.8000000000134,250371.19622529592,74861.47402999114,18058.435684830933,30982.21193465218,14325.520070086992,0.0,-35331.29258398227
2023-05-22,gujarat,540000.0,24837.78234086242,29532.333109847546,0.0,0.0,712.7999999999935,250791.8800215845,72557.84401057614,18825.006543701842,31853.51445986363,15425.156557201712,0.0,12782.682956362009
2023-05-29,gujarat,540000.0,26079.67145790554,32427.547436956298,0.0,0.0,-874.7999999999756,252343.51854002627,73282.14666099242,17343.314748318946,29274.548735626253,13533.34384108186,0.0,27875.70857909224
2023-06-05,gujarat,540000.0,27321.560574948664,34998.92384561407,0.0,0.0,-2041.199999999991,248779.81000162257,73379.76871456197,19869.945827332183,37895.97309388006,13805.793550437995,0.0,-24724.575608397583
2023-06-12,gujarat,540000.0,28563.449691991787,37007.25600267173,0.0,0.0,3661.1999999999925,256771.5980669186,71603.71074911834,19559.617819547093,37210.32192212872,12845.786427367055,0.0,34103.05932025677
2023-06-19,gujarat,540000.0,29805.338809034907,38224.73385761611,0.0,81000.0,4114.800000000015,263077.7961396886,75859.06541522745,19841.681147582287,33949.93714703602,13792.504602581757,0.0,-37378.85711876693
2023-06-26,gujarat,540000.0,31047.227926078027,38449.71353384795,0.0,0.0,-648.0000000000006,269956.86777284916,73394.49639095669,18019.47698604085,31759.291457356103,14080.219982212773,0.0,-40672.29404934143
2023-07-03,gujarat,540000.0,32289.117043121147,37520.25904269011,0.0,0.0,1004.3999999999972,258086.61418098083,74834.35779913935,20295.94738710967,28694.51574301543,13814.900229768817,0.0,-12084.111425825371
2023-07-10,gujarat,540000.0,33531.006160164274,35325.646621665794,0.0,0.0,5993.999999999987,263147.5163183397,77042.15738538414,18053.318501840142,31391.56416144639,14540.404963822502,0.0,24191.385887336983
2023-07-17,gujarat,540000.0,34772.89527720739,31815.13641086586,0.0,81000.0,777.5999999999863,258613.86676469396,79551.64145139606,20294.688009386093,30084.43762424218,14497.914447178024,0.0,-25647.179984969494
2023-07-24,gujarat,540000.0,36014.78439425051,27003.470678717425,0.0,0.0,2332.7999999999947,265867.7576287405,76312.93012927199,19948.74258612607,28975.694161453637,13552.56000443917,0.0,-4917.739582999477
2023-07-31,gujarat,540000.0,37256.67351129363,20972.74402024322,0.0,0.0,-2138.3999999999805,245173.71783322337,70929.10827304196,20955.14928403266,30112.050678461364,14217.861941660474,0.0,-12360.905541956708
2023-08-07,gujarat,540000.0,38498.56262833675,13870.498168222051,0.0,0.0,4633.199999999993,254832.96040652765,72383.5922559395,18909.23511661526,29999.95211919378,14406.667628363373,0.0,-1012.6683231981744
2023-08-14,gujarat,540000.0,39740.451745379876,5904.110351507304,0.0,0.0,-32.39999999999643,257512.5307295237,70771.88374779878,19048.147903224555,30589.841103247447,13188.09700919543,0.0,8533.337410122807
2023-08-21,gujarat,540000.0,40982.34086242299,-2668.242956052417,0.0,0.0,3207.6000000000063,235784.66258910717,69224.5224602614,18779.098805705802,30533.34000965042,13526.857959126504,0.0,-39295.1797302217
2023-08-28,gujarat,540000.0,42224.229979466116,-11549.567802548663,0.0,0.0,-1782.0000000000196,256277.53325837373,69782.16494175166,18203.87789394145,30362.020722620116,13111.723082929579,0.0,-1267.9820765339016
2023-09-04,gujarat,540000.0,43466.11909650924,-20418.33073564753,0.0,0.0,-712.7999999999935,262647.4482244446,73616.17217918708,20550.205011081925,31040.219304281978,13054.445449948409,24747.565258728682,-5215.043788534207
2023-09-11,gujarat,540000.0,44708.00821355236,-28944.250340239145,0.0,0.0,1490.4000000000158,255684.853209988,68960.37441584957,19695.854451267962,29423.66530518501,13293.533979061169,47086.24872679047,3891.3120385446196
2023-09-18,gujarat,540000.0,45949.897330595486,-36804.73091451269,0.0,81000.0,745.1999999999898,272304.3813648758,78976.88437619558,22156.65263643108,28636.436639457188,13602.931021851866,66917.64461404039,10763.702931065172
2023-09-25,gujarat,540000.0,47191.7864476386,-43701.02781090964,0.0,0.0,-4536.000000000004,278982.4422131698,72919.89467927902,23349.09853604769,32580.710401541393,16052.544580643858,86434.02444450906,5277.526508079919
2023-10-02,gujarat,540000.0,48433.675564681726,-49373.2469183012,135000.0,0.0,-648.0000000000006,315606.3683754147,78709.38329787261,26096.104027953555,37837.726352807746,17415.3514232432,104342.48239289735,-1842.844516569637
2023-10-09,gujarat,540000.0,49675.56468172484,-53613.34500276723,108000.0,0.0,1328.3999999999976,324888.6167471336,80595.20984268092,28788.57185057699,38103.91529676702,18719.20363934534,122017.81711236949,-13185.95416783086
2023-10-16,gujarat,540000.0,50917.453798767965,-56275.40949267547,0.0,0.0,324.0000000000003,348538.3530339528,76115.00959628141,28693.743877263627,38406.2991604433,18954.988338466763,127070.62084825971,6509.940839239789
2023-10-23,gujarat,540000.0,52159.34291581108,-57282.64938325047,0.0,81000.0,-4244.399999999964,363151.7094707215,72439.89803127306,26923.092044162622,35906.67213870196,16964.902310137117,130961.01885279936,-20850.586380356395
2023-10-30,gujarat,540000.0,53401.232032854205,-56630.71446709346,0.0,81000.0,-3013.200000000028,325575.43269011873,73115.1432626965,27566.603504679282,35606.296027511344,17491.349538401668,132482.95070731887,6679.906703512771
2023-11-06,gujarat,540000.0,54643.12114989733,-54387.167423457875,189000.0,0.0,2883.6000000000063,327121.53685035865,81336.6067089419,26802.69918051926,38047.752967054854,16756.47028049847,129215.0012854314,14683.379000755636
2023-11-13,gujarat,540000.0,55885.01026694045,-50687.15052010404,0.0,0.0,-421.20000000002557,339476.76373231335,75282.74493228813,25653.573737648083,37812.53235489702,17335.833337720287,96033.99694129598,4469.895217000978
2023-11-20,gujarat,540000.0,57126.899383983575,-45725.50332909492,0.0,0.0,-3596.4000000000356,335943.39399773575,75240.13489880247,23093.239653069504,39528.11275715594,16335.626815247266,66761.6945647402,-45244.19874163972
2023-11-27,gujarat,540000.0,58368.78850102669,-39745.7876147204,0.0,81000.0,-2235.5999999999694,340431.02663056663,70800.26627819515,21925.79392327128,38189.52294880807,15788.7109916198,43424.278049516965,-39936.99970828431
2023-12-04,gujarat,540000.0,59610.677618069814,-33026.84896143154,0.0,0.0,2397.5999999999876,311025.31859708973,72639.0152853528,21174.189511289045,38164.42056172761,17024.635549835613,26938.949272879723,33748.04256518729
2023-12-11,gujarat,540000.0,60852.56673511294,-25867.681836855394,0.0,0.0,-6188.399999999966,300529.60120129643,70277.5288623297,20136.60459823689,36641.725718979804,14458.48324722765,16046.890323344813,-17536.318849672843
2023-12-18,gujarat,540000.0,62094.455852156054,-18571.45778771172,0.0,0.0,-1296.0000000000011,295504.4545000109,71770.95506971549,22897.268397637807,37718.11883239636,14505.852919104993,9171.548892228344,5167.803324461943
2023-12-25,gujarat,540000.0,63336.34496919918,-11429.620047863842,0.0,0.0,-842.3999999999792,308929.935682436,75312.22576636379,25508.92867599182,36638.49425475897,14978.285633944937,4983.1002320772795,-14367.295166908054
2024-01-01,gujarat,540000.0,64578.23408624229,-4477.560980044692,54000.0,0.0,-10951.200000000017,301862.5269155628,75379.64473025323,26869.361494786157,40009.68540606208,13637.953112349378,2485.800437323407,26984.554797465215
2024-01-08,gujarat,540000.0,65820.12320328542,1574.452837771768,0.0,0.0,-15713.999999999996,290722.16813235194,72049.51231371965,25895.973128067966,37849.57450877715,15608.851180927722,1156.9249533396917,-17630.580258241192
2024-01-15,gujarat,540000.0,67062.01232032855,6802.6535776798,0.0,0.0,-16588.79999999997,300392.9481642541,74911.09779657339,25560.738502868302,36230.06290214461,14381.50036312576,444.4827248089889,-24714.69635178362
2024-01-22,gujarat,540000.0,68303.90143737166,11092.658586941048,0.0,0.0,-11761.199999999999,288020.99596853997,73996.28979892348,24428.999237796397,35327.7691345231,13984.889269446203,106.27115413205851,-3518.5745876740684
2024-01-29,gujarat,540000.0,69545.79055441478,14392.13986832102,0.0,0.0,-14353.200000000003,267866.8139971344,74614.6390103917,24396.066421013587,38366.58965598756,14856.456091644885,0.0,-2012.2955989079826
2024-02-05,gujarat,540000.0,70787.67967145791,16711.016091768473,0.0,81000.0,-15325.199999999966,281335.64310536435,77212.3985174947,24502.048592471998,37953.140849369214,13616.589956166132,0.0,-11348.316784092942
2024-02-12,gujarat,540000.0,72029.56878850103,18117.97819169536,0.0,0.0,-12182.400000000025,281026.87458212796,75100.52375081966,22124.963350929032,39960.54162323111,14454.608836637453,0.0,-1833.6591239415718
2024-02-19,gujarat,540000.0,73271.45790554414,18733.59112372088,0.0,0.0,-13964.399999999972,261101.73662241254,81870.32044272685,20892.02537582692,37506.016792086244,14609.964316148693,0.0,18783.287421533638
2024-02-26,gujarat,540000.0,74513.34702258726,18720.412438144805,0.0,0.0,-12214.800000000021,277963.0150278038,73826.83205011197,20996.935956988502,37816.16985846658,15385.177944432717,0.0,-12889.090298535428
2024-03-04,gujarat,540000.0,75755.23613963039,18270.740360296528,0.0,0.0,-11890.799999999985,276218.10631809855,76318.36677256456,20559.026287797587,35624.928541429996,13936.255893961144,0.0,-30317.86031377911
2024-03-11,gujarat,540000.0,76997.1252566735,17592.74012264128,0.0,0.0,-9460.799999999965,277530.8722527521,72625.27088409635,21062.423971650744,33884.8004083314,14847.440455199816,0.0,-23348.87335134546
2024-03-18,gujarat,540000.0,78239.01437371662,16895.78952806918,0.0,81000.0,-16135.20000000002,275552.83433880284,81235.87351369727,19134.420088931918,33370.24045554086,13097.273436283618,0.0,-4461.24573504235
2024-03-25,gujarat,540000.0,79480.90349075975,16375.927834167569,0.0,0.0,-11113.199999999999,287292.53840491374,77971.17622603515,20264.046641311168,35606.14211841063,14386.755057867838,0.0,-12342.289773465838
2024-04-01,gujarat,540000.0,80722.79260780287,16202.283574436331,0.0,0.0,-14126.400000000027,294459.29547942424,74545.66020306059,20850.303236667016,33399.141623029805,14911.25432988132,0.0,-15740.331054302189
2024-04-08,gujarat,540000.0,81964.68172484598,16505.297399822943,0.0,0.0,-11502.00000000003,298400.1525349079,74577.46879978785,23945.650013829443,36853.57859511182,13663.625586680719,0.0,-25813.454654986417
2024-04-15,gujarat,540000.0,83206.5708418891,17367.448912759985,0.0,0.0,-13348.799999999968,292342.33692140697,71692.3071845813,24039.522505616686,33696.18302654073,14476.938932146511,0.0,-1293.5083249413508
2024-04-22,gujarat,540000.0,84448.45995893223,18817.048009366506,0.0,0.0,-12733.199999999964,277699.06916144973,73339.78450843657,23089.715620227766,35525.19519673137,14899.863438118617,0.0,9729.064106737338
2024-04-29,gujarat,540000.0,85690.34907597535,20825.470069527135,0.0,0.0,-12376.800000000003,285703.6128561263,74261.18434612935,21415.528221043507,36034.01002373495,13471.122770990303,0.0,35308.522636473084
2024-05-06,gujarat,540000.0,86932.23819301848,23308.010958996245,0.0,0.0,-15746.399999999992,305490.78680428135,73984.32742251814,20835.273465787348,35985.6566938938,12895.139697524193,0.0,-13107.033236019568
2024-05-13,gujarat,540000.0,88174.12731006161,26128.324038078244,0.0,0.0,-14320.800000000005,302512.0746295028,75759.24498416494,20382.061711442297,35153.18428211576,13259.446668822382,0.0,34344.336375812396
2024-05-20,gujarat,540000.0,89416.01642710473,29106.189616793676,0.0,0.0,-11469.600000000031,300336.9457002136,73676.76166097962,24478.409433149358,32411.871194378655,15314.004913975838,0.0,17350.401053404406
2024-05-27,gujarat,540000.0,90657.90554414784,32028.16985184936,0.0,0.0,-8910.000000000025,284601.2041622571,77028.92429401896,22389.787425837065,33580.633461730635,14813.679692818825,0.0,-12052.30443265963
2024-06-03,gujarat,540000.0,91899.79466119097,34660.530416672314,0.0,81000.0,-12473.999999999993,278190.01228593616,75251.63183401694,24084.423171462313,36597.65701220013,14033.496506167081,0.0,-3596.545887646103
2024-06-10,gujarat,540000.0,93141.68377823409,36763.67437493901,0.0,0.0,-12279.600000000015,282452.2999865789,77991.21754293874,26819.205626620667,37692.13371848858,13530.02900013602,0.0,36929.355972064055
2024-06-17,gujarat,540000.0,94383.5728952772,38107.24146807705,0.0,0.0,-17593.200000000004,279078.8323206565,76530.97029574172,25060.08937698436,34608.3945023615,14121.865062261893,0.0,-6846.765921360406
2024-06-24,gujarat,540000.0,95625.46201232032,38484.98288263194,0.0,0.0,-17074.79999999999,290653.27547108685,78029.09692780867,24996.539825200078,35582.937870277034,15257.574987541311,0.0,-16994.06997686615
2024-07-01,gujarat,540000.0,96867.35112936345,37728.530053126866,0.0,0.0,-14126.400000000027,276785.6371497317,81974.90915302961,22649.0521992195,33367.224642514564,15123.88636119434,0.0,587.8093118200951
2024-07-08,gujarat,540000.0,98109.24024640657,35719.235754796326,0.0,0.0,-10270.80000000002,269265.130567707,78228.99433443736,21629.587811608933,31117.171557177335,14278.106249520093,0.0,-9007.666521653631
2024-07-15,gujarat,540000.0,99351.12936344968,32397.373262402663,0.0,0.0,-8715.599999999975,284910.03954996646,73846.96022574506,23580.019787426347,29702.251886009995,14410.38213005572,0.0,-528.5562050558744
2024-07-22,gujarat,540000.0,100593.01848049281,27768.128544241994,0.0,0.0,-10691.999999999973,276864.56273350655,78440.2531381549,22043.20831712588,33336.53390099267,13504.326023668817,0.0,-36027.03113818354
2024-07-29,gujarat,540000.0,101834.90759753593,21904.002760653035,0.0,0.0,-11113.199999999999,306923.01355432434,77448.18571795365,22731.745022686337,36443.5997093529,15140.225792752815,0.0,23895.519844740895
2024-08-05,gujarat,540000.0,103076.79671457905,14943.447261965544,0.0,0.0,-7549.200000000032,309353.99834809307,77328.65272937361,27363.65446595073,33898.8553040257,14940.045756689451,0.0,-3245.2505806772238
2024-08-12,gujarat,540000.0,104318.68583162216,7085.769036276866,0.0,0.0,-12020.39999999997,294804.1814147666,72929.40509649499,26909.802737618997,36174.21807682471,15462.503740877342,0.0,-25179.165934481603
2024-08-19,gujarat,540000.0,105560.5749486653,-1417.4412861820736,0.0,0.0,-11275.19999999998,296280.4762501423,74448.95170883219,27003.688782249046,36693.60223336459,15603.481801299735,0.0,-33017.13443837119
2024-08-26,gujarat,540000.0,106802.46406570841,-10273.906553208952,0.0,0.0,-13381.199999999964,286938.8667449252,78066.42065019174,28002.539039906063,37107.45839757543,14830.222626659815,28218.21800214831,50644.91702609381
2024-09-02,gujarat,540000.0,108044.35318275153,-19164.65829766059,0.0,0.0,-17074.79999999999,293872.26103097526,77449.59502565404,24086.256691631377,36618.492700927265,16298.792618108846,59779.19717243751,-36929.49012482538
2024-09-09,gujarat,540000.0,109286.24229979466,-27759.66385475483,0.0,0.0,-9363.599999999977,303655.7077079693,77396.8235043183,25644.90418816861,37758.84046538462,15304.900523356833,81934.03272361167,1605.8124421508535
2024-09-16,gujarat,540000.0,110528.13141683779,-35734.223695621025,0.0,0.0,-13089.599999999997,316366.5875689967,76606.9472906939,25697.9843788023,37007.57852717268,16773.80282663712,98630.331071339,-11083.539384858479
2024-09-23,gujarat,540000.0,111770.0205338809,-42785.23091967878,135000.0,0.0,-14320.800000000005,350057.882530453,84928.20652401246,26670.844897657895,42276.89474012929,17471.78312417782,111754.77405366284,-38275.375484295175
2024-09-30,gujarat,540000.0,113011.90965092402,-48646.390342805345,108000.0,0.0,-15843.599999999982,368376.58179510053,77046.18276486418,32221.439109236242,45671.48932488953,19321.466911609714,121993.54139297947,9441.379393201321
2024-10-07,gujarat,540000.0,114253.79876796715,-53101.551688928455,0.0,0.0,-11113.199999999999,361692.7148351408,79053.20414975745,34502.125200772396,43559.4090335224,20516.042195888,125515.17235636378,31566.28514951628
2024-10-14,gujarat,540000.0,115495.68788501027,-55995.416788654795,0.0,0.0,-13089.599999999997,354646.66198313434,72553.59619010352,33867.25103911077,42801.938741154445,18373.321561848228,137211.37833203346,-18899.81894374054
2024-10-21,gujarat,540000.0,116737.57700205338,-57241.02837635876,0.0,0.0,-19602.0,346358.44913206575,72270.13218621849,34458.45381068582,42313.9552048928,16775.621617678018,138891.1394966373,25703.699926127116
2024-10-28,gujarat,540000.0,117979.46611909651,-56823.629588392294,189000.0,81000.0,-11437.200000000035,335397.54287765844,82457.31262601276,34860.43845869049,40599.66399085717,16620.402074214548,141644.77432110344,7462.2291207590915
2024-11-04,gujarat,540000.0,119221.35523613963,-54800.68818437041,0.0,0.0,-11890.799999999985,339458.6695985734,76907.17801504383,33928.15458849402,40390.696968565615,17274.593511194205,108068.45671781834,11984.383548541486
2024-11-11,gujarat,540000.0,120463.24435318274,-51298.09607881576,0.0,0.0,-9687.600000000013,333696.6559707344,79106.99579736877,32228.2895610091,42484.88091902098,17216.486164264945,76930.81175162895,-29113.668438394336
2024-11-18,gujarat,540000.0,121705.13347022588,-46502.77055108131,0.0,0.0,-8942.400000000021,326331.5052907479,76883.10664075289,32990.55894464069,41461.84681850776,17185.783986972343,51033.187787532464,3334.0476117013645
2024-11-25,gujarat,540000.0,122947.02258726899,-40652.08611449928,0.0,0.0,-15487.20000000002,326246.3131777526,74715.60879726538,30939.644345170083,40023.50607198,16669.42250747873,32025.203424823525,7613.565202760339
2024-12-02,gujarat,540000.0,124188.91170431211,-34020.74384972325,0.0,81000.0,-9428.399999999969,314301.76341400493,76002.29980639565,29948.592566898802,36805.94393050799,15983.745992300795,19224.671889752757,13321.214545550209
2024-12-09,gujarat,540000.0,125430.80082135522,-26905.8278520967,0.0,0.0,-18208.80000000001,307559.46682689566,69630.4456353901,29445.63872188236,37051.540294674815,15477.522519477976,11083.623494886644,-14110.410462465843
2024-12-16,gujarat,540000.0,126672.68993839835,-19610.89813680964,0.0,0.0,-11437.200000000035,309330.609950185,72472.45416695865,28689.71774629684,40654.175633227846,14983.628611812155,6115.100353814113,26057.72173611665
2024-12-23,gujarat,540000.0,127914.57905544147,-12430.020205812629,0.0,0.0,-13705.2,300789.02152524283,80257.85497458685,25197.29398889878,40591.22029760163,15699.399889938963,3184.01533235976,-173.16485825764434
2024-12-30,gujarat,540000.0,129156.46817248459,-5632.630640110835,54000.0,0.0,-8164.799999999964,308579.09781674127,76968.89987405633,27201.656998235456,39498.71145372593,16469.61882785955,1557.6318447106414,15382.34565229696
2025-01-06,gujarat,540000.0,130398.35728952772,-77.1374500090069,0.0,0.0,-27799.200000000033,306266.28018802975,82244.03608690781,26467.714463678374,37035.11438062114,16788.045752708047,593.8627072270701,-4249.073418690754
2025-01-13,gujarat,540000.0,131640.24640657083,5400.757934514697,0.0,0.0,-23101.199999999975,315745.8684736635,81202.8731237046,25676.24032373264,37732.82614295306,15803.82978769022,162.46461539132235,520.0931917791182
2025-01-20,gujarat,540000.0,132882.13552361395,9966.90776530932,0.0,0.0,-22129.200000000008,294741.61454611836,77402.10583300143,25407.904259972,35655.42745377464,15867.513505043413,0.0,-59165.408886833335
2025-01-27,gujarat,540000.0,134124.0246406571,13551.071609025763,0.0,0.0,-17107.199999999986,298915.6533922682,75687.01756032144,26672.167038457963,35980.29675648284,15889.774452256925,0.0,52328.194550529624
2025-02-03,gujarat,540000.0,135365.91375770018,16145.580324368977,0.0,0.0,-26924.399999999983,276621.6230830082,77968.96578542267,25814.056002637866,35556.8021204404,15124.921216239634,0.0,14750.537710181867
2025-02-10,gujarat,540000.0,136607.80287474333,17802.893584841408,0.0,0.0,-25822.800000000032,283664.99513121106,76376.7298652907,22840.73401919425,38809.12696243213,15166.248646345812,0.0,-6329.731084058702
2025-02-17,gujarat,540000.0,137849.69199178644,18629.643178206297,0.0,0.0,-26568.000000000022,302243.41239706066,75886.71762214333,25642.740685400273,37185.4619387714,15199.957553089635,0.0,12047.374633542004
2025-02-24,gujarat,540000.0,139091.58110882956,18777.54832555804,0.0,81000.0,-29257.200000000015,286793.11042370193,84687.59467453978,27723.831457091976,37856.67054313341,16235.5280672577,0.0,44914.33539988755
2025-03-03,gujarat,540000.0,140333.47022587268,18431.769829571713,0.0,81000.0,-26276.399999999983,324249.5361099259,83979.8161087575,26991.401382221295,38194.25223817444,14311.909943008508,0.0,46061.24416246809
2025-03-10,gujarat,540000.0,141575.35934291582,17797.41709675303,0.0,0.0,-31622.399999999972,313226.997116176,80639.82441145003,25371.609250923797,39258.15755188718,15749.510340132243,0.0,8551.524889761853
2025-03-17,gujarat,540000.0,142817.2484599589,17085.02749239852,0.0,0.0,-27961.200000000015,300896.57961486373,77260.18902273588,24693.70319860443,35977.650688274836,16145.481039445142,0.0,-1849.679516281439
2025-03-24,gujarat,540000.0,144059.13757700205,16495.895012333556,0.0,0.0,-22809.600000000006,305711.8710126448,79170.43307780128,23582.10682980545,35303.965691779435,16146.178557273483,0.0,2926.0122413597082
2025-03-31,gujarat,540000.0,145301.02669404517,16208.131597855532,0.0,0.0,-26146.8,303888.70957399864,80066.30175039345,24904.429667546694,37036.64119491085,15737.035781229139,0.0,-42338.476259979296
2025-04-07,gujarat,540000.0,146542.91581108829,16364.299247692836,0.0,0.0,-32432.400000000027,299771.85003171786,76621.15197220341,27162.18622313981,39587.95174817483,16107.974758408243,0.0,32080.070207574743
2025-04-14,gujarat,540000.0,147784.80492813143,17061.3570423772,0.0,0.0,-26341.199999999975,290570.94172100804,75731.24768564194,26131.243758468154,36257.74046650162,16342.43818516639,0.0,-24617.573787294714
2025-04-21,gujarat,540000.0,149026.69404517452,18343.52976903396,0.0,0.0,-31752.00000000003,315385.70598909905,82961.35591080048,24586.532526440333,35430.54908350795,14904.319716592427,0.0,46305.31295935156
2025-04-28,gujarat,540000.0,150268.58316221766,20198.532005842557,0.0,0.0,-26470.800000000036,323470.74616164115,79018.17600007511,23986.097146161064,31639.780622477865,15594.06229948306,0.0,17840.82260210167
2025-05-05,gujarat,540000.0,151510.47227926078,22557.383331879253,0.0,0.0,-32400.00000000003,314236.54891857813,82976.10896083059,23515.78367557285,36003.266375268104,15828.520895703676,0.0,-807.0844370933785
2025-05-12,gujarat,540000.0,152752.3613963039,25297.83827504154,0.0,81000.0,-23133.59999999997,304169.9968407104,84972.81222237858,22948.055589910597,36460.80342439964,15075.893223262574,0.0,17955.83902799273
2025-05-19,gujarat,540000.0,153994.250513347,28251.241007290395,0.0,0.0,-26827.199999999993,307092.9657346323,83900.36637057512,23304.163001469824,35591.091244955234,15675.408152538286,0.0,53097.7139751919
2025-05-26,gujarat,540000.0,155236.13963039016,31212.41204375842,0.0,0.0,-27183.600000000028,312571.3719953169,76287.80132424801,25936.779392193777,37066.993251352105,14973.492541606372,0.0,-3970.3901788658045
2025-06-02,gujarat,540000.0,156478.02874743324,33951.99407694476,0.0,0.0,-20314.799999999992,306764.96534346667,77328.26434331409,26857.18857873955,38340.860854048806,14429.51210770042,0.0,39287.98594835259
2025-06-09,gujarat,540000.0,157719.9178644764,36230.537050369785,0.0,0.0,-20800.80000000001,320254.1841825887,79468.69459491322,26746.300600272854,38032.67690716427,16356.24100130313,0.0,4772.24779891185
2025-06-16,gujarat,540000.0,158961.8069815195,37813.49720786823,0.0,0.0,-32659.2,321734.99567508406,83405.92180679177,26836.954098781294,37401.63015339523,15920.154425677058,0.0,-5327.760349117524
2025-06-23,gujarat,540000.0,160203.69609856262,38486.2672992184,0.0,0.0,-26243.99999999999,310235.1677505227,83570.03652799175,26717.97876729499,35598.317171378425,15256.122143191034,0.0,-3726.585758159784
2025-06-30,gujarat,540000.0,161445.58521560574,38068.34877172348,0.0,81000.0,-28997.99999999997,331336.79513501824,82255.76312478488,27898.803588249113,36571.274757093175,14407.90552343579,0.0,51314.52388408968
2025-07-07,gujarat,540000.0,162687.47433264888,36425.822063202926,0.0,0.0,-21157.19999999997,308755.458590128,73182.37232289712,27955.862310932225,40013.50496923669,16005.67140570659,0.0,19397.0340052475
2025-07-14,gujarat,540000.0,163929.36344969197,33481.36548207099,0.0,0.0,-29483.99999999999,305269.8816684668,80472.18072888392,27159.290381337967,37397.65783315901,15773.451280069734,0.0,-26227.19082368056
2025-07-21,gujarat,540000.0,165171.25256673511,29221.211223594717,0.0,0.0,-27021.599999999973,305722.218233205,81731.78019732017,24455.301559663738,39425.83236596098,15204.826220624554,0.0,-15577.822367104602
2025-07-28,gujarat,540000.0,166413.1416837782,23698.60090860096,0.0,0.0,-28447.200000000033,329362.18030211807,78512.41200403126,25932.02154433398,38103.52461018472,15461.486286898458,0.0,25815.832660054348
2025-08-04,gujarat,540000.0,167655.03080082135,17033.502650549122,0.0,0.0,-21416.400000000016,308130.4363941532,78045.8001588108,25809.817219781653,38159.19135543814,14598.058126471376,0.0,-4734.436706025785
2025-08-11,gujarat,540000.0,168896.91991786446,9408.565571944057,0.0,0.0,-29548.799999999985,290415.01848452335,79480.11103740073,25183.812359137857,38307.03496416943,15524.694287526692,0.0,-52797.35662256667
2025-08-18,gujarat,540000.0,170138.80903490758,1061.5035812436774,0.0,0.0,-21610.799999999996,311857.7212999991,81662.55285008583,26249.40430817571,38194.05563545795,14365.55365687033,24894.588376604006,39672.61125665593
2025-08-25,gujarat,540000.0,171380.6981519507,-7725.6943560594,0.0,0.0,-23198.400000000034,301644.4656381479,80929.21822201926,26879.581178664226,40119.517470984414,15855.348217606452,57945.06551194006,-19745.800035253906
2025-09-01,gujarat,540000.0,172622.58726899384,-16640.147110940292,0.0,0.0,-25660.79999999998,313978.2547560288,74592.304899327,28799.25379501474,39066.685582616505,16762.29964438316,80220.57369423626,-4489.012529660161
2025-09-08,gujarat,540000.0,173864.47638603696,-25353.326883247795,0.0,0.0,-30618.00000000001,353530.9816256976,81570.08171383683,29655.589878402556,41358.73152311231,17463.45111345401,106251.45626477367,10424.558377933789
2025-09-15,gujarat,540000.0,175106.36550308007,-33537.32806502888,0.0,0.0,-23684.399999999983,365769.07743330783,75873.75699880763,35114.6050121387,43578.43950205329,19615.164245710865,122909.34646277298,-1553.0270928424382
2025-09-22,gujarat,540000.0,176348.25462012322,-40881.25943539731,243000.0,0.0,-24040.800000000014,378548.4086476048,89127.35745465056,37942.01309809106,43810.00762098613,19915.953773807993,135110.7362991869,-4298.672079053332
2025-09-29,gujarat,540000.0,177590.1437371663,-47106.85022242309,0.0,0.0,-26373.599999999973,372997.1126745914,78810.4427277608,40774.73891430639,43590.514920894086,19403.91244612708,137256.02671249726,-7312.441910920424
2025-10-06,gujarat,540000.0,178832.03285420945,-51982.40310604506,0.0,0.0,-30261.599999999977,362965.483829408,80681.8860889397,40257.84487469465,43216.63716975158,19267.194717927152,141143.05694589726,20978.86662521755
2025-10-13,gujarat,540000.0,180073.92197125257,-55334.319323931595,0.0,0.0,-29678.39999999997,366209.3605260751,81969.46623935945,40798.87993306305,42643.36271576058,19936.054565450824,146424.39325118458,20151.28012178569
2025-10-20,gujarat,540000.0,181315.81108829568,-57055.55741232364,189000.0,0.0,-25920.000000000022,362797.4007259589,85853.21423138297,38673.31024060717,42012.36993391543,19036.33481514463,146095.5336100204,-4891.417233001401
2025-10-27,gujarat,540000.0,182557.7002053388,-57110.55994935608,0.0,0.0,-25952.40000000002,367307.4189136016,79178.48751810122,38410.20297566385,42771.585570505296,18802.36180629271,112534.62056350762,56365.582396345046
2025-11-03,gujarat,540000.0,183799.58932238194,-55536.3820531328,0.0,0.0,-22194.0,363570.82943542016,81570.4530573322,36610.97481471218,42289.363735749845,17140.579908018033,80830.0111494608,35992.58063005789
2025-11-10,gujarat,540000.0,185041.47843942503,-52439.969877174866,0.0,0.0,-26211.59999999999,350283.3502585406,80377.66370075091,35068.852494724524,42216.97471251779,16586.209644763807,54096.39074888937,-12296.350122437425
2025-11-17,gujarat,540000.0,186283.36755646818,-47991.75462991212,0.0,0.0,-29289.600000000013,338986.2593579168,82110.11645812217,33617.42539863232,40475.52485713868,17750.33349465452,34163.54651396753,-5974.219006988266
2025-11-24,gujarat,540000.0,187525.25667351126,-42415.93525233487,0.0,0.0,-28544.400000000023,326990.1842222826,79728.51980119174,31807.50552045733,38835.67363216967,16891.343767470054,20625.394364800006,616.4572704523091
2025-12-01,gujarat,540000.0,188767.1457905544,-35978.008908771415,0.0,0.0,-28803.599999999995,319932.52609061194,81316.8415901903,32908.346690047154,38519.33872703587,15756.58930713644,11821.726518415671,-11626.905805219993
2025-12-08,gujarat,540000.0,190009.03490759752,-28970.262216726995,0.0,0.0,-27539.99999999999,321372.98919125047,83619.25767268476,32628.47711196449,37221.706731670405,16029.442619911271,6461.6382797133365,-2694.284298064877
2025-12-15,gujarat,540000.0,191250.92402464064,-21696.048860659568,0.0,0.0,-22258.799999999996,319396.81971537654,79753.6058575669,32491.146190746458,38719.02878247834,15821.701354654831,3302.4243030344383,-13422.801367838518
2025-12-22,gujarat,540000.0,192492.81314168376,-14453.744467477512,0.0,0.0,-28803.599999999995,338824.01141227107,73886.77788083881,30623.251949637808,37708.400414494805,16819.91420477711,1593.203153502728,15850.972310271263
2023-01-02,uttar_pradesh,495000.0,0.0,-3271.123474863639,0.0,0.0,-653.399999999994,80285.42920217873,57899.044127159184,15921.283843361525,31158.412961768427,16761.82165603191,0.0,-11447.468315636157
2023-01-09,uttar_pradesh,495000.0,1138.3983572895277,2177.1749754768516,0.0,0.0,5078.700000000002,90929.70789295949,60785.80389447866,22998.42699488763,39877.20553583147,18508.317354464543,0.0,-7581.735005388444
2023-01-16,uttar_pradesh,495000.0,2276.7967145790553,6851.949116613543,0.0,0.0,2257.2000000000153,87051.44440046238,60737.916995765096,24785.60768649523,33477.380837604396,18043.593588251675,0.0,15111.110660228727
2023-01-23,uttar_pradesh,495000.0,3415.195071868583,10656.3342615731,0.0,0.0,-1960.1999999999819,89538.23623649226,56179.43906545507,26301.70339402276,34192.62519763414,17827.526443433242,0.0,6410.140329520753
2023-01-30,uttar_pradesh,495000.0,4553.593429158111,13550.583258058934,0.0,0.0,-2851.2000000000157,81888.2958239032,58094.84687921213,27497.968086198493,40654.95304266819,19054.679214378706,0.0,-766.7197335777262
2023-02-06,uttar_pradesh,495000.0,5691.991786447638,15551.756072878614,0.0,0.0,-296.9999999999673,88700.54182682166,63784.52422448909,25153.703700431703,40290.01654609495,18545.49755189404,0.0,-37184.03170905775
2023-02-13,uttar_pradesh,495000.0,6830.390143737166,16730.06851780161,0.0,0.0,-4425.299999999974,91336.79176058045,60326.77497770638,24473.957810774922,40201.78133867632,18848.155729051454,0.0,-9627.620278328359
2023-02-20,uttar_pradesh,495000.0,7968.788501026694,17202.149491678047,0.0,0.0,3712.499999999987,91514.85608620752,62121.937969362705,24532.074635433244,43467.55222561557,18866.552536416253,0.0,-11910.41144574001
2023-02-27,uttar_pradesh,495000.0,9107.186858316221,17121.634894693845,0.0,74250.0,2583.9000000000124,89857.17401116544,62748.2664946516,25068.72258116647,41061.254579029155,17293.9851962573,0.0,-9434.124615279967
2023-03-06,uttar_pradesh,495000.0,10245.58521560575,16667.67987383089,0.0,0.0,3237.300000000006,89679.81061258724,59516.100489036915,24253.738737694133,39784.42850669235,18808.954723471837,0.0,30369.401841080875
2023-03-13,uttar_pradesh,495000.0,11383.983572895277,16032.090426847666,0.0,74250.0,2494.799999999989,88336.86709114244,66947.53015464921,25444.152003108975,36494.52068409542,17783.77560802439,0.0,3804.28045923649
2023-03-20,uttar_pradesh,495000.0,12522.381930184803,15405.853746734794,0.0,0.0,-2821.500000000019,89197.10307310971,60455.64977140031,28260.462392937727,35880.09103802457,17699.295708520443,0.0,29575.662339087656
2023-03-27,uttar_pradesh,495000.0,13660.780287474332,14965.879526280487,0.0,0.0,-564.3000000000038,82608.08087306944,61266.05623246706,28013.862113163526,39732.904083799134,17701.79104394436,0.0,50440.94583980173
2023-04-03,uttar_pradesh,495000.0,14799.178644763859,14862.749894723409,0.0,74250.0,-1871.0999999999917,85239.3998014287,61983.776259217986,26872.44130501723,36349.59358867293,18456.358082963634,0.0,-7725.397576787787
2023-04-10,uttar_pradesh,495000.0,15937.577002053387,15210.21459951841,0.0,0.0,-2138.4000000000283,89103.82130832564,56898.83837736443,29663.23057564275,40199.305825481664,18043.925714701898,0.0,-41861.51340308819
2023-04-17,uttar_pradesh,495000.0,17075.975359342916,16077.064041512835,0.0,0.0,-2583.899999999979,96381.88043532899,62751.979823366826,28323.73380729337,41620.15163089873,18872.01158170295,0.0,1187.1033205533413
2023-04-24,uttar_pradesh,495000.0,18214.373716632443,17481.87187192022,0.0,0.0,2643.3000000000056,101944.2332662831,61943.23031055389,28073.251308569696,39579.055978674296,17646.48636621994,0.0,5753.19718114639
2023-05-01,uttar_pradesh,495000.0,19352.77207392197,19390.92925011806,0.0,74250.0,4098.60000000001,101521.04582121043,65516.81094523328,32433.173998102015,35147.13080922848,18093.436636381884,0.0,42988.100465803764
2023-05-08,uttar_pradesh,495000.0,20491.1704312115,21719.504390105947,0.0,0.0,-59.399999999993454,94434.79400663236,62253.22384738154,29816.30618256277,36818.65594705222,18141.379751625052,0.0,-11060.634556571218
2023-05-15,uttar_pradesh,495000.0,21629.568788501027,24336.364630697066,0.0,0.0,4247.099999999994,92944.33423188851,59655.89515378739,29213.54731720538,38659.8903234155,18894.939873837542,0.0,-33946.64031933231
2023-05-22,uttar_pradesh,495000.0,22767.967145790553,27071.305350693583,0.0,0.0,1247.3999999999944,110823.8074171179,62748.69474075979,28334.613325848895,39205.09091732233,18950.638089425527,0.0,18753.48301304127
2023-05-29,uttar_pradesh,495000.0,23906.36550308008,29725.25181720994,0.0,0.0,-1782.0000000000016,103440.7697241694,63363.74316023134,29309.607368894325,39337.459524858765,17354.590873739755,0.0,6248.212027816369
2023-06-05,uttar_pradesh,495000.0,25044.763860369607,32082.346858479563,0.0,0.0,-267.29999999997057,99109.71247891568,64847.76473065994,29303.367352166966,36364.857991301375,18100.241707564444,0.0,1115.2450205424177
2023-06-12,uttar_pradesh,495000.0,26183.162217659137,33923.31800244909,0.0,0.0,2851.2000000000157,88849.40158135023,63670.77771788292,28565.728690342763,43088.40109487415,17499.30617418634,0.0,12052.704521255484
2023-06-19,uttar_pradesh,495000.0,27321.560574948664,35039.33936948144,0.0,0.0,2851.2000000000157,89798.06593302134,63841.22960432239,30489.33018280316,44942.851835958216,18323.663980153742,0.0,-51674.24148068902
2023-06-26,uttar_pradesh,495000.0,28459.95893223819,35245.57073936061,0.0,0.0,-5732.100000000029,93724.11335322699,65042.21744773848,29284.04304821835,39342.049288179725,17919.88322536731,0.0,-20299.736034329733
2023-07-03,uttar_pradesh,495000.0,29598.357289527718,34393.570789132595,0.0,0.0,-2554.1999999999825,88853.67768637065,63403.54037418732,27388.498780429367,42624.372087065014,19409.10088598651,0.0,-40361.91789269919
2023-07-10,uttar_pradesh,495000.0,30736.755646817248,32381.842736526974,0.0,0.0,5227.199999999985,98087.15315245991,67812.98603751104,27168.315676257367,47591.20107515709,18130.745069532582,0.0,20906.800605737946
2023-07-17,uttar_pradesh,495000.0,31875.154004106775,29163.875043293705,0.0,0.0,1485.0000000000014,96792.57371484773,64499.91175679241,27194.085556618393,47528.83947506076,18731.460344138923,0.0,5296.10010514132
2023-07-24,uttar_pradesh,495000.0,33013.5523613963,24753.181455490972,0.0,0.0,-1455.2999999999715,95401.90503202761,61831.79013023499,27610.20863567352,44958.14452855187,19109.742492792426,0.0,-13784.2246361677
2023-07-31,uttar_pradesh,495000.0,34151.95071868583,19225.01535188962,0.0,0.0,4068.9000000000133,90968.2089991023,63521.45097561424,28019.904183699353,45697.93700580299,18523.5227671887,0.0,-5137.890001983149
2023-08-07,uttar_pradesh,495000.0,35290.349075975355,12714.623320870214,0.0,0.0,683.0999999999907,94642.7274339306,65239.19584541698,29974.321681739373,48663.883690599134,18374.328877688244,0.0,14925.470073780043
2023-08-14,uttar_pradesh,495000.0,36428.747433264885,5412.101155548362,0.0,0.0,-3593.7,92573.57500369848,63799.42822952698,28300.525559776783,45365.47668991234,18428.979845887003,0.0,12945.8660823851
2023-08-21,uttar_pradesh,495000.0,37567.14579055441,-2445.8893763813826,0.0,0.0,297.0000000000003,103809.57723294209,62641.56499484833,34913.96896636466,50029.94511046694,19695.791718370674,0.0,-24160.10443716558
2023-08-28,uttar_pradesh,495000.0,38705.54414784394,-10587.103819002941,0.0,0.0,4514.399999999998,101616.12855314274,61590.60684301806,31537.722462639667,47394.57960633741,18405.755715278545,0.0,-18915.633509257503
2023-09-04,uttar_pradesh,495000.0,39843.94250513347,-18716.803174343568,0.0,0.0,2257.2000000000153,100243.46993398573,62183.131629723626,31185.1197563492,45266.638179470596,17988.192822932244,0.0,-41596.89165325131
2023-09-11,uttar_pradesh,495000.0,40982.340862423,-26532.229478552552,0.0,0.0,2376.0000000000023,91986.4788921049,62301.154931619276,31853.66188867511,48105.96067551602,18273.506317033956,0.0,-22185.874088819637
2023-09-18,uttar_pradesh,495000.0,42120.73921971252,-33737.670004969965,0.0,74250.0,1989.9000000000117,92874.66296652742,65187.78191029834,31221.719861339665,48769.446928929225,19628.733350552066,0.0,-3776.3142323892853
2023-09-25,uttar_pradesh,495000.0,43259.13757700205,-40059.27549333384,0.0,0.0,-3860.9999999999704,102192.95868752664,61911.87050521803,31271.410753249904,49975.934538069276,19565.391283646466,0.0,33710.57214862134
2023-10-02,uttar_pradesh,495000.0,44397.535934291576,-45258.80967510943,123750.0,0.0,207.90000000001007,112958.5003805482,68728.555242794,33385.83992338254,48940.30750092792,21917.65240684308,57293.016950163605,26803.50133615862
2023-10-09,uttar_pradesh,495000.0,45535.93429158111,-49145.56625253663,0.0,0.0,-1395.8999999999783,126024.07829554063,62583.76870455469,34046.16577465058,49922.974295059495,21064.503528608373,95409.83147346426,-11426.790110922422
2023-10-16,uttar_pradesh,495000.0,46674.33264887064,-51585.79203495251,0.0,0.0,-4158.000000000004,132674.157248367,58517.200615948954,34920.02053945278,53673.346997813096,21130.227515980332,113847.61846351372,1189.888005005892
2023-10-23,uttar_pradesh,495000.0,47812.73100616016,-52509.0952679796,0.0,0.0,-2049.299999999972,127290.92254745834,62009.35808359153,34909.85354345751,54282.34668886528,21217.518635561923,122387.64469166039,-23818.979928775632
2023-10-30,uttar_pradesh,495000.0,48951.12936344969,-51911.48826150234,0.0,0.0,5969.700000000002,124039.45870122145,62231.221098721595,35973.41755641342,52102.97526883689,22685.888506906973,127720.25513052668,-63840.557364574444
2023-11-06,uttar_pradesh,495000.0,50089.527720739214,-49854.90347150306,173250.0,0.0,-59.399999999993454,126408.34375928943,69044.2898000042,36891.89134741453,53985.54709144143,22384.438586446966,136470.21294147725,3639.0522246898795
2023-11-13,uttar_pradesh,495000.0,51227.92607802875,-46463.22131009537,99000.0,0.0,-4811.399999999998,130112.91781904848,68103.4288778482,39273.1907859817,53806.09985329062,22127.776921266443,141295.92525424712,-10140.644279615908
2023-11-20,uttar_pradesh,495000.0,52366.324435318274,-41915.04471833701,0.0,0.0,-59.399999999993454,133919.20857337597,66860.1066858052,40255.90141603834,52072.62984413685,23494.700951466108,118464.213670944,8340.359141252193
2023-11-27,uttar_pradesh,495000.0,53504.722792607805,-36433.638646827036,0.0,0.0,2821.499999999986,127355.14627475542,66221.56675427576,39180.61698973861,54437.30695003329,23134.09580204881,92847.10369542496,30837.579387942198
2023-12-04,uttar_pradesh,495000.0,54643.12114989733,-30274.61154797891,0.0,0.0,1485.0000000000014,114865.56943395126,65210.72472367941,39330.011278367965,52019.957734004594,21637.248664005125,67809.76619579723,-17302.787631723968
2023-12-11,uttar_pradesh,495000.0,55781.51950718686,-23712.04168378411,0.0,0.0,-89.09999999999019,109024.77803269899,66054.6783072557,36606.717042964105,50054.24952463556,20239.820835924525,46431.063287414334,7480.315145704005
2023-12-18,uttar_pradesh,495000.0,56919.91786447638,-17023.836305402412,0.0,74250.0,-1158.3000000000043,101039.43481197102,63343.79977258564,35566.3885095861,51082.55743756037,20803.35745205324,30182.93076385046,-2557.250306680686
2023-12-25,uttar_pradesh,495000.0,58058.31622176591,-10477.151710541855,0.0,0.0,-2821.500000000019,95955.6078395917,67275.40835282962,37362.9769762808,49561.48845887029,19060.278884867526,18022.112177044928,15612.462799290875
2024-01-01,uttar_pradesh,495000.0,59196.714579055435,-4104.430898374301,49500.0,0.0,-14137.200000000026,107947.76890787341,62533.455301624614,35465.63293315079,49152.62445592307,20144.11918030748,10162.170537810569,267.14500262898764
2024-01-08,uttar_pradesh,495000.0,60335.11293634497,1443.2484346241206,0.0,0.0,-10929.599999999984,105103.88209209542,60905.70888476299,35769.74118300395,54385.39214135056,19191.206663633704,5398.7568117913415,-23233.449147607116
2024-01-15,uttar_pradesh,495000.0,61473.511293634496,6235.765779539817,0.0,0.0,-13988.699999999975,97162.53609620349,62703.460607554945,33198.814485303505,49410.020505573186,19539.18342090369,2670.5651686953624,15671.842642591442
2024-01-22,uttar_pradesh,495000.0,62611.909650924026,10168.270371362627,0.0,0.0,-13424.399999999972,100075.91477964915,63564.331294593176,34347.62524478417,46471.874718148465,18457.713608603925,1156.4675020605862,-7834.707170126198
2024-01-29,uttar_pradesh,495000.0,63750.30800821355,13192.794879294268,0.0,0.0,-8850.600000000015,101221.85901394818,61210.17551358418,32740.96402933791,48761.53207552687,19037.94786036869,304.16580198342206,-501.14718225707094
2024-02-05,uttar_pradesh,495000.0,64888.70636550308,15318.431417454434,0.0,0.0,-15057.89999999999,102619.7140483966,62004.49512775516,31397.6981878813,43123.819713798955,18909.865280134964,0.0,28654.169859075522
2024-02-12,uttar_pradesh,495000.0,66027.1047227926,16608.146675720745,0.0,0.0,-9266.399999999969,98647.62312384057,62793.22960055696,32206.84258016868,41336.43819829495,19795.841506449637,0.0,-13524.826407824023
2024-02-19,uttar_pradesh,495000.0,67165.50308008213,17172.45853007747,0.0,74250.0,-16334.999999999982,104010.05998875131,65583.61795316392,34032.9689005058,47114.928520674126,19137.492117704813,0.0,30905.97090904038
2024-02-26,uttar_pradesh,495000.0,68303.90143737166,17160.378068299407,0.0,0.0,-12800.699999999975,103233.3481730696,64421.73156141615,32442.3434525533,51609.82162129021,19408.03985942781,0.0,-3510.864173428005
2024-03-04,uttar_pradesh,495000.0,69442.29979466119,16748.17866360515,0.0,0.0,-5761.800000000025,96829.17117433486,64550.533598102396,32798.44999877882,51756.3828392485,18526.34277349704,0.0,6770.441157772072
2024-03-11,uttar_pradesh,495000.0,70580.69815195071,16126.678445754507,0.0,0.0,-9711.899999999985,101407.30628752513,61703.29701039192,30413.875794413765,43901.170254256256,20208.230315405446,0.0,46125.6437403024
2024-03-18,uttar_pradesh,495000.0,71719.09650924025,15487.80706739675,0.0,0.0,-7187.4,113206.23976669257,64819.6262438206,31676.25807727778,44411.75976170277,18417.23567991769,0.0,-264.6231060484013
2024-03-25,uttar_pradesh,495000.0,72857.49486652977,15011.267181320272,0.0,0.0,-12474.000000000011,103142.47442989443,67114.4061218906,32030.166553545198,43834.83594695656,18374.51857927568,0.0,-7037.163679412394
2024-04-01,uttar_pradesh,495000.0,73995.8932238193,14852.093276566637,0.0,0.0,-15770.699999999977,109455.67338556598,65064.431728618554,33773.226660773864,45539.37710655498,18000.512695824124,0.0,55778.491922276415
2024-04-08,uttar_pradesh,495000.0,75134.29158110882,15129.855949837698,0.0,0.0,-19304.999999999985,103570.3050985478,66813.16873405987,34161.29978832992,45660.12023743362,18294.14361276429,0.0,-18488.18500208199
2024-04-15,uttar_pradesh,495000.0,76272.68993839835,15920.16150336332,0.0,0.0,-13157.100000000002,95467.94886697223,65592.0547182209,33418.435759257736,45091.69533723886,18844.783168417882,0.0,34059.33070813085
2024-04-22,uttar_pradesh,495000.0,77411.08829568788,17248.96067525263,0.0,0.0,-9355.500000000025,103632.22554720553,65269.976778252174,31638.415108718626,44792.360564455106,19533.976789600103,0.0,-35570.50375917216
2024-04-29,uttar_pradesh,495000.0,78549.4866529774,19090.014230399876,0.0,0.0,-5613.299999999976,102152.42545092538,66776.85751095739,33053.301696537375,44108.891027458674,20639.594184543832,0.0,-39634.27075380003
2024-05-06,uttar_pradesh,495000.0,79687.88501026694,21365.676712413224,0.0,0.0,-11909.700000000008,109241.75885702776,63838.970493356224,33403.467696562955,50961.86757849043,20140.528156298846,0.0,-48368.45450441637
2024-05-13,uttar_pradesh,495000.0,80826.28336755648,23950.963701571724,0.0,0.0,-9563.400000000001,105251.70903709736,67440.29188772342,32244.27808304146,51602.75010264686,20020.485937672795,0.0,-18097.362117310036
2024-05-20,uttar_pradesh,495000.0,81964.681724846,26680.673815394202,0.0,0.0,-12444.300000000014,102599.9596653021,66662.89180055678,33267.869233860954,50173.647430661964,20327.732148342075,0.0,3288.8441810359773
2024-05-27,uttar_pradesh,495000.0,83103.08008213552,29359.155697528582,0.0,0.0,-13543.200000000024,105359.95790081317,63622.457485477724,36191.311840370625,49495.90803743778,20152.97551240114,0.0,-12812.646556164482
2024-06-03,uttar_pradesh,495000.0,84241.47843942505,31772.152881949623,0.0,0.0,-14523.299999999983,96942.3521337586,66554.66601228013,35530.32478140571,45161.812000609716,19876.05568868607,0.0,-3393.5419381149995
2024-06-10,uttar_pradesh,495000.0,85379.87679671458,33700.03484369409,0.0,0.0,-15295.500000000031,102220.45079033232,62532.335925927226,34981.86058875312,47034.46812544175,19518.409537536558,0.0,-28014.9366083997
2024-06-17,uttar_pradesh,495000.0,86518.2751540041,34931.638012403964,0.0,0.0,-10870.19999999999,90431.81813479209,65409.73638574155,36079.47823278374,44716.99967485469,19244.838974787275,0.0,-10315.584569367315
2024-06-24,uttar_pradesh,495000.0,87656.67351129363,35277.90097574595,0.0,0.0,-13632.300000000016,98875.4416943954,62365.36307499516,34909.774712213926,52067.87729814438,19456.056125901927,0.0,38636.212607309804
2024-07-01,uttar_pradesh,495000.0,88795.07186858315,34584.48588203296,0.0,0.0,-14048.09999999997,106243.97070339906,66899.61053442284,33868.24427340788,46870.16187605202,18547.647607361236,0.0,-12565.092745259006
2024-07-08,uttar_pradesh,495000.0,89933.47022587269,32742.632775229962,0.0,0.0,-14850.000000000013,104712.103391586,65383.855012219174,35945.72365215404,43877.24147578647,19266.01234271665,0.0,10600.961124435004
2024-07-15,uttar_pradesh,495000.0,91071.86858316221,29697.59215720244,0.0,0.0,-8583.299999999977,113978.72116904813,63181.50820326407,38530.58002156847,50506.009734936306,20244.40220093086,0.0,1886.6179298874579
2024-07-22,uttar_pradesh,495000.0,92210.26694045174,25454.11783222183,0.0,74250.0,-15117.299999999983,109809.42590414811,64829.411194737055,36784.14213047352,48051.00761620416,20224.886009660473,0.0,-4260.95762789689
2024-07-29,uttar_pradesh,495000.0,93348.66529774127,20078.66919726528,0.0,0.0,-13335.299999999983,104909.25595952771,64318.31688033541,34644.52576691117,46838.788569980046,19496.432167700317,0.0,-15586.35383946148
2024-08-05,uttar_pradesh,495000.0,94487.0636550308,13698.159990135082,0.0,0.0,-13335.299999999983,114398.77111975393,66350.32472440624,36075.91966895798,41004.65326739258,20616.5459556396,0.0,-3120.138381316172
2024-08-12,uttar_pradesh,495000.0,95625.46201232032,6495.288283253793,0.0,0.0,-8197.20000000002,100173.05108722018,63156.941401462704,35455.68859405558,45875.302256372255,20536.99115996191,0.0,11874.475205353327
2024-08-19,uttar_pradesh,495000.0,96763.86036960984,-1299.321179000234,0.0,74250.0,-15592.499999999998,101296.92809237057,66464.29325745977,34150.81788363625,44501.16721554374,20111.429912526703,0.0,-44836.675552146655
2024-08-26,uttar_pradesh,495000.0,97902.25872689938,-9417.747673774873,0.0,0.0,-6385.500000000022,97905.28103339692,66627.48889186821,32293.178971373836,43712.050953956685,19799.01480147754,0.0,-7430.025705197817
2024-09-02,uttar_pradesh,495000.0,99040.6570841889,-17567.60343952221,0.0,0.0,-8999.099999999999,105633.09099574547,63934.164920505646,30359.500139838314,44840.82145880429,20694.55706881404,0.0,-4386.088228374529
2024-09-09,uttar_pradesh,495000.0,100179.05544147843,-25446.358533525257,0.0,0.0,-10781.1,106562.27087683455,63347.14636703102,33225.61985244513,51592.64375873495,20210.548546386002,0.0,-32175.826309384665
2024-09-16,uttar_pradesh,495000.0,101317.45379876797,-32756.37172098594,0.0,74250.0,-10602.90000000002,108525.80653667812,65648.9092059622,36916.051445059136,50387.11637320735,22041.907739595423,0.0,-23507.973378284078
2024-09-23,uttar_pradesh,495000.0,102455.8521560575,-39219.79500970555,123750.0,0.0,-15444.000000000015,134592.79674631238,73308.58946185114,36596.25859389327,54384.17671001007,22533.28016722794,54367.88254018644,3874.9586341668078
2024-09-30,uttar_pradesh,495000.0,103594.25051334703,-44592.5244809049,0.0,0.0,-13335.299999999983,131290.09051858573,66039.4012642746,38613.30660053851,54945.441418475195,23229.385738507164,96707.53258496623,-11787.584157789715
2024-10-07,uttar_pradesh,495000.0,104732.64887063655,-48676.42238151775,0.0,0.0,-16275.599999999988,133710.99453380198,67777.97842835102,38340.36608180846,53006.93965210555,23143.83460469493,117811.21536559083,15538.044844528273
2024-10-14,uttar_pradesh,495000.0,105871.04722792607,-51329.1320562669,0.0,0.0,-11612.699999999973,127808.38777667853,65879.90611575097,38364.4061730344,56982.797211278354,22817.599460871184,125458.30115173501,34622.38693899229
2024-10-21,uttar_pradesh,495000.0,107009.44558521561,-52470.942678328865,0.0,0.0,-8791.20000000002,132616.81090904356,65158.37500898833,39440.01305999138,56251.73397992697,22781.02611922391,134069.75682533105,-20759.018809391855
2024-10-28,uttar_pradesh,495000.0,108147.84394250513,-52088.327122692936,173250.0,0.0,-11523.599999999984,126003.35459428042,71008.47484004826,38853.01532393097,57218.79923803233,23412.116825019042,140399.69568718656,1508.6266716905864
2024-11-04,uttar_pradesh,495000.0,109286.24229979466,-50233.96416900621,99000.0,0.0,-12325.500000000027,143035.97586776278,69781.27810856405,43029.305474033,58641.1535466399,23146.672298461537,145272.95150986486,2069.8850638852323
2024-11-11,uttar_pradesh,495000.0,110424.64065708418,-47023.254738914446,0.0,0.0,-7811.099999999997,146583.48354248735,64240.21639483785,45365.9632613309,60553.60398623227,24140.030862080803,123296.29462288678,35771.12141197422
2024-11-18,uttar_pradesh,495000.0,111563.03901437372,-42627.53967182454,0.0,0.0,-12474.000000000011,143664.62753222234,63552.62165600476,43295.774015800824,60159.610039795785,22603.025558800335,97986.15579647617,10275.686058350719
2024-11-25,uttar_pradesh,495000.0,112701.43737166324,-37264.412271624344,0.0,0.0,-10127.700000000006,127633.97868910304,69387.05147160162,41503.241742948325,55971.90341688858,21284.229932307284,72555.05679518262,5956.212851929599
2024-12-02,uttar_pradesh,495000.0,113839.83572895276,-31185.681862246314,0.0,0.0,-11939.400000000003,125065.81361613805,65779.09066247713,41449.985563957554,51417.12988557741,20007.509251993702,50275.38624585054,-24272.669092700784
2024-12-09,uttar_pradesh,495000.0,114978.2340862423,-24663.67553108864,0.0,0.0,-19037.700000000015,121716.67070255213,62777.820934527925,40352.60631937702,51055.15803217991,19817.249650072634,32982.23604266626,-30249.60023652932
2024-12-16,uttar_pradesh,495000.0,116116.63244353182,-17976.656625408836,0.0,0.0,-7246.799999999993,119023.99887076083,64789.54604946728,38035.19150367853,48683.97508814179,20557.443632750324,19936.58453064522,10314.084506433126
2024-12-23,uttar_pradesh,495000.0,117255.03080082135,-11394.185188661577,0.0,0.0,-11167.200000000023,110840.20569970398,66729.58017768706,38847.62253794462,53491.78165461874,20576.51317757666,11307.98346299675,33582.66767731239
2024-12-30,uttar_pradesh,495000.0,118393.42915811087,-5163.244753434932,49500.0,0.0,-13127.400000000005,121461.54391817487,67226.98706813306,38294.925699942825,54800.968944850254,19837.404675660844,6006.012956132069,-10615.627667570016
2025-01-06,uttar_pradesh,495000.0,119531.82751540041,-70.709329174923,0.0,0.0,-20938.500000000004,116858.18080545991,65405.499655091415,36405.15607505404,53842.072448537445,20300.001827466454,3001.2155759872517,-22492.7445738219
2025-01-13,uttar_pradesh,495000.0,120670.22587268995,4950.694773305138,0.0,0.0,-21978.00000000002,116732.88157526107,67993.08269166618,34750.92428398117,48318.97707907859,20555.051491134716,1248.8753473316078,-3388.7131144483283
2025-01-20,uttar_pradesh,495000.0,121808.62422997945,9136.332118200211,0.0,0.0,-22482.90000000003,123359.3716618364,67079.24230337917,35396.06592295479,49778.11115149495,20650.49058072774,342.4009784683324,-9420.738947041045
2025-01-27,uttar_pradesh,495000.0,122947.02258726899,12421.815641606949,0.0,74250.0,-19661.400000000012,113699.6732617762,67708.58358734119,36622.240020110985,46609.39276439112,19340.23059041642,0.0,-13168.558452911817
2025-02-03,uttar_pradesh,495000.0,124085.42094455851,14800.115297338229,0.0,0.0,-20582.099999999977,122863.63603340014,67693.01340144868,36816.01528943024,45531.72054026247,20021.849493550602,0.0,230.32900001107504
2025-02-10,uttar_pradesh,495000.0,125223.81930184805,16319.319119437956,0.0,0.0,-22453.199999999968,118046.46849408251,67413.33521902218,35778.53270630213,53703.97472315241,19924.651436458986,0.0,-10635.901000304131
2025-02-17,uttar_pradesh,495000.0,126362.21765913756,17077.17291335577,0.0,0.0,-27234.89999999997,116461.96476344594,71586.18854636203,35050.73459896631,51818.413932778436,21125.007715995813,0.0,2669.199869958355
2025-02-24,uttar_pradesh,495000.0,127500.6160164271,17212.752631761534,0.0,0.0,-25007.400000000016,112134.03506694529,70236.03635065009,35579.84753587928,55291.85828004621,21403.83280809354,0.0,64528.42131019711
2025-03-03,uttar_pradesh,495000.0,128639.01437371662,16895.789010440738,0.0,0.0,-22572.000000000022,113211.6736701774,70302.7534484134,37330.11467295212,54921.914025739105,19739.762585629403,0.0,13607.97821293133
2025-03-10,uttar_pradesh,495000.0,129777.41273100616,16314.299005356943,0.0,0.0,-26432.99999999999,113334.20258125872,68455.62642213657,39205.595035288854,56278.290525175784,20573.926381091023,0.0,-34641.35268131397
2025-03-17,uttar_pradesh,495000.0,130915.81108829567,15661.275201365312,0.0,0.0,-28957.499999999975,108449.15806187078,66685.41616280204,38426.273687627254,48888.86392806182,20958.08104728347,0.0,-20236.379177306488
2025-03-24,uttar_pradesh,495000.0,132054.2094455852,15121.237094639091,0.0,0.0,-28304.099999999984,108433.6304751149,66456.50850205489,38854.177140925036,46023.62553022351,20656.757966302124,0.0,76237.95384515516
2025-03-31,uttar_pradesh,495000.0,133192.60780287473,14857.453964700904,0.0,0.0,-29284.200000000008,128921.81426365644,68760.3873504103,38087.80272450899,58795.69060118156,20020.287108626006,0.0,20348.156184040938
2025-04-07,uttar_pradesh,495000.0,134331.00616016425,15000.607643718433,0.0,0.0,-26432.99999999999,116768.9055236427,66468.27915296999,36991.01980626914,58704.89241190295,20578.215002768615,0.0,1421.0742985640668
2025-04-14,uttar_pradesh,495000.0,135469.4045174538,15639.577288845767,0.0,0.0,-22839.299999999992,118891.28056984326,66082.08159955557,37166.83536234187,54684.38068688128,21758.989721077447,0.0,58734.75025400103
2025-04-21,uttar_pradesh,495000.0,136607.80287474333,16814.902288281133,0.0,0.0,-21740.39999999998,111903.06966233795,69969.0379951405,36826.61817181195,56024.8844332466,20834.733725506892,0.0,51186.35084893175
2025-04-28,uttar_pradesh,495000.0,137746.20123203285,18515.321005355676,0.0,0.0,-21978.00000000002,113181.05563775012,70573.79050360942,36927.34263777406,56135.680279864835,20433.42739652775,0.0,-31972.818692914643
2025-05-05,uttar_pradesh,495000.0,138884.59958932237,20677.60138755598,0.0,0.0,-22542.300000000025,114832.89777255387,68924.22323924775,37652.32204793783,54364.64208173123,18912.59478943409,0.0,8326.419092217026
2025-05-12,uttar_pradesh,495000.0,140022.99794661193,23189.685085454745,0.0,0.0,-28719.9,105536.16457164638,67744.43388780192,36549.28385455668,50308.717356932306,20239.357596560014,0.0,15276.259700436038
2025-05-19,uttar_pradesh,495000.0,141161.39630390142,25896.970923349527,0.0,74250.0,-21116.699999999983,113187.46680110088,70628.42993145579,37077.59721047998,52820.245986593196,19352.54401544998,0.0,22057.04882766927
2025-05-26,uttar_pradesh,495000.0,142299.79466119097,28611.377706778552,0.0,0.0,-26730.000000000025,110552.2279921813,71666.62074201895,37740.86003280923,51402.86024058892,19707.46728749918,0.0,24108.79133693293
2025-06-02,uttar_pradesh,495000.0,143438.1930184805,31122.661237199358,0.0,0.0,-27502.200000000004,112054.11310841375,70256.77333759505,38039.60629463785,47422.40341819814,19693.50801148513,0.0,24513.941573990298
2025-06-09,uttar_pradesh,495000.0,144576.59137577002,33211.32562950564,0.0,0.0,-24918.300000000025,116307.70173379905,64931.07011962049,37327.507343101686,50126.86872308344,20168.659068263,0.0,9761.576006856636
2025-06-16,uttar_pradesh,495000.0,145714.98973305954,34662.372440545885,0.0,0.0,-23522.39999999998,118650.74685395022,67721.97957194058,37345.92062327499,46994.49349626605,20813.03952162179,0.0,41745.857759340855
2025-06-23,uttar_pradesh,495000.0,146853.38809034906,35279.07835761687,0.0,74250.0,-24710.399999999983,115993.5591452957,70428.91657987177,38139.41120322052,50876.528454512925,20554.906404477213,0.0,-46032.388235343955
2025-06-30,uttar_pradesh,495000.0,147991.7864476386,34895.98637407986,0.0,0.0,-20492.999999999985,125239.91712965608,67939.21200857952,36797.35695363569,54316.15639477849,21237.846303812425,0.0,-20141.261612180726
2025-07-07,uttar_pradesh,495000.0,149130.18480492814,33390.33689126935,0.0,74250.0,-21235.49999999997,119106.89501805979,73453.14138826936,36850.445496275504,53702.28175759179,20009.99689857746,0.0,-6553.78225497128
2025-07-14,uttar_pradesh,495000.0,150268.58316221763,30691.251691898407,0.0,0.0,-19572.30000000002,116019.14546281398,69112.74696593535,37973.923749361915,51450.58209016655,20081.667302943748,0.0,5249.399574662444
2025-07-21,uttar_pradesh,495000.0,151406.9815195072,26786.110288295156,0.0,0.0,-20879.10000000001,118420.27178167728,67918.07082861035,39618.948693454506,49846.18100670526,19909.715346460216,0.0,-18059.179464710112
2025-07-28,uttar_pradesh,495000.0,152545.3798767967,21723.71749955088,0.0,0.0,-22542.300000000025,108998.32024626751,64823.36492431635,40292.744923189464,53599.930419487515,19969.674799270328,0.0,-5632.832688878744
2025-08-04,uttar_pradesh,495000.0,153683.77823408623,15614.044096336695,0.0,0.0,-24027.299999999992,111697.14448321146,70053.45266959828,38812.55024193198,53858.384146360535,20238.828796524034,0.0,-39039.8826680492
2025-08-11,uttar_pradesh,495000.0,154822.17659137576,8624.518440948717,0.0,0.0,-26076.60000000003,115106.44375027074,66667.73492866567,38038.091853192695,54827.58936503857,21146.37678373978,0.0,-3714.3317132319034
2025-08-18,uttar_pradesh,495000.0,155960.57494866528,973.0449494733709,0.0,0.0,-20671.20000000003,117748.09668342536,69579.58943261058,39175.01306861579,53454.84631604887,20902.229465012628,0.0,39982.805136148185
2025-08-25,uttar_pradesh,495000.0,157098.9733059548,-7081.88649305445,0.0,0.0,-21176.099999999977,119987.60397163867,67655.72918448034,38941.24301182979,53137.46264766648,20959.932431658995,0.0,-34100.95806017469
2025-09-01,uttar_pradesh,495000.0,158237.37166324435,-15253.468185028602,0.0,0.0,-24680.699999999986,116720.97285523626,67642.42450512676,37090.640738423615,50346.02425994086,20067.87880921845,0.0,21275.85535383847
2025-09-08,uttar_pradesh,495000.0,159375.77002053388,-23240.54964297715,0.0,0.0,-25066.80000000001,125805.08889281798,67045.76619331195,38609.14467944494,51890.33275561216,21041.02187329715,0.0,-4024.7747720409257
2025-09-15,uttar_pradesh,495000.0,160514.1683778234,-30742.550726276473,0.0,0.0,-26492.399999999983,138186.28261354566,68511.17618295747,39287.28344989826,54881.7450140091,21531.876850591914,57015.75378203698,11487.664455413838
2025-09-22,uttar_pradesh,495000.0,161652.56673511295,-37474.48781578087,123750.0,0.0,-23730.300000000025,137408.69697395933,73102.78621762841,41860.784851680786,56994.98840394474,22805.243083938174,98031.78116807173,3188.9403814447464
2025-09-29,uttar_pradesh,495000.0,162790.96509240245,-43181.2793705545,0.0,74250.0,-19750.5,137692.4825380857,72208.37444406027,45134.52551721742,60719.64428487642,23237.443996144168,118797.56967687544,34161.7738208927
2025-10-06,uttar_pradesh,495000.0,163929.363449692,-47650.536180541305,0.0,0.0,-28719.9,146921.29713402753,64012.612077629215,47140.56728056224,61097.62874601184,23824.474315939256,130113.54653141409,32309.94664526509
2025-10-13,uttar_pradesh,495000.0,165067.76180698152,-50723.126046937294,0.0,0.0,-20790.00000000002,149024.24834294844,67641.56256210787,47053.5013546595,58552.61892158032,25353.563099101477,137182.6727181239,-34500.80275856559
2025-10-20,uttar_pradesh,495000.0,166206.16016427104,-52300.927627963334,173250.0,0.0,-22987.799999999974,144936.70429650423,72585.02872741468,45785.878223634216,60334.91163642716,24608.203387051337,145795.54747182204,20023.29372083868
2025-10-27,uttar_pradesh,495000.0,167344.55852156057,-52351.34662024307,99000.0,0.0,-28719.9,152940.15348289363,76222.03948551374,47206.560403536874,62819.13353788912,24164.41230732843,146013.33709804597,-3035.9482165253366
2025-11-03,uttar_pradesh,495000.0,168482.9568788501,-50908.350215371735,0.0,0.0,-22067.10000000001,148502.9247398804,70053.8584381994,48215.51692970372,60613.73440561459,24734.482519489156,124209.01289517355,-38863.03659153919
2025-11-10,uttar_pradesh,495000.0,169621.3552361396,-48069.97238741029,0.0,0.0,-26225.100000000013,140761.34976178358,69540.52343347107,47604.48704588736,61132.181478965,23531.37468926676,98973.04454855589,12071.756193340905
2025-11-17,uttar_pradesh,495000.0,170759.75359342917,-43992.44174408611,0.0,0.0,-24354.000000000022,137109.55369831546,68950.7739742192,45568.99600549231,57714.62159979437,22251.817018181668,73481.42738736674,38116.49846728708
2025-11-24,uttar_pradesh,495000.0,171898.15195071866,-38881.273981306964,0.0,0.0,-29759.40000000002,140612.3178290032,68472.57897637377,44944.67752012196,56081.13300053332,21977.72970602246,51036.640841166314,16117.444157367392
2025-12-01,uttar_pradesh,495000.0,173036.5503080082,-32979.84149970713,0.0,0.0,-29670.30000000003,133474.4114454441,70559.6841438612,42525.08325548447,56241.83449075679,20990.635150170394,33542.66823174034,26452.27447424167
2025-12-08,uttar_pradesh,495000.0,174174.94866529774,-26556.07369866641,0.0,0.0,-20106.900000000027,119919.02296940822,66791.15547155915,40971.050048541,53266.11643680681,20814.111512165953,20276.49388369703,-55692.925288809616
2025-12-15,uttar_pradesh,495000.0,175313.34702258726,-19888.04478893794,0.0,0.0,-28719.9,128717.29343491433,66441.6681509865,40207.73856769733,57479.920567246634,21066.96333980706,11519.814298931518,-6925.800593232788
2025-12-22,uttar_pradesh,495000.0,176451.74537987678,-13249.265761854387,0.0,0.0,-24918.300000000025,124888.53434320369,66709.82072950099,41290.02067576069,54614.45218768802,21396.41654534932,6124.390633696404,-22817.814733221432
2023-01-02,kerala,378000.0,0.0,-2497.9488353504153,0.0,56700.0,-1519.5599999999838,70195.60854264136,51374.3629367246,6006.507558904724,21017.036945802174,12777.690526368917,0.0,19865.302324908705
2023-01-09,kerala,378000.0,869.3223819301847,1662.569981273232,0.0,0.0,-5307.12000000002,87258.5258121217,48041.38998318702,11478.37907417548,25999.520748487837,13363.705478029144,0.0,-17885.293459204437
2023-01-16,kerala,378000.0,1738.6447638603695,5232.39750723216,0.0,0.0,136.0800000000102,86850.32405474289,54035.28871418131,12958.600447151939,30391.345520210358,14790.056107161658,0.0,20530.262885459335
2023-01-23,kerala,378000.0,2607.9671457905542,8137.564345201276,0.0,0.0,1292.7600000000086,95632.03701914122,50945.27812788356,15250.305498050839,35116.720845955366,14216.353045929696,0.0,-23932.98602795249
2023-01-30,kerala,378000.0,3477.289527720739,10347.718124335914,0.0,0.0,544.3199999999904,87979.55883990123,48303.858507124416,15036.006989981015,33577.01244173398,14051.968361318834,0.0,-25508.732792116076
2023-02-06,kerala,378000.0,4346.611909650924,11875.88645565276,0.0,0.0,-317.5200000000154,85323.6492551384,50347.312123747986,14812.789705314799,31774.49025989513,13672.295755028656,0.0,-3796.5154644285926
2023-02-13,kerala,378000.0,5215.9342915811085,12775.68868632123,0.0,0.0,-158.7599999999825,83967.25028682547,46902.12370349307,13941.008582371018,29878.004092107858,14189.929529014737,0.0,-19557.179171714524
2023-02-20,kerala,378000.0,6085.256673511293,13136.186884554143,0.0,0.0,1542.2400000000064,89440.01423249257,46843.22295370109,14315.188461749814,27591.763039268226,14367.576419640396,0.0,25747.55133508246
2023-02-27,kerala,378000.0,6954.579055441478,13074.70301049348,0.0,0.0,-635.0399999999804,84088.1097151588,48622.305318321945,15085.012161682504,25401.012857493144,14025.95587294378,0.0,-20927.637991535074
2023-03-06,kerala,378000.0,7823.901437371664,12728.046449107227,0.0,0.0,-771.1200000000158,89214.74909074324,50338.68745560592,13693.767337183752,29289.365741049514,14301.929473273596,0.0,4185.673015665181
2023-03-13,kerala,378000.0,8693.223819301847,12242.687235047308,0.0,56700.0,2585.5199999999923,87714.48096925291,56828.75326654789,13960.437472500644,24556.881978261576,13651.659333810405,0.0,27237.355925277345
2023-03-20,kerala,378000.0,9562.546201232031,11764.470133870207,0.0,0.0,1451.5199999999911,79993.87270430326,52865.76929623539,15071.94244410423,23266.182247373305,13249.592506286786,0.0,6758.10446659488
2023-03-27,kerala,378000.0,10431.868583162217,11428.489820068735,0.0,0.0,-45.359999999995004,75998.02009308925,53538.51312753186,15912.463910064116,28351.088418102136,13427.107819290326,0.0,30143.808228691334
2023-04-03,kerala,378000.0,11301.1909650924,11349.73628324333,0.0,0.0,-2381.3999999999896,82707.61299768984,47900.52360014877,18968.477725758254,25164.159134457055,14625.98459980814,0.0,21777.714693802336
2023-04-10,kerala,378000.0,12170.513347022586,11615.072966904967,0.0,0.0,340.1999999999877,83933.92078673768,51400.826752381545,17683.338162225664,29940.375656528748,14137.715807629189,0.0,-21601.963479430375
2023-04-17,kerala,378000.0,13039.835728952772,12277.030722609801,0.0,0.0,1111.3200000000036,84823.47448767937,47430.467934354594,15872.273890433962,26652.654210181423,13455.632425686896,0.0,-15214.68939989883
2023-04-24,kerala,378000.0,13909.158110882956,13349.793065829987,0.0,0.0,362.8800000000104,83490.18957475848,50109.44394742217,14123.054019441066,27732.538945892895,14344.978028478461,0.0,23666.96430729401
2023-05-01,kerala,378000.0,14778.48049281314,14807.618700090155,0.0,0.0,-6713.280000000016,86977.27323227722,51845.73881347955,14800.763337779903,26549.951900393164,13614.53004318848,0.0,5580.923479978506
2023-05-08,kerala,378000.0,15647.802874743327,16585.80335244454,0.0,0.0,-1406.1599999999962,84566.82150767528,47818.05530157298,15351.791416954447,29249.96942865248,14202.949101469623,0.0,12320.967016487277
2023-05-15,kerala,378000.0,16517.12525667351,18584.132990714123,0.0,0.0,680.4000000000007,82894.84048135486,53314.47898007308,16820.93983238081,26657.070296807367,15376.382437946299,0.0,31313.62972404996
2023-05-22,kerala,378000.0,17386.447638603695,20672.633176893283,0.0,0.0,3447.359999999998,83306.9381659423,51208.20817361791,17266.164613728663,30926.197627879374,13705.478033618634,0.0,-8244.427430283902
2023-05-29,kerala,378000.0,18255.77002053388,22699.28320586941,0.0,0.0,-136.079999999985,80790.5658834011,53180.47641567882,15162.476684672387,29979.965028202194,13735.175160511804,0.0,14700.367601130409
2023-06-05,kerala,378000.0,19125.092402464063,24499.246691929846,0.0,0.0,2494.800000000002,86509.91518932009,47366.31884563698,15570.060530778208,30573.782327078636,13759.446296203574,0.0,26151.337716588652
2023-06-12,kerala,378000.0,19994.414784394252,25905.079201870212,0.0,0.0,-3764.8799999999883,91021.20446045599,49811.54564905474,15635.168327198648,28396.621854965695,14238.502922722764,0.0,22698.342799337865
2023-06-19,kerala,378000.0,20863.737166324434,26757.31370033128,0.0,0.0,158.7600000000077,85696.46407087041,53397.67086785703,14549.084899784717,25786.458542693188,14069.692695370957,0.0,-47915.18194323208
2023-06-26,kerala,378000.0,21733.05954825462,26914.79947369356,0.0,0.0,-1247.4000000000137,84129.15115104178,51509.7834794855,15049.23493522288,27312.336123002126,15562.522528754815,0.0,5304.51276054482
2023-07-03,kerala,378000.0,22602.3819301848,26264.181329883075,0.0,0.0,-657.719999999978,89133.48514778283,55547.91128309847,16347.915776430878,26176.554714122212,14113.333456473409,0.0,-3651.043637975666
2023-07-10,kerala,378000.0,23471.70431211499,24727.952635166053,0.0,0.0,-4150.439999999996,89788.55840182047,51115.00193978948,16083.21791192555,32340.32676398595,13696.816934858549,0.0,11390.86110033898
2023-07-17,kerala,378000.0,24341.026694045173,22270.595487606104,0.0,0.0,2540.159999999997,84375.43710297962,50079.46885498783,16430.678275696377,31331.23243455495,14684.527554711904,0.0,-23017.12640458196
2023-07-24,kerala,378000.0,25210.34907597536,18902.429475102195,0.0,0.0,1587.6000000000015,85183.81683669101,51775.17644528504,19761.928818990225,30753.94144889831,14431.39324556542,37963.27166431789,18389.09298917441
2023-07-31,kerala,378000.0,26079.671457905544,14680.920814170253,0.0,0.0,-136.079999999985,85803.76937492113,51112.47391287179,19684.009075115497,29562.406300155682,13876.62322340769,60055.688870547325,21071.516970905035
2023-08-07,kerala,378000.0,26948.993839835726,9709.348717755436,0.0,0.0,-544.3199999999904,81733.59202351673,48920.762968609975,19663.600243365938,31619.785661770646,14677.995832681949,73305.29365576882,-2698.0529433053034
2023-08-14,kerala,378000.0,27818.316221765912,4132.877246055113,0.0,0.0,-362.8800000000104,91510.81028034519,46604.1082157373,19324.585700737935,28839.94243240325,15206.030640852565,82555.44271531924,6560.766546783579
2023-08-21,kerala,378000.0,28687.638603696094,-1867.770069236692,0.0,56700.0,3152.5200000000054,93307.66405192832,53547.414476720616,18363.31978201581,33123.042123159736,16107.124516009111,91856.92058139945,7783.125934307588
2023-08-28,kerala,378000.0,29556.96098562628,-8084.697461784064,75600.0,0.0,-1973.1599999999842,100340.66761423612,54100.79993400984,20801.759012693106,32853.27588412168,15758.953798758159,93815.30544154315,40339.13479079582
2023-09-04,kerala,378000.0,30426.28336755647,-14292.83151495327,0.0,56700.0,2744.2799999999997,98595.55590039813,56715.290300681445,19939.447541478512,37581.59919819851,17417.536257695694,77221.42625345821,1639.412695486251
2023-09-11,kerala,378000.0,31295.605749486655,-20260.9752381674,0.0,0.0,2290.6799999999994,96765.43560694793,53456.26640798489,23381.611054393405,35299.826130710906,16375.247340041009,59309.210556695776,-7165.907608093257
2023-09-18,kerala,378000.0,32164.928131416837,-25763.311640158885,0.0,0.0,839.1600000000083,93207.74537962039,50617.138406749546,21831.337462501822,34137.21343939825,14671.586627182904,42483.18621651412,-4645.984023225046
2023-09-25,kerala,378000.0,33034.25051334702,-30590.719467636747,0.0,0.0,-3175.200000000003,96275.36476132157,47912.49947445973,22777.593415303218,33341.522342760705,14922.722135878152,28619.5939477351,-41497.627123168866
2023-10-02,kerala,378000.0,33903.572895277204,-34561.27284281084,94500.0,0.0,-2948.3999999999774,94241.85043670978,55660.134442098446,22935.510337246684,32690.07158096586,15814.97550711772,61720.40394241614,15603.153700978946
2023-10-09,kerala,378000.0,34772.89527720739,-37529.34150193706,0.0,0.0,-1383.4799999999987,101741.93175510512,52558.07513380645,23499.802984242167,34584.47210428994,16352.954564600603,79261.45694082117,-2004.76725813576
2023-10-16,kerala,378000.0,35642.217659137576,-39392.786644872824,0.0,0.0,3379.3200000000056,101059.16788630249,55230.3835344395,22914.070427079823,36390.8273287362,16141.723211499631,86803.05764195553,14862.018955722144
2023-10-23,kerala,378000.0,36511.54004106776,-40097.85456827533,0.0,0.0,1610.2799999999988,102535.80682630384,44433.795884605446,23041.03500280017,38526.7674629551,16984.578793439432,92112.85211196572,2306.1984451378426
2023-10-30,kerala,378000.0,37380.86242299795,-39641.50012696542,0.0,0.0,2426.7600000000098,98289.13066893969,52099.241210220585,22186.318067987635,38417.820483242,16860.869313370793,95265.54860325124,-33517.05064304452
2023-11-06,kerala,378000.0,38250.184804928125,-38071.017196420515,132300.0,0.0,1360.8000000000013,103105.5517951307,55894.20235068251,24005.252226821114,38322.35269480391,16286.81842794725,98217.79195256931,-21508.937056462437
2023-11-13,kerala,378000.0,39119.50718685832,-35481.00536407283,0.0,56700.0,884.5200000000033,102442.45343689299,55624.859988192016,26394.418265202057,35776.03017327141,16468.33195648918,82062.40506846047,13678.479288706456
2023-11-20,kerala,378000.0,39988.829568788504,-32007.852330366448,0.0,0.0,-3084.4800000000128,98554.05502224184,54186.37520474376,24770.168794467547,33423.46803531263,17041.228874777735,63853.62469684391,13023.58213319061
2023-11-27,kerala,378000.0,40858.15195071868,-27822.051330304283,0.0,0.0,340.1999999999877,105412.08547577087,50854.915489876425,24726.29225747855,32841.50154356602,16990.173288336457,46533.67646499693,-8810.945140439653
2023-12-04,kerala,378000.0,41727.47433264887,-23118.79427300208,0.0,0.0,3220.5599999999977,100290.66249930467,52900.938902564725,22051.5826611518,33831.93037200643,15743.40074139761,31803.941786790223,27981.302977137726
2023-12-11,kerala,378000.0,42596.79671457905,-18107.377285798775,0.0,0.0,-3674.159999999998,95206.95123474786,50031.99890359578,19618.73455011941,34601.93725309427,15325.194730827547,20645.46078388183,-24627.536885047022
2023-12-18,kerala,378000.0,43466.11909650924,-13000.020451398204,0.0,0.0,-929.8799999999983,92877.49447409422,50292.82162757267,19265.588151125106,31084.629114009425,15417.895129411054,12910.923065014156,-11211.570206337565
2023-12-25,kerala,378000.0,44335.441478439425,-8000.734033504689,0.0,0.0,1723.6800000000117,93198.98255076991,54993.77087352912,20766.3470953393,31354.781183199164,15488.368231773708,7288.38048094803,-9153.017860493925
2024-01-01,kerala,378000.0,45204.7638603696,-3134.2926860312846,37800.0,0.0,-10364.760000000017,92359.48573649922,55455.93447137325,21009.24504836462,32551.393278744396,15855.045318330256,3833.409134176766,30108.77583817309
2024-01-08,kerala,378000.0,46074.086242299796,1102.1169864402375,0.0,56700.0,-6690.600000000019,95077.0593192143,55115.008243883145,21091.05889234434,28995.741678396887,15000.396551684986,1862.2562808772623,-14033.124195141001
2024-01-15,kerala,378000.0,46943.40862422998,4761.85750437586,0.0,0.0,-4536.000000000004,89003.38425541644,50171.10687448272,21319.626995048468,28738.094660679733,15438.510777591158,761.7606532282297,10635.249654947484
2024-01-22,kerala,378000.0,47812.73100616017,7764.861010858734,0.0,0.0,-12247.200000000012,86853.95897641622,56789.431077085785,21189.05499566781,33307.93895015709,14890.370925896683,210.80293707793413,-35954.94987932029
2024-01-29,kerala,378000.0,48682.053388090346,10074.497907824714,0.0,0.0,-9094.680000000006,83459.01229246074,56081.365329629814,19491.435429569352,33461.40173390894,14068.931682214274,0.0,384.9822363018255
2024-02-05,kerala,378000.0,49551.37577002053,11697.71126423793,0.0,0.0,-12950.279999999984,86281.63884838743,51569.58845712378,17954.959295431694,32082.05981771116,13993.261875786819,0.0,-14542.31532869931
2024-02-12,kerala,378000.0,50420.69815195072,12682.584734186752,0.0,0.0,-9911.160000000016,87459.1294050079,50222.994408792176,17807.264535803424,30608.245861971198,14438.925324218048,0.0,-5239.682421930202
2024-02-19,kerala,378000.0,51290.0205338809,13113.513786604613,0.0,0.0,-9707.039999999988,86786.00811489362,50748.23516667604,16472.855863575063,29164.130790312087,14078.358156057608,0.0,-9028.082411999965
2024-02-26,kerala,378000.0,52159.34291581109,13104.288706701365,0.0,0.0,-11158.55999999998,86504.16715315913,50437.2435465229,18424.394362485033,32830.98657663521,15066.406259108402,0.0,7843.730479576904
2024-03-04,kerala,378000.0,53028.66529774127,12789.51825220757,0.0,56700.0,-9820.439999999977,91341.28961304085,58257.15741961355,18360.021427085634,30825.86660579721,14264.445668525916,0.0,-23917.52428401192
2024-03-11,kerala,378000.0,53897.98767967145,12314.918085848896,0.0,0.0,-9117.360000000002,83678.57283060318,55748.94196559247,18066.006112661864,29563.886974939927,14824.310215811787,0.0,-18176.26386512967
2024-03-18,kerala,378000.0,54767.31006160164,11827.052669648427,0.0,0.0,-11226.600000000022,90978.00743165595,54431.72561903801,19676.645941858358,28119.534900823684,14649.384385183937,0.0,-4584.061009810122
2024-03-25,kerala,378000.0,55636.632443531824,11463.1494839173,0.0,56700.0,-11770.920000000013,90331.08457108396,57875.92488839965,18556.444029053895,30898.841884713227,15905.285827414495,0.0,-3555.4431281145044
2024-04-01,kerala,378000.0,56505.95482546201,11341.598502105431,0.0,0.0,-9230.759999999991,90621.07128584896,53572.33122374688,21353.927639339196,32754.636145207405,15055.90990094103,0.0,24548.330477348954
2024-04-08,kerala,378000.0,57375.27720739219,11553.708179876061,0.0,0.0,-9797.759999999978,99665.6657045852,50491.50657727879,18017.04153624229,31470.53327027921,14272.775818400138,0.0,-28564.74829405388
2024-04-15,kerala,378000.0,58244.59958932237,12157.21423893199,0.0,0.0,-8754.479999999992,95328.37295220798,53433.090173882985,19973.319382609494,31864.266226351258,14133.53774249179,0.0,1743.0796942021632
2024-04-22,kerala,378000.0,59113.92197125256,13171.933606556555,0.0,0.0,-8323.55999999999,92069.13958784926,57419.41517385283,20694.168596065334,30984.247188912042,13957.470791227523,0.0,38701.26308428386
2024-04-29,kerala,378000.0,59983.244353182745,14577.829048668995,0.0,0.0,-7302.960000000002,87735.51322892522,52706.03053074384,20773.910821535428,29860.14988854073,14730.648152029702,0.0,3889.633976373373
2024-05-06,kerala,378000.0,60852.56673511294,16315.60767129737,0.0,56700.0,-8187.480000000005,87580.43521396123,56588.34664185263,20467.148916879112,30062.422024872307,15728.541766647046,0.0,9345.411029377323
2024-05-13,kerala,378000.0,61721.88911704312,18289.82682665477,0.0,0.0,-8890.559999999978,88153.93857075722,53091.016524279854,20337.523385416956,29690.610871326524,15192.358148364281,0.0,-4511.603443842703
2024-05-20,kerala,378000.0,62591.21149897331,20374.332731755574,0.0,0.0,-4921.560000000012,89861.40357976384,57471.48039833215,23639.453274687123,30330.065846994585,15390.088702455269,0.0,13100.523967038172
2024-05-27,kerala,378000.0,63460.533880903495,22419.718896294555,0.0,0.0,-10841.040000000015,87640.24690221448,58064.9886137241,22637.302718990166,28586.85229513762,14828.78736167615,0.0,-13269.390668940383
2024-06-03,kerala,378000.0,64329.85626283367,24262.37129167062,0.0,0.0,-7711.200000000007,98268.56165944168,53661.21209062313,20165.51244938241,33070.996602314124,14978.460937348742,0.0,3396.2287063856247
2024-06-10,kerala,378000.0,65199.17864476386,25734.572062457308,0.0,0.0,-9276.119999999986,91346.57223170818,51280.7931432344,20625.82766664956,30393.568041227314,15607.082443829808,0.0,13257.525766129369
2024-06-17,kerala,378000.0,66068.50102669404,26675.069027653935,0.0,0.0,-9502.920000000011,89419.82927468172,56075.44412697933,19199.47255871391,31139.418619367465,15996.148831076038,0.0,19178.036534833678
2024-06-24,kerala,378000.0,66937.82340862423,26939.48801784236,0.0,0.0,-9208.079999999993,96389.71158861848,51472.75508319517,19267.25493212082,29793.357723551275,16085.879299322476,0.0,14055.809946725283
2024-07-01,kerala,378000.0,67807.14579055441,26409.971037188807,0.0,0.0,-10183.319999999987,95495.75874722279,52045.35982271974,20253.09332009938,31626.785253781214,15074.669621510553,0.0,21862.536406923104
2024-07-08,kerala,378000.0,68676.4681724846,25003.465028357426,0.0,0.0,-11067.83999999999,95075.77932965741,57263.38758597635,21178.23968153229,36012.5053977638,14885.901533605938,0.0,3173.0932706221483
2024-07-15,kerala,378000.0,69545.79055441478,22678.161283681864,0.0,56700.0,-10750.320000000025,89636.71589757201,58963.17529626271,19597.7772858295,33125.41336124123,15815.360683714282,0.0,9199.925637283606
2024-07-22,kerala,378000.0,70415.11293634496,19437.689980969397,0.0,0.0,-9298.799999999983,86190.75117802054,62244.36721680826,21022.32408151506,35648.12056144516,15583.079162477532,0.0,16916.35488241913
2024-07-29,kerala,378000.0,71284.43531827515,15332.801932457123,0.0,0.0,-9185.399999999996,92975.51073025125,56624.76123634746,20394.085396308943,33319.09616031919,15142.259539844525,0.0,-9034.550313803504
2024-08-05,kerala,378000.0,72153.75770020533,10460.41308337588,0.0,56700.0,-4331.8799999999765,98691.29041895189,56794.78700786554,22852.867621943085,35916.780511356585,14487.523109229829,41208.69503616218,4256.765510909762
2024-08-12,kerala,378000.0,73023.08008213552,4960.038325393806,0.0,0.0,-10137.959999999992,95041.29356629612,56474.76013855048,21230.938804268564,32770.903538770035,15359.858514793901,70336.68847493404,-19074.60144514268
2024-08-19,kerala,378000.0,73892.4024640657,-992.2089003274515,0.0,0.0,-9298.799999999983,95268.27764778,56751.37321264872,21512.977314008276,32408.03409270504,15712.770241469982,82438.44098653857,62317.73294111135
2024-08-26,kerala,378000.0,74761.7248459959,-7191.734587246266,0.0,0.0,-9707.039999999988,89701.16602253923,53139.11488035586,25679.68271270599,31714.449996191506,15043.27777660269,88717.84760038646,4241.5107524684645
2024-09-02,kerala,378000.0,75631.04722792607,-13415.260808362413,0.0,0.0,-7121.520000000021,97102.89954113825,52238.02697303114,25470.70569934835,33553.61754145898,15795.377976796435,92129.50991309556,12098.595935567491
2024-09-09,kerala,378000.0,76500.36960985625,-19431.76469832838,75600.0,56700.0,-13812.11999999999,101363.70716415957,63354.24336332968,28662.955694797383,36976.85081759426,16748.448517805722,94779.27221592733,10351.03731485817
2024-09-16,kerala,378000.0,77369.69199178644,-25013.956586934717,0.0,0.0,-10137.959999999992,104123.70596253496,59400.32754998534,27284.419726396955,35043.439172605686,17911.785622240084,78341.26721611542,30885.279345269926
2024-09-23,kerala,378000.0,78239.01437371664,-29949.661643775147,94500.0,0.0,-6123.59999999998,99505.37324841396,61714.95998319561,27405.94752953981,38697.6665810684,17933.562119014434,93940.92118106276,452.8166277634762
2024-09-30,kerala,378000.0,79108.33675564681,-34052.47323996374,0.0,56700.0,-7030.799999999981,113810.8356137164,58811.557832120925,29646.941023076066,40162.60684268269,17615.757293566698,101437.34852443064,18278.88935472355
2024-10-07,kerala,378000.0,79977.65913757701,-37171.086182249914,0.0,0.0,-9253.439999999988,108148.51558419809,52382.00834307497,34060.266547340376,40131.543842650965,18048.034796042662,101860.98105973331,-12349.483128367525
2024-10-14,kerala,378000.0,80846.98151950719,-39196.79175205836,0.0,0.0,-7960.679999999979,104973.5200832566,53359.558535445365,32532.3693787048,37362.30591058631,17671.4361535994,106617.23586426755,-12341.93569330878
2024-10-21,kerala,378000.0,81716.30390143736,-40068.71986345113,0.0,0.0,-9253.439999999988,110033.00090698348,55697.77014906261,29069.661968186963,38523.694960659865,17208.883907845746,106656.73057377776,22502.11349549744
2024-10-28,kerala,378000.0,82585.62628336756,-39776.54071187461,132300.0,0.0,-11408.040000000003,114512.12066127498,64218.918991734674,28766.694990463635,37147.89058212114,16471.798539888106,106659.7711866131,-204.24052358864705
2024-11-04,kerala,378000.0,83454.94866529774,-38360.48172905929,0.0,0.0,-10160.639999999989,109566.08219284678,56429.15108945529,28092.687680137304,36480.979408260464,18582.508185515126,92722.94037694247,-425.175869395959
2024-11-11,kerala,378000.0,84324.27104722793,-35908.66725517103,0.0,0.0,-8436.959999999977,112901.5642813301,51967.212375496376,27048.027261720246,35877.3340989421,17357.883555426106,75607.25070823247,19810.08392679565
2024-11-18,kerala,378000.0,85193.5934291581,-32551.93938575692,0.0,0.0,-5715.359999999975,108309.25234677564,57351.19979507135,26908.80523229031,36648.59999343588,16897.913355267483,57192.85825036336,5060.07698339469
2024-11-25,kerala,378000.0,86062.91581108829,-28456.4602801495,0.0,0.0,-10704.95999999998,100344.7849718629,56809.68097431541,26362.720107035773,34081.59063539441,16161.14312055366,40035.774195088496,-13140.18953518965
2024-12-02,kerala,378000.0,86932.23819301848,-23814.520694806277,0.0,0.0,-10001.880000000006,94911.0311079167,49921.989173414884,25479.130699866862,31835.518454749636,15425.637072924083,26052.488203686193,-7758.632210770548
2024-12-09,kerala,378000.0,87801.56057494866,-18834.07949646769,0.0,0.0,-7393.679999999991,99860.13373047643,50990.28148508999,24454.733985871153,35740.647996150605,15484.53280073427,16586.76370139361,-24000.89477819722
2024-12-16,kerala,378000.0,88670.88295687885,-13727.628695766747,0.0,0.0,-11521.43999999999,97057.99717474951,52788.315498364274,22838.820389819168,35911.9828742122,15903.167909295089,9338.639695128573,-16166.737802680971
2024-12-23,kerala,378000.0,89540.20533880903,-8701.01414406884,0.0,0.0,-6146.279999999978,99920.31884511493,54906.52004695617,22944.14175252911,32558.23938861596,15780.018216052003,4850.002141698299,-3839.1515857066033
2024-12-30,kerala,378000.0,90409.5277207392,-3942.841448077584,37800.0,56700.0,-6894.719999999996,102104.62162202023,63176.79196064185,23789.358060136674,34780.97627446963,16357.483843446353,2406.0661718916936,35049.73579473188
2025-01-06,kerala,378000.0,91278.8501026694,-53.99621500630483,0.0,0.0,-18733.68,102278.87305041039,55503.64532943403,24661.796170978734,33211.73968208267,15807.592159528615,889.2173991833725,13275.962320718985
2025-01-13,kerala,378000.0,92148.17248459959,3780.530554160288,0.0,0.0,-17690.400000000016,99492.21836061189,55527.88403688808,25240.377545551208,34431.34904708293,16804.39593190595,237.3312812798621,-7010.859242079897
2025-01-20,kerala,378000.0,93017.49486652977,6976.835435716524,0.0,0.0,-22022.27999999999,92398.1141049363,56176.45234895292,23639.496923065635,33866.19728707055,16638.239437761935,0.0,8987.44959596628
2025-01-27,kerala,378000.0,93886.81724845996,9485.750126318035,0.0,0.0,-18756.36,93953.5922979088,54259.5916569061,23904.644377950055,34284.49957122803,15963.774983403102,0.0,-30408.310262174087
2025-02-03,kerala,378000.0,94756.13963039014,11301.906227058284,0.0,0.0,-16805.880000000012,99720.31665924194,56756.88649915783,26756.827712202285,31822.252712301673,15527.567564190711,0.0,-20335.017004543035
2025-02-10,kerala,378000.0,95625.46201232033,12462.025509388985,0.0,0.0,-23882.03999999999,92976.42900035896,53616.4528636768,28352.154934704817,32486.44198806472,14699.943368348224,0.0,-5647.869676862712
2025-02-17,kerala,378000.0,96494.7843942505,13040.750224744406,0.0,0.0,-20071.800000000007,87308.32489854173,57180.44218834282,27444.191856658068,35149.06442184449,16029.880384078733,0.0,40566.36163153926
2025-02-24,kerala,378000.0,97364.10677618069,13144.283827890627,0.0,0.0,-19051.200000000015,96533.10809798691,58148.014880996605,26111.86871487475,35659.792723581704,15403.69290226961,0.0,6198.332076219157
2025-03-03,kerala,378000.0,98233.42915811087,12902.238880700199,0.0,0.0,-18053.279999999977,94425.64086305241,53472.99451789801,23632.670553452703,35111.96061029933,14415.254960012928,0.0,-3398.909543526541
2025-03-10,kerala,378000.0,99102.75154004106,12458.19196772712,0.0,0.0,-18144.000000000015,93454.09286779742,54864.08059706005,22860.00484463818,33866.729313838136,15099.576683571437,0.0,-17013.42781467338
2025-03-17,kerala,378000.0,99972.07392197124,11959.519244678964,0.0,0.0,-19028.52000000002,94208.89709007117,56858.40751701299,21000.821283479334,34815.78666160334,16156.777480678538,0.0,-23938.763199495665
2025-03-24,kerala,378000.0,100841.39630390143,11547.126508633488,0.0,0.0,-18325.439999999995,102432.11151031328,56820.05764345,22866.71655708622,33278.7195324237,15622.173558038226,0.0,-192.8616138462556
2025-03-31,kerala,378000.0,101710.71868583161,11345.692118498871,0.0,0.0,-19073.880000000016,98452.53563161155,56246.274743458525,23603.861366204404,31058.964555049293,15040.581584894095,0.0,2339.251314451623
2025-04-07,kerala,378000.0,102580.0410677618,11455.009473384986,0.0,0.0,-21183.119999999984,92179.97788183707,57853.444808083965,23958.900022785634,28838.27598395527,15359.060159220267,0.0,-26646.589397029005
2025-04-14,kerala,378000.0,103449.363449692,11942.94992966404,0.0,56700.0,-19391.39999999998,95715.68151243159,58331.32969712424,24520.55967207214,32810.98924914876,15784.812280093936,0.0,-2309.2857902267106
2025-04-21,kerala,378000.0,104318.68583162218,12840.470838323774,0.0,0.0,-19436.760000000024,99086.57790693964,60992.29684191287,25825.05143865746,31926.577426740972,15040.184073556975,0.0,-18070.08435775401
2025-04-28,kerala,378000.0,105188.00821355237,14138.972404089789,0.0,0.0,-18892.439999999984,97297.32706180512,63576.69170468381,24564.78273984668,32818.79408107182,15081.464555999262,0.0,5521.399238951054
2025-05-05,kerala,378000.0,106057.33059548253,15790.168332315478,0.0,0.0,-16919.28,99312.60897195453,60638.16045985359,21273.583116657413,30828.972797377017,15284.365952786664,0.0,49409.08977357269
2025-05-12,kerala,378000.0,106926.65297741274,17708.48679252908,0.0,0.0,-19209.96,92243.12720340469,55816.44972066685,22828.268159507083,34507.63295885961,15517.6057065494,0.0,-15880.263518929318
2025-05-19,kerala,378000.0,107795.9753593429,19775.868705103276,0.0,0.0,-17032.679999999986,97521.23716447552,61597.65934555957,22547.617985812187,34709.17048070017,15809.703517434458,0.0,21142.44744157192
2025-05-26,kerala,378000.0,108665.2977412731,21848.688430630893,0.0,0.0,-19754.27999999999,95664.96317172631,55174.988493994155,22729.369273299973,37306.893846427294,16486.37461554805,0.0,17463.7044271003
2025-06-02,kerala,378000.0,109534.62012320328,23766.39585386133,0.0,0.0,-18280.08,101026.85336296691,61136.309698832796,22164.959318793273,37488.03889927852,15800.256865050944,0.0,-23207.354121987137
2025-06-09,kerala,378000.0,110403.94250513347,25361.375935258853,0.0,0.0,-17327.520000000004,100550.58408661502,58218.041837643956,22454.807741716068,37250.667365816924,16198.430280305753,0.0,-41246.329752490004
2025-06-16,kerala,378000.0,111273.26488706365,26469.448045507765,0.0,0.0,-18212.040000000008,94135.03971220102,59494.617902859405,22262.681095031498,37141.77108700315,15097.34579244016,0.0,20256.87147789349
2025-06-23,kerala,378000.0,112142.58726899384,26940.38710945288,0.0,0.0,-18756.36,97643.21387014871,61839.99244571961,21842.621224386152,36896.99581515889,14512.85450304575,0.0,-10528.292236905956
2025-06-30,kerala,378000.0,113011.90965092402,26647.844140206438,0.0,0.0,-14265.71999999999,94974.53317624077,56199.98665447614,24441.302042090465,36762.40229451916,14537.43463755644,0.0,6009.307403986591
2025-07-07,kerala,378000.0,113881.23203285421,25498.07544424205,0.0,0.0,-18937.799999999977,95257.84195864767,56086.6769011798,26204.269810306436,35845.073157327315,16200.269733501906,0.0,-10571.639038059637
2025-07-14,kerala,378000.0,114750.55441478438,23436.955837449696,0.0,0.0,-19618.200000000004,97284.8649999632,59150.60396526967,26251.119418605806,35811.367165001204,15732.388443378451,0.0,13258.345755547478
2025-07-21,kerala,378000.0,115619.87679671458,20454.847856516302,0.0,0.0,-19799.639999999985,96791.33874091864,60104.69029279877,26357.40524949969,34553.42294491722,14980.40856076161,0.0,5219.64955787297
2025-07-28,kerala,378000.0,116489.19917864475,16589.020636020672,0.0,56700.0,-17758.44000000001,102665.29700859099,65109.74536850226,24423.084371236528,31582.22817566161,14741.888266656058,44852.647347323364,16661.32964736382
2025-08-04,kerala,378000.0,117358.52156057494,11923.451855384385,0.0,0.0,-17735.76000000001,97978.567336071,56914.0809947199,22750.852373531077,35334.73721645187,16144.270412712047,69117.89879836707,-19242.62054781224
2025-08-11,kerala,378000.0,118227.84394250512,6585.995900360839,0.0,0.0,-20139.839999999997,97365.91423890853,58563.42607913146,21866.899199863165,34634.040861349225,15967.61322754637,85717.7371438966,290.36940643863517
2025-08-18,kerala,378000.0,119097.16632443531,743.0525068705741,0.0,56700.0,-19844.999999999978,95861.2680952842,62738.42008814508,22815.316540189782,36047.1999932326,16086.786115942758,94449.18515739318,16176.605178506417
2025-08-25,kerala,378000.0,119966.48870636549,-5407.98604924158,0.0,0.0,-16579.079999999987,106865.50934117314,58827.894043225286,25830.07541852719,36900.00025225147,15758.09618680315,97526.22485113869,31944.777249757106
2025-09-01,kerala,378000.0,120835.81108829568,-11648.102977658204,75600.0,0.0,-16465.68,108251.54817860751,62960.55641058664,26043.86910645494,36638.132263783256,16990.09309694523,102847.14817637982,14454.624656605241
2025-09-08,kerala,378000.0,121705.13347022588,-17747.328818273458,0.0,0.0,-20729.519999999982,109641.30721317895,56131.2869156078,30169.169677462924,39785.6046793605,18121.548849075258,88094.43248788622,2126.3655254759383
2025-09-15,kerala,378000.0,122574.45585215605,-23476.129645520217,0.0,0.0,-16216.199999999977,111474.26661343906,61407.50277004771,30744.712242638332,38440.83408628118,17682.325315403545,99606.25056351567,1355.9822020386796
2025-09-22,kerala,378000.0,123443.77823408625,-28616.88160477812,94500.0,0.0,-22317.12000000001,115533.47346674612,66134.69411607039,31291.334330306927,37810.67955026925,19009.797464944728,105010.93157390048,-12947.687131546207
2025-09-29,kerala,378000.0,124313.10061601643,-32974.79515569616,0.0,0.0,-21908.880000000005,116709.90945747557,58647.30039975611,37226.79744201962,38864.35685823183,18576.036253768314,107355.84024792576,2601.3338805026033
2025-10-06,kerala,378000.0,125182.42299794662,-36387.682174231544,0.0,0.0,-21024.36,113167.95293570704,53561.83400394074,37936.38090076327,38103.9985057168,18351.635426440174,109954.22145596883,-13075.404052251864
2025-10-13,kerala,378000.0,126051.74537987678,-38734.02352675212,0.0,0.0,-17803.800000000003,113795.0544971252,62979.46702486345,34657.8415768745,39258.96941620362,18141.720751320205,110415.41917192272,13731.60570856572
2025-10-20,kerala,378000.0,126921.06776180699,-39938.890188626545,132300.0,0.0,-14356.43999999998,112359.30567844279,64301.80095625826,35518.75271599384,40022.81858945372,18446.552719869433,108964.9269834314,13494.104783369983
2025-10-27,kerala,378000.0,127790.39014373715,-39977.39196454926,0.0,0.0,-19686.239999999998,113362.30164689325,57917.68277303836,34787.26423974804,39461.6725951934,18680.780736181983,95788.30865331105,-1848.7688235540857
2025-11-03,kerala,378000.0,128659.71252566735,-38875.467437192965,0.0,0.0,-21840.84000000001,112017.17860385227,58330.10615611076,32678.019471640404,38190.68793441882,17821.163075722874,79136.0354930726,13633.40417670812
2025-11-10,kerala,378000.0,129529.03490759752,-36707.97891402241,0.0,0.0,-17531.63999999998,105473.82454690653,57690.54935324429,31509.43940198917,37609.4464218938,16751.20729872905,60663.35330541236,-13233.236321750472
2025-11-17,kerala,378000.0,130398.35728952772,-33594.228240938486,0.0,0.0,-20570.760000000002,106845.42308583694,56997.74160236431,29929.629543315124,37985.33369293706,16518.90631246837,43007.52266258989,-14984.925948100974
2025-11-24,kerala,378000.0,131267.67967145788,-29691.154676634407,0.0,0.0,-21273.840000000026,101344.3064302616,53107.31133363369,29595.733140741126,40032.98555979008,16952.374696116676,28071.07348096562,3475.5303636679077
2025-12-01,kerala,378000.0,132137.00205338807,-25184.606236139993,0.0,0.0,-19595.520000000008,104432.77690552195,54737.70951879916,28408.434994724445,39326.890254079495,15905.845819979133,17993.346891023837,-2704.88020137606
2025-12-08,kerala,378000.0,133006.32443531827,-20279.183551708895,0.0,0.0,-19595.520000000008,103915.98345728742,55650.13183541024,28071.69233375054,39001.73619678816,15749.702869581391,10178.006417431723,14694.126006141212
2025-12-15,kerala,378000.0,133875.64681724846,-15187.2342024617,0.0,0.0,-16397.640000000007,103892.2668180761,56722.19093603481,27392.384904465496,36761.604431519765,15881.714515428152,5320.523473851126,14551.542305837895
2025-12-22,kerala,378000.0,134744.96919917862,-10117.621127234259,0.0,0.0,-22135.67999999998,104420.0967927121,60139.03000405529,26551.52244946432,38528.39671777405,15773.938067273162,2524.626650633139,16236.721246143528
2023-01-02,telangana,504000.0,0.0,-3330.598447133887,0.0,0.0,-241.91999999997336,120517.27358274953,55094.813253554385,9089.040858411901,25947.864311077505,6804.581229306385,0.0,-11032.054787965793
2023-01-09,telangana,504000.0,1159.0965092402464,2216.7599750309764,0.0,0.0,-1088.6400000000144,142361.50332524336,55883.760245075006,19235.96300271013,31214.34615862692,7831.907411492316,0.0,7987.303372581169
2023-01-16,telangana,504000.0,2318.193018480493,6976.53000964288,0.0,0.0,-1874.8799999999949,140737.776130001,60432.58504709426,21934.938006980618,31150.494763830568,7519.5899192838515,0.0,-13055.226895313559
2023-01-23,telangana,504000.0,3477.289527720739,10850.085793601702,0.0,0.0,-3598.5600000000068,155413.37106335946,66867.25183915747,24013.37274376291,29770.281093165988,7429.606918717334,0.0,17004.301020514416
2023-01-30,telangana,504000.0,4636.386036960986,13796.957499114551,0.0,0.0,3386.8799999999965,145050.01090242737,62838.41593835247,21630.65935602759,26865.709385549213,7388.53890445845,0.0,7386.4419771093735
2023-02-06,telangana,504000.0,5795.482546201231,15834.51527420368,0.0,75600.0,-3175.199999999986,133555.22362909783,68261.89171048246,20832.143506186625,25691.276181424615,7189.306495782966,0.0,1257.3606566206417
2023-02-13,telangana,504000.0,6954.579055441478,17034.25158176164,0.0,0.0,-1965.599999999985,153285.32485089614,66810.34930756445,19796.745825667775,34020.6198313564,7179.4924541254795,30346.536897069567,15712.700196117099
2023-02-20,telangana,504000.0,8113.675564681725,17514.915846072192,0.0,0.0,-151.19999999998333,167589.86775637843,61775.88326857539,20327.79832013247,32893.62762676426,7198.481125738577,57702.955690068666,-4038.0051984117817
2023-02-27,telangana,504000.0,9272.772073921971,17432.93734732464,0.0,75600.0,-1058.4000000000178,161619.73548905342,71028.67763352158,20318.728452982865,32867.689169597106,7116.649216950158,74930.345853676,8896.864762972187
2023-03-06,telangana,504000.0,10431.868583162217,16970.728598809634,0.0,0.0,635.0399999999972,160621.71277429067,66012.32126513586,22877.156552564018,36074.71521473351,7850.622708952881,82467.17288188206,5615.661420469011
2023-03-13,telangana,504000.0,11590.965092402463,16323.582980063078,0.0,0.0,-0.0,165673.92974715214,60013.90008134233,26676.100731287475,36116.873046422355,8372.14068267977,85561.40478988606,9960.102848764269
2023-03-20,telangana,504000.0,12750.061601642708,15685.96017849361,100800.0,0.0,-1542.2400000000316,177355.9513844928,64372.736889823245,29983.221651355718,41874.6739804812,7950.0315624126015,97282.56123819646,-34419.9584868983
2023-03-27,telangana,504000.0,13909.158110882956,15237.986426758314,0.0,0.0,-181.43999999998002,175709.37546907362,59919.40993681502,31288.875371421418,37805.831515107,7742.296195603658,77419.33463062365,3878.17234371411
2023-04-03,telangana,504000.0,15068.254620123202,15132.981710991107,0.0,0.0,-1451.5199999999745,179116.0013987112,64005.98844148889,32368.442559803756,38478.528317804165,7204.738156269265,57405.80964734999,-16041.224852541749
2023-04-10,telangana,504000.0,16227.35112936345,15486.76395587329,0.0,0.0,-1360.7999999999845,159912.10809847157,66039.9486226642,27745.004989407356,36721.36935501373,7450.413653524765,39826.572482893156,-18271.732287211446
2023-04-17,telangana,504000.0,17386.447638603695,16369.374296813066,0.0,0.0,-2056.319999999975,160221.72899692794,59682.17643882225,24570.52499002765,36551.8584447272,6931.306375708582,26152.24255239848,-22085.339734028887
2023-04-24,telangana,504000.0,18545.544147843942,17799.724087773317,0.0,75600.0,30.23999999999667,154816.25755529164,72195.07851718496,23542.630183933532,37678.70657439567,7268.133416154549,16486.790351156593,-19273.104833734174
2023-05-01,telangana,504000.0,19704.640657084186,19743.491600120207,0.0,0.0,-907.1999999999672,155951.6666503276,67234.21981601558,24309.420333359274,32523.8346245395,7220.428305184924,10108.062255545428,1563.4357578232723
2023-05-08,telangana,504000.0,20863.737166324434,22114.404469926052,0.0,0.0,-453.6000000000172,150792.91280863932,60637.54732712236,24122.246068431596,40435.48822081261,7140.852414865182,5690.934387449273,-33781.52286357083
2023-05-15,telangana,504000.0,22022.83367556468,24778.843987618828,0.0,0.0,-7348.319999999996,167046.94856335982,66199.45102948343,24211.10458283928,43480.01423330262,6561.325211491342,3013.283876147396,30274.51484019249
2023-05-22,telangana,504000.0,23181.930184804925,27563.510902524376,0.0,75600.0,-3175.199999999986,165445.173940837,72155.42995979529,21964.408173983196,41536.02845417146,7095.827504037996,1455.5935144757102,19449.297365369883
2023-05-29,telangana,504000.0,24341.026694045173,30265.710941159214,0.0,0.0,-816.4799999999773,155762.97995098386,69545.8061873475,22155.164416645934,46317.989517283335,7001.594335582729,627.1154953036515,31328.092461648746
2023-06-05,telangana,504000.0,25500.123203285417,32665.662255906464,0.0,0.0,-1965.599999999985,148403.9697891454,65053.195893862154,22716.492860934468,42005.43629446488,7245.623540945256,213.43196351156763,-6261.335802055583
2023-06-12,telangana,504000.0,26659.219712525668,34540.10560249362,0.0,0.0,302.40000000000026,154916.27332322925,63118.386051657006,26012.263548823215,44635.40820861078,7126.239640072918,0.0,59153.70391258743
2023-06-19,telangana,504000.0,27818.316221765912,35676.418267108376,0.0,0.0,423.35999999998694,147669.5371014191,64609.54256785466,23933.022285875766,40092.381773516834,7746.82188434588,0.0,-7424.400101886439
2023-06-26,telangana,504000.0,28977.41273100616,35886.39929825808,0.0,0.0,-816.4799999999773,148896.48397775213,62922.36523344378,24503.832719735914,33435.24828782433,7920.049830771864,0.0,6750.687921207666
2023-07-03,telangana,504000.0,30136.509240246403,35018.9084398441,0.0,0.0,1935.3599999999883,151921.9731860372,62719.177918705645,24513.19686480258,43190.62649425992,7167.667546515247,0.0,14050.580309588946
2023-07-10,telangana,504000.0,31295.605749486655,32970.603513554735,0.0,0.0,-2691.3599999999724,145763.4427582717,62566.333581216924,24926.08961092044,37758.96007788655,7363.891441709557,0.0,10944.433266953345
2023-07-17,telangana,504000.0,32454.7022587269,29694.12731680814,0.0,75600.0,-3477.60000000002,152353.35476418762,60434.60684507222,27156.02233906344,36260.61028158129,6728.358100906281,0.0,11924.818093654138
2023-07-24,telangana,504000.0,33613.79876796714,25203.23930013626,0.0,0.0,-2026.0799999999783,153664.5921704189,63426.509388898565,25765.070077243454,43549.75971625019,7196.912766258404,0.0,10122.197812827
2023-07-31,telangana,504000.0,34772.89527720739,19574.561085560337,0.0,0.0,3356.6399999999994,146788.74198766454,62766.562628978674,26180.76610936151,41388.892942598504,7553.486686717731,0.0,-4371.546718088716
2023-08-07,telangana,504000.0,35931.99178644764,12945.798290340581,0.0,75600.0,-2207.5200000000254,145630.5916200958,63979.08344210864,27923.33925871901,41859.04621975727,8022.346564771148,0.0,-26951.677182239975
2023-08-14,telangana,504000.0,37091.088295687885,5510.50299474015,0.0,0.0,-2056.319999999975,155249.2341200568,63013.577371875144,29659.319570552434,37896.19360574054,7442.590124213153,0.0,8448.813917133673
2023-08-21,telangana,504000.0,38250.184804928125,-2490.3600923155896,0.0,0.0,1784.1600000000049,147095.6850147484,68518.58095769036,26533.488750879435,38427.18256548966,7171.187457155597,0.0,7566.890541424009
2023-08-28,telangana,504000.0,39409.28131416837,-10779.596615712086,0.0,0.0,1300.319999999991,146886.45873279613,63256.7287437151,26953.548855038545,33277.692870324325,7807.837929938608,0.0,-55258.271830269034
2023-09-04,telangana,504000.0,40568.37782340863,-19057.108686604362,0.0,0.0,1058.3999999999842,154532.1638371958,59782.923319145084,26532.35748562317,40201.62455132999,7569.712589212675,0.0,28029.549080688983
2023-09-11,telangana,504000.0,41727.47433264887,-27014.633650889868,0.0,75600.0,604.8000000000005,147214.88050530563,65777.52336891387,28412.615438620483,39721.250086738975,7410.315656644539,0.0,2909.774262017471
2023-09-18,telangana,504000.0,42886.570841889115,-34351.08218687851,0.0,0.0,2509.9199999999923,160304.74503086455,63487.3718899365,26850.219120543148,40202.74837592246,7372.489048608491,0.0,11732.017879114372
2023-09-25,telangana,504000.0,44045.66735112936,-40787.625956849,0.0,0.0,5201.279999999998,176069.93037557972,61507.55714042817,28844.600612589325,40637.522743148395,7709.464986449036,0.0,49958.602747525074
2023-10-02,telangana,504000.0,45204.76386036961,-46081.697123747785,126000.0,0.0,-3749.7599999999898,188175.93645071954,66430.77537832163,29751.655097005805,44675.34593804363,7890.631601557108,50093.33062359936,-49632.98182586895
2023-10-09,telangana,504000.0,46363.86036960985,-50039.12200258275,0.0,0.0,3417.119999999993,194406.16706271918,62924.87464368214,32112.24586741163,44123.742912463815,8391.83710350601,79358.1977779787,-11389.923734788614
2023-10-16,telangana,504000.0,47522.9568788501,-52523.7155264971,0.0,0.0,60.47999999999334,186923.95552519907,60881.88791699103,32327.970599439042,49227.27669940453,9525.486842550134,93397.51037608508,-7625.809312021877
2023-10-23,telangana,504000.0,48682.053388090346,-53463.80609103377,0.0,0.0,-1421.2799999999777,187646.8818644319,61639.379041866865,36374.604707932165,41524.035224696694,9282.608748708812,99880.26934926093,-55645.74623395411
2023-10-30,telangana,504000.0,49841.14989733059,-52855.33350262056,0.0,0.0,1058.3999999999842,185076.20280076176,64987.18304941022,37097.40479483487,44689.921815461676,7826.636111548965,100296.10689418178,3741.32813909066
2023-11-06,telangana,504000.0,51000.246406570834,-50761.35626189402,176400.0,0.0,-1058.4000000000178,182145.18245286905,71121.07492955535,34462.18010642237,47887.17787923699,8663.695906647301,102120.0506695188,-4696.852088926626
2023-11-13,telangana,504000.0,52159.34291581109,-47308.0071520971,0.0,0.0,-483.84000000001384,200627.04866446636,62374.78604319504,33653.404912278565,46839.4502204864,9096.870889881977,82745.58027274624,23784.36323323153
2023-11-20,telangana,504000.0,53318.439425051336,-42677.1364404886,0.0,0.0,-544.3200000000072,197300.79744026775,62832.09039607344,35451.34838314092,49504.90748322655,8742.621063033423,62499.241306199925,-485.9890565046571
2023-11-27,telangana,504000.0,54477.53593429158,-37096.06844040571,0.0,0.0,-120.95999999998668,186133.54225817678,60443.84308906061,38651.55160404928,46841.79070628896,8813.020071261339,44082.258740295794,14808.486036981327
2023-12-04,telangana,504000.0,55636.632443531824,-30825.05903066944,0.0,0.0,-1360.7999999999845,182338.439389813,61813.889764764244,39667.96468198601,42212.757177073254,8236.219471963264,29326.604866967074,10039.351234570644
2023-12-11,telangana,504000.0,56795.72895277207,-24143.16971439837,0.0,0.0,1844.6399999999983,182756.7216939796,62841.178315108205,35257.57188827555,38722.384373824374,8283.436580647201,18661.04715110009,12357.460758691244
2023-12-18,telangana,504000.0,57954.82546201232,-17333.36060186427,0.0,0.0,-1935.3599999999883,180055.90788691715,60424.423787904685,34980.77443905689,38655.90180329723,8123.801968849547,11512.230090566954,10329.855163259677
2023-12-25,telangana,504000.0,59113.92197125257,-10667.645378006253,0.0,0.0,-1209.600000000001,185838.17195436414,66854.25632480193,33573.241163012266,48877.642235906766,8004.8531527848945,6317.974481033936,-10245.815905150308
2024-01-01,telangana,504000.0,60273.01848049281,-4179.05691470838,50400.0,0.0,-8255.520000000031,178623.47750848788,64643.36262337312,32219.714570013482,42188.24420529934,8486.374668066997,3227.7956436550453,-14476.410784680127
2024-01-08,telangana,504000.0,61432.11498973306,1469.48931525365,0.0,0.0,-10342.080000000002,173745.85205541772,65528.330541383104,33117.920456316315,44867.25501569068,7873.014126340956,1479.9362499256968,-10142.832750061312
2024-01-15,telangana,504000.0,62591.21149897331,6349.143339167814,0.0,0.0,-7136.640000000019,164981.86240018092,65977.82111182758,31363.27647333344,45711.467392205064,8173.582790161621,564.6522021391363,-55480.37720798893
2024-01-22,telangana,504000.0,63750.30800821355,10353.14801447831,0.0,75600.0,-12489.119999999968,163357.01892009177,65931.0521169326,30334.874818193308,42195.210022893254,8136.90915234548,158.4411487472145,-12032.842201895479
2024-01-29,telangana,504000.0,64909.4045174538,13432.663877099618,0.0,0.0,-16087.679999999975,175850.2351379949,68001.36637002107,28035.58715974632,38638.75772277289,7462.872628195113,0.0,65797.79258671627
2024-02-05,telangana,504000.0,66068.50102669404,15596.948352317242,0.0,0.0,-10523.519999999982,159184.18588823854,65942.48036189687,27369.43071679314,37877.54736381415,7778.539161630353,0.0,-48171.1128713844
2024-02-12,telangana,504000.0,67227.59753593428,16910.11297891567,0.0,0.0,-13880.160000000016,175046.9968827821,64110.12926509862,27592.04972354968,35886.809902626264,7183.4318153071235,0.0,-24638.96810421376
2024-02-19,telangana,504000.0,68386.69404517453,17484.68504880615,0.0,0.0,-14757.119999999986,166931.51215335142,63931.41549407691,26639.001221086703,39006.926980551296,7702.45776670337,0.0,-840.5727097503318
2024-02-26,telangana,504000.0,69545.79055441478,17472.384942268487,0.0,0.0,-14515.200000000013,167599.13117280966,61450.24563812473,30134.246063282368,37518.69470791621,8078.769987174779,0.0,-28381.06306599091
2024-03-04,telangana,504000.0,70704.88706365503,17052.691002943426,0.0,0.0,-12610.080000000022,163483.4755437998,64351.5686913592,28101.543836111494,38111.79340482463,7916.315247559383,38146.00847730719,5159.79673243995
2024-03-11,telangana,504000.0,71863.98357289527,16419.89078113186,0.0,0.0,-12821.759999999998,168764.53670056455,69513.27995366401,31304.27043958152,40564.167169232474,7480.695967279985,62870.45750338263,-15631.522087732175
2024-03-18,telangana,504000.0,73023.08008213552,15769.403559531236,0.0,75600.0,-12186.720000000001,161374.77132743408,70198.44522830275,31142.465523786555,42066.714399252145,7907.729667592969,83175.8735335843,1878.2366783804193
2024-03-25,telangana,504000.0,74182.17659137577,15284.199311889732,0.0,0.0,-14545.44000000001,160470.07366368707,65653.03322750784,28704.4450463178,48312.30998824572,7738.6217231072,89837.24501526232,17683.335432606727
2024-04-01,telangana,504000.0,75341.273100616,15122.131336140576,0.0,0.0,-9858.239999999989,173191.95915025595,70262.12247303789,31600.089352941657,44580.067795265844,8305.216929848666,92785.33338696558,8660.046474927907
2024-04-08,telangana,504000.0,76500.36960985625,15404.944239834747,100800.0,0.0,-3568.3200000000097,185750.95340683922,71314.06679409771,33876.93573850318,45193.329937925395,8758.018159913401,92961.47006221833,-28404.767949188186
2024-04-15,telangana,504000.0,77659.4661190965,16209.618985242654,0.0,0.0,-16087.679999999975,168534.3625416773,69176.21703117517,33389.630820462946,45111.45632086043,8761.794550264676,72819.86560331957,-3600.731972099352
2024-04-22,telangana,504000.0,78818.56262833675,17562.578142075407,0.0,75600.0,-5806.080000000032,174280.58299574853,75704.81671110004,32942.36555728866,40313.18897333339,8584.31363559427,53155.093869044285,-5058.42251252111
2024-04-29,telangana,504000.0,79977.659137577,19437.10539822533,0.0,0.0,-11340.000000000027,165005.48121053615,67476.38943236938,31107.585969709977,43144.248278185965,8174.316404962619,36380.271970198206,38832.94219823536
2024-05-06,telangana,504000.0,81136.75564681726,21754.143561729827,0.0,0.0,-13789.440000000026,166614.86706348995,71471.79833704176,28324.954822819658,45455.37307174234,8443.542141749986,23641.24395009099,10364.761404518276
2024-05-13,telangana,504000.0,82295.8521560575,24386.43576887303,0.0,0.0,-14333.760000000033,166780.58192699542,65756.83869018652,26573.502406368898,42817.447558204636,7657.324094282498,14795.2632394906,-18986.48584045898
2024-05-20,telangana,504000.0,83454.94866529774,27165.7769756741,0.0,0.0,-7862.400000000007,165013.79509511837,62397.12310448816,27792.607202173192,41917.274709456906,7663.521054684109,9027.591763457698,-732.2385703501825
2024-05-27,telangana,504000.0,84614.04517453798,29892.958528392737,0.0,0.0,-11672.63999999999,163024.37329699995,67986.86263200465,33215.853266059974,42539.32755686615,7642.850110794365,4954.297999345037,-8290.928565000804
2024-06-03,telangana,504000.0,85773.14168377823,32349.828388894162,0.0,0.0,-16420.320000000003,168540.1756572162,68467.49693891779,33099.79018225806,43942.37675778152,7379.648423483259,2576.3671260289625,28249.49484164167
2024-06-10,telangana,504000.0,86932.23819301848,34312.762749943075,0.0,0.0,-7953.119999999997,160331.52929660009,68261.24570528827,33891.996911641465,42986.5584608174,7798.168473793303,1149.7080953424816,-19096.087886444697
2024-06-17,telangana,504000.0,88091.33470225873,35566.75870353858,0.0,0.0,-10765.440000000022,185895.0267702535,62749.68247860821,28868.042875990242,41795.362896590246,7459.386246997534,443.00638125660566,18341.8389445065
2024-06-24,telangana,504000.0,89250.43121149897,35919.317357123145,0.0,0.0,-14424.480000000023,170178.70200969157,65303.03348064782,25254.563296610224,38677.89402530075,8349.77018295606,109.78315837684958,-11625.014722205493
2024-07-01,telangana,504000.0,90409.52772073922,35213.29471625174,0.0,0.0,-7439.039999999986,173082.95986856878,65408.11354956643,27075.73006551062,37314.72944921785,8004.824839794476,0.0,21418.859790350925
2024-07-08,telangana,504000.0,91568.62422997947,33337.95337114323,0.0,0.0,-15755.04000000001,166931.61518795794,72040.68443689967,29770.37884272327,45568.390193446576,7652.789784754613,0.0,-17512.39604690467
2024-07-15,telangana,504000.0,92727.7207392197,30237.548378242485,0.0,0.0,-7559.999999999973,176791.5591635928,71248.98079432196,29232.405311988998,42973.48229258051,8196.00971328545,0.0,-10192.706393232023
2024-07-22,telangana,504000.0,93886.81724845995,25916.919974625864,0.0,0.0,-10614.239999999972,170179.95686481023,70862.12235951945,28975.539988595647,45719.15200256033,8692.629423396698,0.0,-12791.897861968058
2024-07-29,telangana,504000.0,95045.9137577002,20443.735909942832,0.0,75600.0,-11128.319999999983,172078.80895911323,68807.1833354899,29050.071588739578,42419.30150236919,8754.049347222906,0.0,-55769.7444005781
2024-08-05,telangana,504000.0,96205.01026694044,13947.217444501175,0.0,0.0,-13638.239999999974,156818.9070852453,68399.24316288937,29593.611669168782,44738.68692533634,7858.9301426518305,0.0,-22497.366696733287
2024-08-12,telangana,504000.0,97364.10677618069,6613.384433858409,0.0,75600.0,-15029.280000000024,169690.98557933088,76594.23761278873,29567.084217192816,38297.53860836017,8146.211072022595,0.0,2459.731700265776
2024-08-19,telangana,504000.0,98523.20328542094,-1322.945200436602,0.0,0.0,-12700.800000000012,173980.06933433408,70149.61149638952,29523.609143753754,40364.471051910674,7581.016652729863,0.0,-6141.2357641021235
2024-08-26,telangana,504000.0,99682.29979466119,-9588.979449661689,0.0,0.0,-13517.279999999988,191828.89032505263,68452.46390763528,29361.763496061692,36104.15697984378,7396.488703319198,0.0,-44718.80375691207
2024-09-02,telangana,504000.0,100841.39630390143,-17887.014411149885,0.0,75600.0,-7529.759999999977,167759.52935861243,74526.05800842686,32465.996076594252,40006.481437080794,8392.309365367086,0.0,-33467.99613883289
2024-09-09,telangana,504000.0,102000.49281314167,-25909.019597771174,0.0,0.0,-11309.76000000003,168437.69542044925,64943.32762986415,34289.427181234496,41189.70661869175,8414.379605473807,0.0,-23700.24967108383
2024-09-16,telangana,504000.0,103159.58932238193,-33351.942115912956,0.0,0.0,-9797.759999999995,197880.0351796326,68245.23084807757,39440.21601395888,44374.25753847483,8902.17686766833,0.0,-17141.803654281237
2024-09-23,telangana,504000.0,104318.68583162218,-39932.8821917002,126000.0,0.0,-12126.240000000007,199217.2718955881,75662.48727376902,41850.49700925398,47768.74281148399,8811.754559147543,51599.38335460474,25337.29945623071
2024-09-30,telangana,504000.0,105477.78234086242,-45403.29765328499,0.0,0.0,-15603.840000000027,198865.4321233161,74160.0474744162,43893.95145043494,57642.02392037825,9259.152934454154,77521.5818247724,-6725.834415349478
2024-10-07,telangana,504000.0,106636.87885010267,-49561.44824299989,0.0,0.0,-13940.640000000009,190842.07290255598,67394.73743075761,39882.108253771985,56933.43917739103,8920.218360895326,92843.05748737298,12756.575780152343
2024-10-14,telangana,504000.0,107795.97535934292,-52262.38900274448,0.0,0.0,-11007.359999999997,194036.55130686634,65134.51216179437,42151.73355257701,54812.54609962074,9238.31706544842,102502.58366453045,8235.52979256439
2024-10-21,telangana,504000.0,108955.07186858317,-53424.95981793484,0.0,0.0,-16299.360000000017,200312.97928520135,61288.41076360613,39512.32077889168,56308.40239663984,9407.56185535406,107258.26003902253,-27098.687169363926
2024-10-28,telangana,504000.0,110114.1683778234,-53035.387615832806,176400.0,0.0,-13728.960000000032,201652.95314969594,72136.48092581207,44922.73594883137,55094.86435374076,9003.661037398255,110674.37079465599,-1859.8869721248302
2024-11-04,telangana,504000.0,111273.26488706365,-51147.30897207905,0.0,75600.0,-10251.360000000013,199316.2429522093,76438.78467768242,43192.53300245816,58698.88783044525,9726.21008494836,92653.61524927247,37293.13028799933
2024-11-11,telangana,504000.0,112432.3613963039,-47878.22300689471,0.0,0.0,-6289.919999999979,195062.34203963962,69420.33678034642,42441.95935644358,55764.1164080978,9172.370132185206,72497.67897580576,30592.977918072374
2024-11-18,telangana,504000.0,113591.45790554414,-43402.58584767589,0.0,0.0,-11460.960000000014,183988.69168433305,70118.82781614491,40152.53536994468,55157.25755949248,9331.698784323966,52862.289647162994,-27139.21291927044
2024-11-25,telangana,504000.0,114750.55441478439,-37941.94704019933,0.0,0.0,-11551.680000000004,186768.74724215752,71908.04899846323,38978.25586561517,52224.14836618367,9202.304724981383,36146.29712392661,15470.270304087362
2024-12-02,telangana,504000.0,115909.65092402464,-31752.694259741704,0.0,0.0,-10402.559999999996,182554.77692845263,66244.59801115854,39456.4182860457,49265.06051673002,8349.75434997158,23472.65662303168,8754.338620326782
2024-12-09,telangana,504000.0,117068.74743326489,-25112.10599529025,0.0,0.0,-10493.279999999986,175768.02689516678,64499.00148802494,38383.23514099725,47417.54804472946,7738.312901454028,14682.577156408444,-4845.063064755525
2024-12-16,telangana,504000.0,118227.84394250513,-18303.504927688995,0.0,0.0,-11854.07999999997,173158.73401793052,64238.93528731087,40247.70922566325,41993.36342351625,8324.589690569104,8251.286853785181,-25182.877513591353
2024-12-23,telangana,504000.0,119386.94045174537,-11601.352192091788,0.0,0.0,-10251.360000000013,176197.78538506114,71016.21477273155,39663.0128808475,46531.27150797127,7884.403904510222,4402.989482525029,-16471.90619330043
2024-12-30,telangana,504000.0,120546.03696098561,-5257.121930770112,50400.0,75600.0,-8164.799999999974,182101.45160493214,75452.12664872773,46156.84047747842,44617.802930941856,8304.377509571512,2128.0839643905133,-16292.798166257788
2025-01-06,telangana,504000.0,121705.13347022586,-71.99495334173977,0.0,0.0,-27609.11999999998,183989.6227085017,73915.95382896131,41239.15507123211,45882.34604382336,8003.660517151603,853.6587901978381,2446.584523248002
2025-01-13,telangana,504000.0,122864.22997946612,5040.70740554705,0.0,0.0,-21470.399999999987,179287.96218097236,66442.62859596651,38138.87329066976,50590.56647003352,8257.79022169133,230.7591026773492,17521.88275297609
2025-01-20,telangana,504000.0,124023.32648870636,9302.447247622033,0.0,0.0,-28062.719999999998,184419.22438259397,68517.34031987342,37038.441475615095,48607.74952279794,8735.660449455765,0.0,11531.530113335257
2025-01-27,telangana,504000.0,125182.42299794662,12647.666835090713,0.0,75600.0,-22921.920000000027,177276.15117909238,78492.28495020536,33449.031057377724,43839.394965662126,8397.53913457724,0.0,-6732.571119952168
2025-02-03,telangana,504000.0,126341.51950718685,15069.208302744379,0.0,0.0,-26913.59999999999,174917.62568114212,74074.81880797661,34968.26404439068,40201.728831971675,8172.2115363573985,0.0,2772.223288230349
2025-02-10,telangana,504000.0,127500.6160164271,16616.034012518645,0.0,0.0,-19414.08000000001,165783.8901873079,71637.53942948657,34606.98393672918,43009.56201254271,8085.596581671934,0.0,28408.857823315964
2025-02-17,telangana,504000.0,128659.71252566733,17387.666966325876,0.0,0.0,-28365.12000000003,169533.3523041155,68183.26468780283,33993.28297956534,45256.24228746245,7934.908229228847,38839.930777348745,-42933.2407575169
2025-02-24,telangana,504000.0,129818.8090349076,17525.711770520837,0.0,75600.0,-19837.44000000003,174993.98347175587,68108.5079687196,35330.944045369,47184.747951764446,8603.998192964624,67321.11587968131,-19983.378315683512
2025-03-03,telangana,504000.0,130977.90554414783,17202.98517426693,0.0,0.0,-28607.040000000005,169408.99853163832,75923.13566581567,37740.701517350266,48379.6700001223,8635.505654335564,84855.92429283964,-8816.786380516485
2025-03-10,telangana,504000.0,132137.00205338807,16610.92262363616,0.0,0.0,-23375.51999999998,174470.42200176953,79001.56281114866,35844.135153298375,49059.01124785534,8723.820402908948,92935.95749748737,3676.6862085075836
2025-03-17,telangana,504000.0,133296.09856262832,15946.025659571953,0.0,0.0,-23950.07999999998,190863.11250815555,77622.04626562035,34307.88504480295,50021.31983943593,8934.566384569089,97594.23454362352,19776.791191592318
2025-03-24,telangana,504000.0,134455.19507186857,15396.168678177984,100800.0,0.0,-24766.560000000027,188427.9273865304,76983.39200786548,36912.45895011139,56313.700586117455,8975.681405971329,102899.23422308522,5694.801690272179
2025-03-31,telangana,504000.0,135614.29158110882,15127.58949133183,0.0,0.0,-25885.43999999997,193313.32614764455,72875.6604836705,37606.33148188893,49047.651279365695,8881.413126140305,83621.6386205387,-49969.46221168924
2025-04-07,telangana,504000.0,136773.38809034906,15273.345964513313,0.0,0.0,-25824.959999999977,192635.61904290214,68273.67337604504,40794.93818782553,48666.697740049516,9411.054012318225,63355.25334001799,-21463.009754020895
2025-04-14,telangana,504000.0,137932.48459958934,15923.933239552054,0.0,0.0,-22649.75999999999,185679.31518467248,68076.05965089698,40528.403742132,46793.68486586323,8113.458420563992,44811.42749553854,-24564.007198808515
2025-04-21,telangana,504000.0,139091.58110882956,17120.627784431697,0.0,0.0,-24736.32000000003,183776.79682358998,71240.75112808857,38295.3534445268,42276.82997247504,8266.244238965859,29878.878685737156,8788.256813355387
2025-04-28,telangana,504000.0,140250.6776180698,18851.963205453052,0.0,0.0,-21349.44,179797.05599522853,78707.14792916861,35236.54965385884,44439.79309281798,8706.541661845138,19043.487592017835,8722.22325154005
2025-05-05,telangana,504000.0,141409.77412731005,21053.557776420635,0.0,0.0,-27216.000000000025,181565.74875952583,73548.32163389491,34690.15206440534,49369.14211613149,8402.592318295603,11761.023476522192,-13558.312272506068
2025-05-12,telangana,504000.0,142568.8706365503,23611.315723372107,0.0,75600.0,-18839.520000000008,180075.44956666505,75001.668916916,34555.268612083135,50415.37646586035,8250.158344208345,6605.503418665419,16330.908315679242
2025-05-19,telangana,504000.0,143727.96714579055,26367.824940137703,0.0,0.0,-18627.84000000003,182818.87026549628,68388.91835750888,34750.96873112758,54330.67545194408,7745.442372507561,3488.0564203929857,-20814.883684905522
2025-05-26,telangana,504000.0,144887.0636550308,29131.584574174525,0.0,0.0,-25189.91999999998,177706.97085794827,68400.4209578855,33150.18498900749,52820.90960605108,8975.948095543443,1659.7530345082196,-8757.915770149342
2025-06-02,telangana,504000.0,146046.16016427104,31688.52780514844,0.0,0.0,-23708.160000000007,175356.55505082995,78176.32961124458,36958.23015780428,53452.269827648466,8428.578772024144,684.3525256293048,30120.15608539977
2025-06-09,telangana,504000.0,147205.2566735113,33815.167913678466,0.0,75600.0,-24040.79999999997,180765.5831629645,75763.34222168944,40290.41987032864,48008.245124648485,8110.283778309526,196.089985657166,-45755.5887307878
2025-06-16,telangana,504000.0,148364.35318275154,35292.59739401035,0.0,0.0,-27911.520000000015,165998.53518085228,70295.96954156693,37202.434747226485,49237.2033466311,8520.114117410076,0.0,21155.312489551143
2025-06-23,telangana,504000.0,149523.4496919918,35920.516145937174,0.0,0.0,-21984.479999999996,189184.54537380594,72205.23153800557,34667.786015178805,52475.046856672314,8224.815973613315,0.0,3125.0884047952945
2025-06-30,telangana,504000.0,150682.546201232,35530.45885360859,0.0,75600.0,-26127.36000000001,190806.5262493171,76848.43380824557,36097.148175262635,54478.04169006932,7628.373253415205,0.0,-36983.16823115044
2025-07-07,telangana,504000.0,151841.64271047228,33997.43392565606,0.0,0.0,-27457.92,175231.34197247965,73450.363903059,37824.393128783006,51610.309641322645,7425.110487178727,0.0,33570.32423104872
2025-07-14,telangana,504000.0,153000.7392197125,31249.274449932924,0.0,0.0,-27911.520000000015,175440.24448253147,74063.42635429805,40140.66130035227,46345.218091958486,8162.452811709169,0.0,-47636.49671049482
2025-07-21,telangana,504000.0,154159.83572895278,27273.13047535507,0.0,0.0,-30179.520000000033,179108.89436718554,76033.87307612575,35439.73957562464,47351.59493837077,7931.207556738402,0.0,-25561.755718353023
2025-07-28,telangana,504000.0,155318.932238193,22118.694181360897,0.0,0.0,-29483.999999999975,178303.6277373608,73255.66126845694,35852.8777269226,43478.04357024826,8532.54129170725,0.0,-27948.378014249673
2025-08-04,telangana,504000.0,156478.02874743327,15897.935807179181,0.0,75600.0,-24131.52000000003,181238.31445763828,76079.98682151728,35154.2778783367,42205.70617410172,7843.664050548544,0.0,18520.606063244923
2025-08-11,telangana,504000.0,157637.1252566735,8781.327867147786,0.0,0.0,-26187.840000000004,188532.50226588457,75764.29739772904,36354.37581498567,47659.10206543598,8424.883522059035,0.0,-8373.774189915484
2025-08-18,telangana,504000.0,158796.22176591374,990.7366758274322,0.0,0.0,-26641.44000000002,180583.83417762193,74879.1342357811,35636.227583437394,43760.74187099713,8361.1738665454,0.0,-54675.630176124025
2025-08-25,telangana,504000.0,159955.318275154,-7210.6480656554395,0.0,0.0,-23980.319999999978,191000.778844479,71254.62838613412,33359.42810165915,42497.84809242629,7965.974407146617,0.0,-31543.00804134378
2025-09-01,telangana,504000.0,161114.41478439423,-15530.80397021094,0.0,0.0,-26762.40000000001,200405.02398239262,64811.67087339546,35999.81258427133,48411.83955157849,8736.516118023872,0.0,-47131.07392384503
2025-09-08,telangana,504000.0,162273.5112936345,-23663.105091031277,0.0,0.0,-23345.27999999998,202191.39317147425,67344.99157615259,34179.12053321609,49894.80326275662,9350.97918859957,0.0,16611.586065197604
2025-09-15,telangana,504000.0,163432.60780287473,-31301.506194026955,0.0,75600.0,-21168.00000000002,212580.95532141335,76901.81186686367,39573.1593514401,53166.36313820789,9427.68913006494,49618.958876094395,23771.960707067632
2025-09-22,telangana,504000.0,164591.704312115,-38155.84213970416,126000.0,0.0,-23708.160000000007,218492.03586850702,83195.81138664212,43068.272788387214,49533.486881631354,10516.21767150785,84553.7232179448,32374.750012968896
2025-09-29,telangana,504000.0,165750.80082135522,-43966.39354092821,0.0,0.0,-20805.11999999999,218550.8606298339,74892.88423145702,46477.56918778745,60491.65244636088,10912.22158602533,98825.5254399082,28227.999198200152
2025-10-06,telangana,504000.0,166909.89733059547,-48516.909565642054,0.0,0.0,-32235.840000000007,217079.7793389847,76324.09333884706,48794.52207656597,56522.46086588021,10025.083254139186,106866.05012838743,-32886.136767758086
2025-10-13,telangana,504000.0,168068.99383983572,-51645.364702336155,0.0,0.0,-24585.119999999977,210309.3483928006,66495.87238975058,50533.534598699625,53286.81078940418,9680.838625355407,111417.9600658879,-17332.873999397863
2025-10-20,telangana,504000.0,169228.09034907597,-53251.85358483539,176400.0,75600.0,-26127.36000000001,197562.1897134067,85626.15332498848,52292.4174863608,51997.2314231074,9817.61849742588,116174.13281705059,-49780.62002658049
2025-10-27,telangana,504000.0,170387.1868583162,-53303.18928606567,0.0,0.0,-24071.039999999968,202592.4696311729,79086.95638288041,51784.33111737352,53996.59143287488,10507.32467375989,99378.67103421745,18241.698155470214
2025-11-03,telangana,504000.0,171546.28336755646,-51833.95658292395,0.0,0.0,-25583.04,203555.80653889218,73208.91787557198,49860.73970056695,55488.963488681984,9633.207811598244,79703.70615281512,5960.371647241017
2025-11-10,telangana,504000.0,172705.3798767967,-48943.97188536321,0.0,0.0,-23617.440000000017,197525.28764848865,74344.80912037384,49427.9484671087,50593.567295950525,9343.890247563737,59567.31129538849,5361.217933692695
2025-11-17,telangana,504000.0,173864.47638603696,-44792.30432125131,0.0,0.0,-26399.51999999998,185074.89623075447,67445.00063635362,49038.321436777056,48779.77685172045,9391.31187019352,41615.4137955843,22091.627113830957
2025-11-24,telangana,504000.0,175023.5728952772,-39588.206235512545,0.0,0.0,-19958.400000000016,196116.30844253607,66388.14216630603,41614.74796560891,46585.66718117188,8933.642097144535,27476.4856764444,-15414.96018897634
2025-12-01,telangana,504000.0,176182.66940451745,-33579.47498151999,0.0,0.0,-25583.04,187783.36949724756,72351.9298004577,37963.295891304595,51720.916909618536,8512.499705860704,17388.89878195358,-4937.065009440215
2025-12-08,telangana,504000.0,177341.76591375767,-27038.911402278525,0.0,0.0,-24615.359999999975,184465.7991652758,70181.70786060714,36892.439079657466,47865.45868036537,9045.696186253022,9982.459692277538,46457.944824084625
2025-12-15,telangana,504000.0,178500.86242299795,-20249.645603282264,0.0,0.0,-22982.40000000002,181064.6265452525,72579.76362983073,43248.66375240196,49851.55950131862,8593.71481113849,5290.073201328254,-5255.218260986266
2025-12-22,telangana,504000.0,179659.95893223817,-13490.161502979012,0.0,0.0,-25583.04,191809.36354855896,73624.79247090609,41296.64114962303,52664.85053085407,8427.213587406759,2580.1278492169963,-11694.74656582491
2023-01-02,punjab,342000.0,0.0,-2260.048946269423,0.0,0.0,246.23999999999566,67838.94117732422,33336.753749473646,11984.78597086825,21735.81567349455,8013.870001316933,0.0,11070.642373791843
2023-01-09,punjab,342000.0,786.52977412731,1504.2299830567338,0.0,0.0,574.5600000000051,74999.84794344749,33896.339189414844,15329.982944265676,34044.218574903265,8327.519973526698,0.0,-5277.228382741946
2023-01-16,punjab,342000.0,1573.05954825462,4734.073935114811,0.0,0.0,-1497.9600000000173,76465.54276391241,34203.19138163665,19643.608028472707,27552.952510314884,8391.317210194798,0.0,21487.21462209907
2023-01-23,punjab,342000.0,2359.5893223819303,7362.558217086869,0.0,0.0,-6053.400000000017,68373.31180825355,35372.38962967164,22353.13580289466,25361.642951674337,7729.877914529937,0.0,459.8943535071111
2023-01-30,punjab,342000.0,3146.11909650924,9362.221160113446,0.0,0.0,-943.9199999999871,71084.8394657543,36677.648562625625,23002.68539897704,21541.422229482087,7770.2848351151015,0.0,14366.699251423155
2023-02-06,punjab,342000.0,3932.6488706365503,10744.849650352497,0.0,0.0,-2031.480000000004,72716.52392511163,32492.19993399332,26404.365766608124,21408.347610182696,8331.782049217543,0.0,-564.2378061023662
2023-02-13,punjab,342000.0,4719.178644763861,11558.956430481112,0.0,0.0,718.1999999999892,76241.35962500553,33822.32697501559,25399.48462506133,21156.981467438458,7937.285707799989,0.0,7302.226524434104
2023-02-20,punjab,342000.0,5505.70841889117,11885.121466977558,0.0,51300.0,-2482.92,79683.96857885513,33728.832775897725,23880.345640162745,27087.743807044273,8229.1525194167,0.0,29909.046792754805
2023-02-27,punjab,342000.0,6292.23819301848,11829.493199970293,0.0,0.0,1641.6000000000015,79900.23433034377,34592.83320390771,25055.145049812345,26272.844917757768,7655.628995438406,0.0,-8408.017890248773
2023-03-06,punjab,342000.0,7078.767967145791,11515.851549192252,0.0,0.0,2995.919999999989,76857.06756689398,34680.17901224424,23945.193034887485,24467.919337949574,8293.867890665886,41590.15891245869,4447.074728562187
2023-03-13,punjab,342000.0,7865.297741273101,11076.71702218566,0.0,0.0,1026.000000000001,75630.92655643863,33762.87244715779,25083.42670416115,23199.720035624414,8414.344260005288,61184.62823088965,3454.067002264206
2023-03-20,punjab,342000.0,8651.82751540041,10644.044406834948,0.0,0.0,-2995.919999999989,70086.99104041854,34842.98082793852,24328.972429180776,21326.759416046774,8297.085505978888,79979.63032937342,1527.6285288276283
2023-03-27,punjab,342000.0,9438.357289527721,10340.062218157427,0.0,0.0,-205.1999999999774,68811.72519961458,34069.91070331303,24118.75278871345,19313.442549619056,7938.001169168749,87118.58432717269,710.3637547133694
2023-04-03,punjab,342000.0,10224.887063655031,10268.809018172537,0.0,0.0,-3857.759999999985,74458.05310569609,36015.531736426135,27100.391432002594,22810.140386215513,8282.157465850967,91795.6474569872,30035.142334993947
2023-04-10,punjab,342000.0,11011.41683778234,10508.875541485446,68400.0,0.0,1395.3600000000058,78306.43785257047,38420.04495557555,27621.486786436788,30461.596425662858,8965.096419591211,97691.33215796216,-4635.646977066718
2023-04-17,punjab,342000.0,11797.94661190965,11107.789701408867,0.0,51300.0,-1805.7599999999834,82136.47985550032,37795.89245684732,26961.047613381954,28960.21324277544,8978.653245481551,77900.88446941295,-2877.14719671809
2023-04-24,punjab,342000.0,12584.47638603696,12078.384202417607,0.0,0.0,1928.8799999999926,78410.24375929515,36361.699202845266,27012.28514580134,28530.621734081305,8330.260254034496,57880.075706467156,-8240.926390979314
2023-05-01,punjab,342000.0,13371.00616016427,13397.36930008157,0.0,0.0,-61.559999999993224,77955.52077390233,36220.54464896099,27379.62561590726,24424.096601935904,8622.464843471738,40227.29859169128,-31161.366536115285
2023-05-08,punjab,342000.0,14157.535934291582,15006.203033164107,0.0,0.0,1518.4799999999923,73604.52571422818,35689.17624504857,27783.489011461566,21410.84591514095,8170.461237031657,26452.11721714366,-10726.834307510217
2023-05-15,punjab,342000.0,14944.065708418892,16814.215563027064,0.0,0.0,882.359999999994,78599.93852345861,34601.1256737822,27698.184706333588,22578.45681751201,8262.343709195215,16692.244780326884,-18472.93548205452
2023-05-22,punjab,342000.0,15730.595482546201,18703.810969570113,0.0,0.0,-348.84000000000714,77116.69150603312,34579.4777678091,26791.294621581936,19620.357918740447,8327.168883976095,10240.676573126511,13578.766276616614
2023-05-29,punjab,342000.0,16517.12525667351,20537.446710072323,0.0,0.0,-1087.560000000017,84085.93227816756,35616.11391747333,25255.095141921513,20785.994295289438,8030.054691214106,5647.716048151227,-21550.918338963074
2023-06-05,punjab,342000.0,17303.65503080082,22165.985102222243,0.0,0.0,943.92000000001,77964.95552727766,35830.677511307455,25980.126466829694,20277.327869725483,7676.405048649218,3020.882588355562,20156.064854831853
2023-06-12,punjab,342000.0,18090.184804928133,23437.928801692095,0.0,0.0,246.23999999999566,74595.43797434297,36728.9656726224,25597.701920531585,24265.882879750992,7883.7228398318175,1421.8693061773113,-8513.934199877283
2023-06-19,punjab,342000.0,18876.714579055442,24208.99810982354,0.0,0.0,369.3600000000049,77257.87311078806,35960.66380934332,24997.04584672066,25831.433477669845,7387.170614568254,592.6359917491905,-20547.895539718345
2023-06-26,punjab,342000.0,19663.244353182752,24351.485238103698,0.0,0.0,1477.4399999999966,77995.65494336624,36342.17555697007,23519.780770446534,25936.661243364048,7758.129082379054,171.93436708261027,-3227.505554895093
2023-07-03,punjab,342000.0,20449.774127310062,23762.830727037068,0.0,0.0,3180.5999999999913,83375.71425859227,35981.44110377393,24671.653454259387,26070.2753541864,7774.637168950936,0.0,-14870.926194110183
2023-07-10,punjab,342000.0,21236.30390143737,22372.909527055002,0.0,0.0,3693.600000000003,72618.43823466389,36478.33599174976,25954.085922132726,25306.840644567586,7887.931069528662,0.0,15820.55470886499
2023-07-17,punjab,342000.0,22022.83367556468,20149.58639354838,0.0,0.0,759.2400000000075,67188.10456919945,38048.01721890141,24133.638305577384,29452.271319623047,7855.296893643326,0.0,14737.01162394236
2023-07-24,punjab,342000.0,22809.36344969199,17102.198096521035,0.0,51300.0,-20.51999999999774,69800.21063680056,38152.38689795469,24767.963747670274,25515.50427572026,7506.458987202498,0.0,-4133.5660915612525
2023-07-31,punjab,342000.0,23595.8932238193,13282.737879487373,0.0,0.0,-369.3600000000049,75872.14654775168,36620.13884716695,25586.893351601648,26640.165996753527,8217.192369685006,0.0,12939.1917837344
2023-08-07,punjab,342000.0,24382.42299794661,8784.648839873966,0.0,0.0,2010.9600000000064,81522.85154432588,35063.2708173084,26679.930421205936,23183.710213328104,8385.878528307321,0.0,-381.6733622962038
2023-08-14,punjab,342000.0,25168.95277207392,3739.269889287959,0.0,0.0,574.5600000000051,75513.3983166538,34988.02817581696,26024.37273548619,26437.572900039147,8216.274663571414,0.0,17418.570547070623
2023-08-21,punjab,342000.0,25955.48254620123,-1689.8872054998642,0.0,0.0,-1559.5200000000104,72801.11657731967,35390.87157758291,28420.559061415366,25185.020160301632,8244.901295137335,0.0,-9702.544012458262
2023-08-28,punjab,342000.0,26742.01232032854,-7314.726274947487,0.0,0.0,123.12000000000923,77712.70699930927,33111.68278968196,28333.5099143479,22769.49887513851,8178.168876182904,0.0,21852.02649995834
2023-09-04,punjab,342000.0,27528.542094455854,-12931.609465910102,0.0,0.0,-102.5999999999887,81657.65415840076,35449.97532953203,25940.08939183057,29004.712429166007,8219.613559850082,0.0,38272.622502674756
2023-09-11,punjab,342000.0,28315.071868583163,-18331.358548818127,0.0,0.0,2236.6800000000044,84895.01558467749,32524.81085562518,25268.150232360134,29234.337769368598,7729.090920332732,0.0,-17335.798682129116
2023-09-18,punjab,342000.0,29101.601642710473,-23309.662912524705,0.0,0.0,2031.480000000004,86509.01434199429,36350.9604156165,26818.269697571028,28059.640419144307,8653.327920896543,0.0,-21259.631525408447
2023-09-25,punjab,342000.0,29888.131416837783,-27677.317613576106,0.0,0.0,328.32000000000943,84558.68189187848,37671.19958610512,27882.79443136826,32383.119910668753,8414.861610401951,0.0,-12691.791233684313
2023-10-02,punjab,342000.0,30674.661190965093,-31269.723048257423,85500.0,0.0,1292.7599999999943,89365.16484996166,37483.096748786564,29788.82941287098,37432.94107335861,9225.414621138654,47566.49085673882,-12295.635705562823
2023-10-09,punjab,342000.0,31461.190965092403,-33955.11850175258,0.0,0.0,-512.9999999999891,87149.177005416,35766.90272162419,29304.99205589789,34957.844746223935,9722.962963091544,83961.63440075351,-13654.586356346912
2023-10-16,punjab,342000.0,32247.72073921971,-35641.09267869446,0.0,51300.0,-4350.2400000000225,87364.91949591396,37913.62408487711,30585.781135710386,35079.003476678015,9415.765696201326,94762.51162895115,3004.006421142717
2023-10-23,punjab,342000.0,33034.25051334702,-36279.011276058634,0.0,0.0,1580.0400000000081,89094.230284505,35943.54925775564,29072.44651726463,38728.14074895227,8992.428589350431,104808.15950145184,-10423.234136568257
2023-10-30,punjab,342000.0,33820.78028747433,-35866.11916249252,0.0,0.0,-4781.16000000002,88544.6402750313,36711.385746496446,29342.674715458194,35476.75132261951,9960.232824541108,110109.56551623784,18612.24847463362
2023-11-06,punjab,342000.0,34607.31006160164,-34445.20603485666,119699.99999999999,0.0,492.4799999999913,90605.29194385764,36567.583697894515,30961.172718951933,34395.68164635806,10042.848999403936,112850.05734180358,3720.779624985462
2023-11-13,punjab,342000.0,35393.839835728955,-32101.86199606589,0.0,0.0,-2749.680000000016,91763.6761690962,35578.06105547264,33439.35669999943,36571.0304468511,9918.99091141526,95337.5864772087,-6760.9995997064125
2023-11-20,punjab,342000.0,36180.369609856265,-28959.48544176012,0.0,0.0,225.71999999999792,89802.5727930182,35750.39412098065,32298.292725941385,33331.97677890378,9581.29181303399,75367.40018920202,8926.467410823758
2023-11-27,punjab,342000.0,36966.899383983575,-25172.33215598959,0.0,0.0,-656.6400000000189,87366.04937934938,39674.4444957971,31461.263427442867,39263.07567629023,9421.334771426691,55512.70268966771,-34721.79766796799
2023-12-04,punjab,342000.0,37753.429158110885,-20917.004342239976,0.0,0.0,-410.4000000000004,88917.7479411426,36172.427975324994,31929.43334268895,33099.85227192021,8947.33607337181,38289.54204845071,-13108.364468770127
2023-12-11,punjab,342000.0,38539.958932238194,-16382.86516334175,0.0,0.0,2421.3600000000065,85031.98198725203,36842.62797358047,29544.705660312105,30154.039641327472,8800.407436200687,25029.885336870622,-24874.10180443978
2023-12-18,punjab,342000.0,39326.488706365504,-11761.923265550757,0.0,0.0,-328.32000000000943,81629.38756029478,34391.02820038687,30515.43306242666,34925.273662424035,8832.215330264971,15729.243987585034,6569.172755802844
2023-12-25,punjab,342000.0,40113.018480492814,-7238.759363647099,0.0,0.0,-1272.2399999999966,83871.59222086155,34102.28351318019,32080.196030211973,34167.9294747758,9273.814103569004,8961.402540767227,7426.762999788451
2024-01-01,punjab,342000.0,40899.548254620124,-2835.7886206949715,34200.0,0.0,-10362.599999999999,77932.80411458659,37299.13721450455,32038.98258866812,41205.86501666433,9223.016381346602,4676.654626289152,13862.380424015437
2024-01-08,punjab,342000.0,41686.07802874743,997.1534639221196,0.0,0.0,-5027.399999999993,80067.86801065398,38652.290521776966,30443.137396959875,40370.55623537729,9042.20654261632,2310.1597182294445,-15385.049918283465
2024-01-15,punjab,342000.0,42472.60780287474,4308.347265863874,0.0,0.0,-5868.719999999991,83907.94278296964,38350.76296895617,27954.774035154158,32659.549121752774,8227.872017563712,923.9932275565257,22379.87077730849
2024-01-22,punjab,342000.0,43259.13757700205,7025.350438395997,0.0,0.0,-9254.519999999984,78693.84037237286,35871.006921521905,29421.83612542947,33376.63407892792,8189.323134616448,240.72955608205766,-15926.338204348722
2024-01-29,punjab,342000.0,44045.66735112936,9115.021916603313,0.0,0.0,-7982.279999999987,80170.83272842655,40339.22625654828,28452.297751008573,35201.63989911902,8477.056409221734,0.0,-22370.462312056767
2024-02-05,punjab,342000.0,44832.19712525667,10583.6435247867,0.0,0.0,-9562.319999999994,74434.75762034947,40220.35037375018,28613.10667508057,33131.559309179094,8018.748020684542,0.0,17202.957350912788
2024-02-12,punjab,342000.0,45618.72689938398,11474.719521407062,0.0,51300.0,-8454.23999999998,85171.24466861557,38706.111808820075,28986.842411952774,28823.66907163058,8697.62195827683,0.0,31238.303659913152
2024-02-19,punjab,342000.0,46405.25667351129,11864.607711689889,0.0,0.0,-8782.55999999999,84242.11798557221,38167.27652719597,29150.735086774897,36588.87515730364,9098.675436173142,0.0,4786.015421779006
2024-02-26,punjab,342000.0,47191.7864476386,11856.261210825045,0.0,0.0,-3365.279999999994,83192.54577011665,37949.53094466864,28800.05069317442,35352.40061274435,8131.186657080542,0.0,17099.517663751718
2024-03-04,punjab,342000.0,47978.31622176591,11571.468894854468,0.0,0.0,-9500.760000000002,82240.92057294499,34843.878167266375,27660.487359226438,29772.815283828942,8496.364116785915,45799.18309766937,-3853.6737143425576
2024-03-11,punjab,342000.0,48764.84599589322,11142.068744339478,0.0,0.0,-6032.880000000019,83175.36722633764,39018.06398483799,29089.888306913766,27204.242568650534,8526.510323536995,71895.05679855638,-7959.163949065942
2024-03-18,punjab,342000.0,49551.37577002053,10700.666701110482,0.0,0.0,-9069.840000000004,81079.9064558166,40151.76225293527,28332.72490423184,25602.26519014308,8028.885627736043,87804.26320785076,-4819.01010984445
2024-03-25,punjab,342000.0,50337.90554414784,10371.42096163946,0.0,0.0,-3283.200000000003,83104.42764727425,36901.32249558335,29080.65639797996,30912.540269269586,9065.56985541015,92170.58510638845,14547.771722307081
2024-04-01,punjab,342000.0,51124.43531827515,10261.446263809677,0.0,0.0,-7120.4399999999905,83079.81202106354,36220.500483804084,30305.32382041021,37364.72666879779,8742.410779731028,100026.40769447612,11545.376949632491
2024-04-08,punjab,342000.0,51910.96509240246,10453.355019887864,68400.0,0.0,-7038.36,90434.95334635179,41714.128467551636,32274.586030779003,35095.04386195131,8605.735093229123,105805.4087910306,-7285.815703183915
2024-04-15,punjab,342000.0,52697.49486652977,10999.384311414658,0.0,0.0,-9747.00000000002,87424.46038536579,38822.636431353676,31932.385124949837,34614.68263019723,9260.79717257926,86983.4178048308,-35391.25872722107
2024-04-22,punjab,342000.0,53484.02464065708,11917.463739265455,0.0,51300.0,-6648.479999999997,91066.43805262663,42177.92377431522,32403.664756001268,41209.59711941215,9339.911674584202,66718.06840599862,-19464.61216286055
2024-04-29,punjab,342000.0,54270.55441478439,13189.464377367187,0.0,0.0,-7161.479999999986,84435.02660633289,40525.12586964923,31506.495902801027,38416.42150027998,9234.934469047166,47730.587578268554,5829.869281469492
2024-05-06,punjab,342000.0,55057.08418891171,14761.740274030954,0.0,0.0,-6197.040000000001,81458.55707951006,39307.170382964236,30166.49367954514,35266.222918233514,8663.2662985788,32121.6179302774,3437.887247948267
2024-05-13,punjab,342000.0,55843.61396303902,16547.938557449554,0.0,0.0,-7982.279999999987,82535.03187158125,40178.4751547567,30851.38523993291,31794.59653561185,8766.803716217133,20612.17648605926,5611.258475352319
2024-05-20,punjab,342000.0,56630.14373716633,18433.920090635995,0.0,0.0,-6299.639999999989,80349.23112879794,38777.71964766932,31068.327902035977,30875.396357175323,8082.2682534225,12788.29322989903,-4469.660346802326
2024-05-27,punjab,342000.0,57416.67351129364,20284.50757283793,0.0,0.0,-10731.960000000003,80646.73639521844,38468.64573431802,31425.689770710465,28949.215679483415,8331.539861687206,7153.368655431892,-25592.417180981
2024-06-03,punjab,342000.0,58203.20328542095,21951.669263892465,0.0,0.0,-9870.120000000006,84305.49401995708,37532.39135115883,30253.3836810609,26072.09049425431,8399.517795503156,3795.8615185408867,-22334.49140978851
2024-06-10,punjab,342000.0,58989.733059548256,23283.660437461374,0.0,51300.0,-14240.879999999981,78248.35787082609,42727.01026300589,30467.515376532436,33555.44788830293,8651.055884933015,1822.5118763976993,-44337.412657007546
2024-06-17,punjab,342000.0,59776.262833675566,24134.586263115467,0.0,0.0,-6607.440000000001,77807.22942719872,37561.243428317386,29549.087490066944,26613.537794205506,8557.740077145883,803.9436106624086,12364.809075612244
2024-06-24,punjab,342000.0,60562.792607802876,24373.822492333562,0.0,0.0,-5335.200000000004,78281.61384010561,38116.30904526671,29192.27407094649,27207.55796664306,8196.3836899988,221.6696351951756,-7159.22334829213
2024-07-01,punjab,342000.0,61349.322381930186,23894.735700313682,0.0,0.0,-8495.28000000002,77156.0928938636,40933.187786372066,28585.76350866741,27677.663800687984,8558.066486159734,0.0,23596.44744200536
2024-07-08,punjab,342000.0,62135.852156057495,22622.18264470434,0.0,0.0,-8864.639999999981,80804.6714784686,39282.457591468585,29385.54093082598,27533.996788153145,8060.668724907608,0.0,11719.269685414101
2024-07-15,punjab,342000.0,62922.381930184805,20518.336399521686,0.0,0.0,-9808.560000000014,79458.95560948043,38714.514074508115,27530.451187741895,27392.137135478668,8421.25064137207,0.0,-13234.466978287717
2024-07-22,punjab,342000.0,63708.911704312115,17586.481411353263,0.0,0.0,-10814.039999999994,84077.73708857437,39040.90792743125,27820.28451552354,26614.31696165186,8326.699351113504,0.0,-21606.298959960124
2024-07-29,punjab,342000.0,64495.44147843942,13872.53508174692,0.0,0.0,-3939.8400000000215,79518.17205474673,39493.64800753798,27382.644390258527,24561.772505641587,9095.661007245993,0.0,10097.965474382947
2024-08-05,punjab,342000.0,65281.97125256673,9464.183265911512,0.0,0.0,-7592.399999999984,84238.34716068309,41395.135316028696,27713.370747284025,24748.363150254267,8678.676642848844,0.0,-2767.6475355771286
2024-08-12,punjab,342000.0,66068.50102669404,4487.6537229753485,0.0,0.0,-8803.079999999987,86409.99008615331,39093.54215508653,29771.39431382674,33290.879318870364,8215.789980825155,0.0,16426.32939556856
2024-08-19,punjab,342000.0,66855.03080082135,-897.7128145819798,0.0,0.0,-6258.599999999994,84190.58935807785,34905.047041535036,28209.70124645778,34392.713831331,8906.479243573043,0.0,10986.751292785859
2024-08-26,punjab,342000.0,67641.56057494866,-6506.807483699003,0.0,0.0,-2934.3599999999956,81080.92084388995,34765.80197173767,27543.424012226707,35740.10959222688,8514.053053869698,0.0,-1110.7025652005748
2024-09-02,punjab,342000.0,68428.09034907597,-12137.616921851708,0.0,0.0,-9582.839999999993,88284.50583222628,39040.36405140725,28009.101430870618,34475.400028968834,8897.257711870721,0.0,5402.737517432016
2024-09-09,punjab,342000.0,69214.62012320328,-17581.120441344723,0.0,0.0,-7818.120000000004,95331.74460148519,38714.29553098569,29110.916146246873,35566.12323526625,8274.739468627527,0.0,-1990.1986644700364
2024-09-16,punjab,342000.0,70001.1498973306,-22631.675007226648,0.0,0.0,-9829.08000000001,91327.11343525778,37856.71393920281,31914.08204547334,36908.681536148346,9808.97182140591,0.0,-37740.957667592265
2024-09-23,punjab,342000.0,70787.67967145791,-27097.312915796563,85500.0,0.0,-10054.799999999987,98055.97035692906,42453.24809420224,33460.602944878716,40716.05902938587,9387.161267926776,55791.64172357007,-11796.25017255421
2024-09-30,punjab,342000.0,71574.20944558522,-30809.380550443388,0.0,0.0,-8187.48000000001,97239.99429452293,38440.13359120087,33183.38814790896,42080.94785515414,9465.360343670205,89427.67257867075,15851.15429373025
2024-10-07,punjab,342000.0,72360.73921971253,-33630.982736321355,0.0,0.0,-9685.43999999998,94674.00856096904,41043.659406116,35151.19711436276,39260.96342722799,9789.383840770804,103564.2831737722,-3316.812006609943
2024-10-14,punjab,342000.0,73147.26899383984,-35463.763966148035,0.0,0.0,-9500.760000000002,97484.85959672793,39907.80090502279,34892.53586582163,38427.462116288,9854.62326758829,108633.71864546578,14138.254575393797
2024-10-21,punjab,342000.0,73933.79876796715,-36252.65130502721,0.0,0.0,-5191.56000000002,95668.58378357685,37625.04450334944,34561.10832508157,41967.70103134931,9599.741307470991,114592.55174348128,4762.681842750595
2024-10-28,punjab,342000.0,74720.32854209446,-35988.29873931512,119699.99999999999,0.0,-9131.399999999996,96838.19980143024,44378.69290877084,34212.5194596928,41836.807165788836,9602.997040232045,116050.32233988836,-17437.168518582323
2024-11-04,punjab,342000.0,75506.85831622177,-34707.102516767925,0.0,0.0,-9562.319999999994,97515.38336306564,42637.02765972125,35586.5774872459,43167.31821665071,10126.814333353357,99287.13902452185,-12475.695884012557
2024-11-11,punjab,342000.0,76293.38809034908,-32488.794183249982,0.0,0.0,-9110.88,94910.71447346084,38558.15102678659,34266.17960538289,39332.96792279751,9747.736887912546,79643.80928458174,-9313.27310802117
2024-11-18,punjab,342000.0,77079.91786447639,-29451.754682351497,0.0,0.0,-4452.840000000011,93678.11409987211,40183.4767214554,34283.2325359752,40305.04891974431,10292.787934988442,59532.88677918909,26928.129826650566
2024-11-25,punjab,342000.0,77866.4476386037,-25746.32120584955,0.0,0.0,-8782.55999999999,89252.35379765701,40378.527452585135,33692.64427966382,34744.58538200259,9336.226334054903,41597.80609049133,-12905.70976920898
2024-12-02,punjab,342000.0,78652.97741273101,-21546.471104824726,0.0,51300.0,-5171.039999999977,91619.90189548861,41528.38390530787,32393.66376213631,35372.138191479266,9070.01076951006,27468.211194791656,28557.2239733799
2024-12-09,punjab,342000.0,79439.50718685832,-17040.35763966124,0.0,0.0,-9644.399999999985,84695.9691295643,36884.01340733078,30658.887704188135,38614.024528171765,9149.11908430662,17385.175515688796,21754.061083552482
2024-12-16,punjab,342000.0,80226.03696098563,-12420.235486646105,0.0,0.0,-6812.6399999999785,93405.92450481595,37354.96368186096,31726.743581878964,35625.750458569724,9235.996308266,9891.758938995596,21088.701051273372
2024-12-23,punjab,342000.0,81012.56673511294,-7872.346130347999,0.0,0.0,-7961.759999999988,89446.79312910383,42060.607282766665,31200.587371649766,35198.50450355845,8758.125652150822,5185.963556345112,30150.957899660418
2024-12-30,punjab,342000.0,81799.09650924025,-3567.3327387368618,34200.0,0.0,-11799.000000000022,89514.80130342483,39175.252213200445,30487.765931411952,35556.226329917925,9239.83649665624,2463.024694487687,-10225.670739602543
2025-01-06,punjab,342000.0,82585.62628336756,-48.853718339037705,0.0,51300.0,-17277.84000000001,86713.8069672065,40661.10487164322,30305.96616025044,35701.830422839324,9032.68719852574,1027.7731150309394,-17844.101300524744
2025-01-13,punjab,342000.0,83372.15605749487,3420.4800251926413,0.0,0.0,-19022.04,90950.0547294747,39566.34309258401,30982.201994047824,40462.69273081699,9287.900529752755,248.74624489031763,-1172.5354042541358
2025-01-20,punjab,342000.0,84158.68583162216,6312.374918029236,0.0,0.0,-16272.359999999984,81785.17545310647,37286.66188950303,31718.252700134464,37445.227650516135,8933.056124426905,0.0,-4355.07456733829
2025-01-27,punjab,342000.0,84945.21560574949,8582.345352382983,0.0,0.0,-14343.480000000014,85193.71345301965,38126.69909936361,32186.626246870957,34911.96357488596,8816.181845802645,0.0,-10493.265178075446
2025-02-03,punjab,342000.0,85731.74537987678,10225.534205433685,0.0,0.0,-14240.879999999981,85453.72286262215,40567.60498519233,33390.05745869969,31945.847115582692,8544.022910670417,0.0,8165.345081922338
2025-02-10,punjab,342000.0,86518.2751540041,11275.165937066224,0.0,0.0,-12312.000000000011,90719.34370593933,40037.23992914295,33902.28073250079,32615.276259444872,8609.430557442647,0.0,16314.987724459079
2025-02-17,punjab,342000.0,87304.8049281314,11798.774012863987,0.0,0.0,-18898.920000000013,85714.03215338793,42797.53616627523,33303.955348859774,33227.603312746236,8698.79976101225,0.0,-31490.585683276713
2025-02-24,punjab,342000.0,88091.33470225873,11892.447272853424,0.0,0.0,-13563.72000000001,89451.24301154302,42201.23306109945,32970.32198056923,31132.774880875506,8101.6548566382635,0.0,27482.710234162383
2025-03-03,punjab,342000.0,88877.86447638602,11673.454225395419,0.0,0.0,-14425.560000000007,93955.43440887753,42794.32874145752,33207.08141385917,34910.57050760025,9149.718911086844,0.0,298.10731533743325
2025-03-10,punjab,342000.0,89664.39425051335,11271.697494610251,0.0,0.0,-16128.720000000001,87536.95312332554,40414.18719662223,33620.678359220496,33122.392161185926,8626.338013373092,40065.725965587,-4744.64656443786
2025-03-17,punjab,342000.0,90450.92402464064,10820.517411852397,0.0,0.0,-15902.99999999998,86309.32160667807,38972.174570099596,33760.04569223391,35733.72705510378,8994.5834164854,79106.39354776475,31460.312675141442
2025-03-24,punjab,342000.0,91237.45379876797,10447.400174477918,0.0,0.0,-15944.04000000002,85292.44728340743,39107.4702603267,33454.086389276614,39496.12075191246,9012.833520629716,92012.05229479197,-4683.824473590775
2025-03-31,punjab,342000.0,92023.98357289526,10265.150011975169,0.0,0.0,-15820.91999999999,89562.67876838367,40319.36788721014,33072.54201679385,39765.46145390101,9356.78664837109,103730.6755429882,15023.274097481531
2025-04-07,punjab,342000.0,92810.51334702258,10364.056190205463,0.0,0.0,-20253.24,94482.15395716683,38847.940624508665,33909.31302509887,36425.7992330501,9408.036138934176,110714.66617386905,11745.761310144211
2025-04-14,punjab,342000.0,93597.04312114991,10805.526126838893,68400.0,0.0,-20581.560000000012,94356.55772708444,45224.23962129597,33462.42855913241,36622.04438039607,9098.68642471417,111003.3225064284,4279.7115329599255
2025-04-21,punjab,342000.0,94383.5728952772,11617.56885372151,0.0,0.0,-14610.239999999985,92467.252311305,42723.66015791033,33891.41199267091,41044.82189213236,9026.807171600132,93103.24930572987,8719.895419652628
2025-04-28,punjab,342000.0,95170.10266940453,12792.403603700286,0.0,0.0,-16149.239999999998,92193.81936163697,43835.79645722894,33195.67250528959,42065.573965015385,8678.784983541005,73002.59963028178,2997.486823901484
2025-05-05,punjab,342000.0,95956.63244353182,14286.34277685686,0.0,0.0,-19063.079999999998,87690.23203331305,40002.842997555745,31613.16018288613,40998.9561294482,9169.91034985154,53339.66021159378,-11821.657125037176
2025-05-12,punjab,342000.0,96743.16221765913,16021.964240859643,0.0,0.0,-16908.480000000007,86431.44992218305,39309.36230494334,31047.755033714362,36687.82313333554,9173.03669302179,36536.52572919653,15127.400725086583
2025-05-19,punjab,342000.0,97529.69199178644,17892.452637950584,0.0,51300.0,-12660.840000000018,87309.42517903534,43964.52242398649,30648.936758606524,37449.97972257975,8939.378664267597,23757.576689018257,-2884.124067231137
2025-05-26,punjab,342000.0,98316.22176591375,19767.860961047,0.0,0.0,-21053.520000000004,84537.91215365757,43985.28201317993,32470.626352890875,36082.316673538626,9248.955374925865,14874.502624772555,-15933.157919926196
2025-06-02,punjab,342000.0,99102.75154004106,21502.92958206501,0.0,0.0,-13235.4,88021.21159112825,42609.515375023584,33055.21939610137,34323.71079604156,9411.981840368737,8521.527366152652,11886.552513077977
2025-06-09,punjab,342000.0,99889.28131416837,22946.006798567534,0.0,51300.0,-16805.880000000016,89195.61140784895,42565.77934810568,31661.974565476325,32193.452809074126,9034.678460543137,4446.975626399486,-10278.880330183549
2025-06-16,punjab,342000.0,100675.81108829568,23948.548231649882,0.0,0.0,-14712.84000000002,86558.85197414791,41784.391587652186,31926.379924004137,31081.11526273667,8977.541083561404,2182.2996246975026,-168.09877674530654
2025-06-23,punjab,342000.0,101462.34086242299,24374.635956171653,0.0,51300.0,-19083.599999999995,91321.63170537644,40240.250045193505,32391.376090917413,27032.5819954317,8989.124837431684,850.7403293404876,-18913.08182228576
2025-06-30,punjab,342000.0,102248.8706365503,24109.95422209154,0.0,0.0,-13584.240000000007,92654.12800532354,37851.450013712914,31926.19348526122,30634.60758532689,8946.829899447093,190.53914932883876,-10667.332997042164
2025-07-07,punjab,342000.0,103035.40041067761,23069.68730669519,0.0,0.0,-19001.520000000004,86812.60406620601,40961.434597127816,33228.62285893154,36346.192603400465,8538.44769735278,0.0,-13622.86954039142
2025-07-14,punjab,342000.0,103821.93018480492,21204.864805311627,0.0,0.0,-17831.879999999994,81829.57107508813,44353.548080431065,32109.212307895956,36562.98179968888,9254.793680904111,0.0,12469.978065875248
2025-07-21,punjab,342000.0,104608.45995893223,18506.767108276654,0.0,51300.0,-19924.91999999999,85409.16767125293,43936.275663942404,32175.710014059583,34280.00622882148,8754.889611269142,0.0,-27147.356256554485
2025-07-28,punjab,342000.0,105394.98973305954,15009.113908780608,0.0,0.0,-15738.839999999998,85769.92306387589,41673.98321540597,32729.14508844854,31453.623618987764,8264.268431739241,0.0,7816.792939702485
2025-08-04,punjab,342000.0,106181.51950718685,10787.885012014443,0.0,0.0,-14918.039999999997,80812.2210368641,41396.677497677876,32517.750520623755,33176.767733180255,9096.121358171213,0.0,-9220.902665718591
2025-08-11,punjab,342000.0,106968.04928131416,5958.758195564568,0.0,0.0,-16046.64000000001,84719.31135822006,40085.32481886628,30602.08947613219,29958.63235247894,9113.576504240189,0.0,33898.89801318373
2025-08-18,punjab,342000.0,107754.57905544147,672.285601454329,0.0,0.0,-18201.24,84583.33642554394,39472.943722110314,30584.473534224442,32709.132155418643,9323.733768169242,0.0,25607.755737637603
2025-08-25,punjab,342000.0,108541.10882956878,-4892.93975883762,0.0,0.0,-14815.440000000008,84206.91778589328,40649.378677088585,31481.541169573706,29762.766362830793,8535.526936329605,0.0,7953.139997553132
2025-09-01,punjab,342000.0,109327.63860369609,-10538.759836928852,0.0,0.0,-18016.56000000002,86301.42366314713,43464.263368539105,32696.38392052912,35750.23803132143,9452.194612822195,0.0,27301.177636873817
2025-09-08,punjab,342000.0,110114.16837782341,-16057.107026056938,0.0,0.0,-16190.279999999993,83206.43853389777,42042.74185580683,31040.916873177946,36275.00227652564,9566.048591250705,0.0,-9317.929482425341
2025-09-15,punjab,342000.0,110900.69815195071,-21240.307774518293,0.0,0.0,-17052.11999999999,95114.90348984179,42692.114050962,32926.86172841954,39110.99400981248,10106.278644900627,57260.02652608592,9640.551172545182
2025-09-22,punjab,342000.0,111687.22792607803,-25891.464309084964,85500.0,0.0,-16313.39999999998,98502.01765012881,42568.676437510665,34210.048016183486,44701.725342075246,10276.536140333674,92716.42408434831,-24567.791287573105
2025-09-29,punjab,342000.0,112473.75770020533,-29834.33847420129,0.0,0.0,-17011.079999999994,98140.69615065906,42152.919185857216,35672.10012647385,40151.326901737266,10484.503986223914,105782.7395274076,6136.374895637102
2025-10-06,punjab,342000.0,113260.28747433265,-32922.18863382854,0.0,0.0,-14979.599999999991,103245.99491168057,41410.66340784045,36621.9974328359,42148.65415403546,10063.164932226151,115676.2331222781,27720.79319859916
2025-10-13,punjab,342000.0,114046.81724845995,-35045.06890515668,0.0,0.0,-16210.799999999992,98853.45080889207,41708.27426153838,38503.65039574044,43332.2187126113,10439.102531725066,120456.67153896982,-31994.316592780284
2025-10-20,punjab,342000.0,114833.34702258727,-36135.1863611383,119699.99999999999,0.0,-14630.759999999984,100285.95125061754,45038.46864513733,38725.8776632828,38758.81467509616,9956.53710162379,123143.84243254334,-22451.89242974989
2025-10-27,punjab,342000.0,115619.87679671457,-36170.02130125885,0.0,0.0,-15061.679999999982,100439.97754996276,38549.87583500763,37868.6077587007,46124.52465037523,10327.93102515944,108409.70127943394,30018.206405904555
2025-11-03,punjab,342000.0,116406.4065708419,-35173.04196698411,0.0,0.0,-18509.04000000001,98931.78644277283,40877.12148928083,38008.1902561818,44613.831603243656,10309.477527246669,90018.96626685222,2351.3018105642464
2025-11-10,punjab,342000.0,117192.93634496919,-33211.98092221075,0.0,0.0,-15410.51999999999,100907.50659013959,39774.515534654136,37238.42515698875,43258.166627467326,10426.419224124675,69800.70919440553,-103.17775053858237
2025-11-17,punjab,342000.0,117979.46611909651,-30394.777932277677,0.0,0.0,-18857.88000000002,98275.14107248168,38389.943022908694,36165.26677817754,44173.98867996895,9748.443904769709,50452.35349735307,-22837.945142478613
2025-11-24,punjab,342000.0,118765.99589322381,-26863.425659812085,0.0,0.0,-13830.47999999998,92402.39230300357,41766.79145822414,35354.568786845564,41047.10099434074,9345.732166154698,34244.43680872133,-29943.112750701694
2025-12-01,punjab,342000.0,119552.52566735113,-22786.072308888564,0.0,0.0,-18837.360000000022,96564.9694330263,38101.6637436904,32576.882227291582,36134.34297655738,8805.626933674343,22114.18810695219,-7979.7667796546175
2025-12-08,punjab,342000.0,120339.05544147843,-18347.83273726043,0.0,0.0,-15020.639999999987,89658.74688038098,39763.769077488185,33112.85544867687,32588.742626640884,9419.446612357362,12920.091572885049,16605.765077352702
2025-12-15,punjab,342000.0,121125.58521560575,-13740.830945084394,0.0,0.0,-18201.24,96454.74868651759,42205.75393681398,33148.608737995644,32914.43689800568,8739.17742522224,6947.86335020927,-4530.103305285851
2025-12-22,punjab,342000.0,121912.11498973305,-9154.038162735758,0.0,0.0,-15985.080000000016,90976.62084576533,45354.08780797878,34622.58101467131,35735.78262696256,8808.011928642994,3449.8665102183404,11021.05243876347
