date,geo,spend_meta_ads,spend_google_search,spend_youtube,spend_influencers,spend_email,spend_tv,revenue,promo_flag,holiday_diwali,holiday_sale_season,holiday_new_year,holiday_ganesh_chaturthi,price_index,season_sin_1,season_cos_1,season_sin_2,season_cos_2,holiday_ugadi,holiday_pongal,holiday_durga_puja,holiday_navratri,holiday_chhath,holiday_onam,holiday_baisakhi
2023-01-02,maharashtra,153647.0,92467.0,55128.0,35440.0,3983.0,0.0,1538926.0,0,0,0,0,0,0.9933,0.03439806061360801,0.9994082116062598,0.06875540848113941,0.9976335468520451,0,0,0,0,0,0,0
2023-01-09,maharashtra,176134.0,79726.0,31225.0,59510.0,3276.0,0.0,1580688.0,0,0,0,0,0,0.9868,0.1542040475626894,0.988039023376751,0.3047192331091634,0.9524422234305676,0,0,0,0,0,0,0
2023-01-16,maharashtra,217052.0,86063.0,54472.0,25407.0,3955.0,0.0,1614771.0,0,0,0,0,0,1.0151,0.2717767384711357,0.9623603298276545,0.5230943033491326,0.8522748088519838,0,0,0,0,0,0,0
2023-01-23,maharashtra,160381.0,87568.0,41925.0,26854.0,3646.0,0.0,1585628.0,0,0,0,0,0,0.9851,0.38541335945432564,0.9227440286201427,0.7112757519738152,0.7029130847082615,0,0,0,0,0,0,0
2023-01-30,maharashtra,169492.0,85404.0,34165.0,20240.0,3998.0,0.0,1561983.0,0,0,0,0,0,1.0095,0.49346814167723735,0.8697638720650646,0.8584015232918917,0.512978386299228,0,0,0,0,0,0,0
2023-02-06,maharashtra,139917.0,94024.0,49579.0,28967.0,3071.0,0.0,1694095.0,0,0,0,0,0,0.9936,0.5943761565849831,0.804187157621448,0.9559793438440766,0.2934339689665273,0,0,0,0,0,0,0
2023-02-13,maharashtra,199105.0,84013.0,46663.0,9985.0,2956.0,0.0,1671116.0,0,0,0,0,0,1.0152,0.6866759803451553,0.726963615332308,0.998376906467142,0.056952196034039754,0,0,0,0,0,0,0
2023-02-20,maharashtra,176854.0,107062.0,51780.0,29832.0,3114.0,0.0,1895071.0,1,0,0,0,0,0.9777,0.7690308592589181,0.6392116531380588,0.9831469737221499,-0.1828169249850199,0,0,0,0,0,0,0
2023-02-27,maharashtra,176939.0,101757.0,51485.0,18298.0,3647.0,0.0,1624432.0,0,0,0,0,0,1.0015,0.8402480696078469,0.5422021592729844,0.9111686353326631,-0.41203363695942635,0,0,0,0,0,0,0
2023-03-06,maharashtra,168558.0,78343.0,43723.0,35246.0,3568.0,0.0,1532594.0,0,0,0,0,0,0.9999,0.8992961915530253,0.4373400963303323,0.7865965660866021,-0.6174672802835514,0,0,0,0,0,0,0
2023-03-13,maharashtra,215307.0,99594.0,42056.0,21015.0,3760.0,0.0,1645515.0,0,0,0,0,0,0.9904,0.945320046913132,0.3261441535642696,0.6166212130956382,-0.7872599821916922,0,0,0,0,0,0,0
2023-03-20,maharashtra,167182.0,95686.0,36473.0,26334.0,3173.0,0.0,1652051.0,0,0,0,0,0,1.0176,0.9776530844816641,0.2102247521189836,0.4110537546870351,-0.9116111071930239,0,0,0,0,0,0,0
2023-03-27,maharashtra,150650.0,77383.0,40597.0,16707.0,3603.0,0.0,1602560.0,0,0,0,0,0,0.9962,0.9958270335100595,0.09126072172931188,0.18175978759137534,-0.9833429613388902,0,0,0,0,0,0,0
2023-04-03,maharashtra,169857.0,101813.0,50140.0,30390.0,3022.0,0.0,1696775.0,0,0,0,0,0,0.9918,0.9995786855478958,-0.029025013321975237,-0.05802556932878035,-0.9983150972033183,0,0,0,0,0,0,0
2023-04-10,maharashtra,142502.0,115699.0,36768.0,27991.0,3830.0,0.0,1706624.0,0,0,0,0,0,1.0081,0.9888537064205885,-0.1488903868564548,-0.2944616217868012,-0.9556633054034704,0,0,0,0,0,0,0
2023-04-17,maharashtra,152230.0,91121.0,32973.0,21273.0,3199.0,0.0,1617624.0,0,0,0,0,0,1.0087,0.9638074231367307,-0.26659942067929354,-0.5139010013093103,-0.8578494977869301,0,0,0,0,0,0,0
2023-04-24,maharashtra,132222.0,108459.0,33975.0,26350.0,3643.0,0.0,1686204.0,0,0,0,0,0,0.9851,0.9248025743285089,-0.38044736628785164,-0.7036774074790128,-0.7105196029692745,0,0,0,0,0,0,0
2023-05-01,maharashtra,175405.0,104731.0,50389.0,15813.0,3330.0,0.0,1614279.0,0,0,0,0,0,1.0149,0.8724040568049612,-0.48878539428899265,-0.8528367217694595,-0.522177676659508,0,0,0,0,0,0,0
2023-05-08,maharashtra,168054.0,97848.0,49080.0,39966.0,3156.0,0.0,1669862.0,0,0,0,0,0,1.0056,0.8073707443023492,-0.5900444739548627,-0.9527692922168511,-0.30369503751065885,0,0,0,0,0,0,0
2023-05-15,maharashtra,178566.0,92350.0,40472.0,45982.0,3561.0,0.0,1622058.0,0,0,0,0,0,0.9929,0.7306444969184916,-0.6827580970759147,-0.9977068927101168,-0.06768276175455162,0,0,0,0,0,0,0
2023-05-22,maharashtra,179754.0,83564.0,56327.0,18190.0,3190.0,0.0,1653981.0,0,0,0,0,0,1.0003,0.6433365204044917,-0.765583517007675,-0.9850556718215013,0.172236243027682,0,0,0,0,0,0,0
2023-05-29,maharashtra,174395.0,89611.0,37255.0,30641.0,3886.0,0.0,1865089.0,0,0,0,0,0,1.0042,0.5467112728685939,-0.8373211953118121,-0.9155458729775467,0.40221356823680365,0,0,0,0,0,0,0
2023-06-05,maharashtra,138600.0,102557.0,36438.0,62055.0,3747.0,0.0,1798417.0,0,0,0,0,0,0.9959,0.44216815196707204,-0.8969321743510065,-0.7931896839451843,0.6089746507720486,0,0,0,0,0,0,0
2023-06-12,maharashtra,186040.0,107228.0,40522.0,33254.0,3205.0,0.0,1779523.0,0,0,0,0,0,0.9884,0.3312212278016865,-0.9435531242349544,-0.6250496486104377,0.7805849965070866,0,0,0,0,0,0,0
2023-06-19,maharashtra,166031.0,112457.0,51391.0,52022.0,3564.0,0.0,1923134.0,1,0,0,0,0,0.9914,0.21547731504673012,-0.976508846196619,-0.42083100859565564,0.9071390534005044,0,0,0,0,0,0,0
2023-06-26,maharashtra,156152.0,113403.0,43837.0,48454.0,3773.0,0.0,1732795.0,0,0,0,0,0,0.9948,0.0966127018812031,-0.9953220513156602,-0.19232150523909483,0.9813319716704275,0,0,0,0,0,0,0
2023-07-03,maharashtra,165791.0,100512.0,46949.0,33434.0,3635.0,0.0,1708357.0,0,0,0,0,0,0.997,-0.023651127245231586,-0.9997202729664083,0.04728902277113235,0.9988812483600598,0,0,0,0,0,0,0
2023-07-10,maharashtra,187938.0,118213.0,35187.0,39590.0,3438.0,0.0,1776935.0,0,0,0,0,0,1.0125,-0.1435724234118113,-0.9896398128792412,0.2841699724797683,0.9587739184713191,0,0,0,0,0,0,0
2023-07-17,maharashtra,160256.0,88498.0,34612.0,55280.0,3611.0,0.0,1768147.0,0,0,0,0,0,0.9966,-0.2614143985111562,-0.965226663665613,0.5046482954181526,0.8633250245021008,0,0,0,0,0,0,0
2023-07-24,maharashtra,179978.0,100690.0,52039.0,19057.0,3543.0,0.0,1737685.0,0,0,0,0,0,1.0035,-0.3754703786876202,-0.9268343944460494,0.6959977221267386,0.7180439894563502,0,0,0,0,0,0,0
2023-07-31,maharashtra,231115.0,83856.0,45942.0,28626.0,3096.0,0.0,1712622.0,0,0,0,0,0,0.9973,-0.48408852163897587,-0.8750190302029955,0.847173337473877,0.5313166064347815,0,0,0,0,0,0,0
2023-08-07,maharashtra,160180.0,104474.0,66491.0,27780.0,3682.0,0.0,1636922.0,0,0,0,0,0,1.0043,-0.5856957398073508,-0.8105309990194823,0.9494491062150135,0.31392100074304014,0,0,0,0,0,0,0
2023-08-14,maharashtra,178298.0,104825.0,57163.0,46367.0,3205.0,395747.0,1837323.0,0,0,0,0,0,1.0162,-0.6788204829862355,-0.734304263829602,0.9969215500633253,0.07840550375666766,0,0,0,0,0,0,0
2023-08-21,maharashtra,182563.0,94736.0,39910.0,38971.0,3961.0,349964.0,1808332.0,0,0,0,0,0,1.0131,-0.7621140503891487,-0.6474427960827475,0.9868505034357966,-0.16163565160110782,0,0,0,0,0,0,0
2023-08-28,maharashtra,184670.0,94010.0,51819.0,39940.0,4357.0,396624.0,1777239.0,0,0,0,0,0,1.0013,-0.8343701235229537,-0.5512045872199277,0.9198172790502196,-0.3923470060554182,0,0,0,0,0,0,0
2023-09-04,maharashtra,227907.0,85494.0,41922.0,52904.0,3689.0,482121.0,1925374.0,0,0,0,0,0,0.979,-0.8945422369764496,-0.4469834295196741,0.7996911138678691,-0.600411627469661,0,0,0,0,0,0,0
2023-09-11,maharashtra,204158.0,96559.0,51540.0,41491.0,4420.0,395487.0,1785822.0,0,0,0,0,0,0.9943,-0.9417589340994617,-0.33628873017668287,0.6334058321617086,-0.7738197799123084,0,0,0,0,0,0,0
2023-09-18,maharashtra,223727.0,120392.0,63851.0,53397.0,4685.0,493302.0,2073474.0,0,0,0,0,1,1.01,-0.9753363880767837,-0.2207236509605022,0.4305596169818739,-0.9025621398133328,0,0,0,0,0,0,0
2023-09-25,maharashtra,264211.0,91378.0,81720.0,35196.0,4607.0,0.0,1713657.0,0,0,0,0,0,1.0062,-0.994788305609327,-0.10196189005174576,0.2028609916826013,-0.9792075459541514,0,0,0,0,0,0,0
2023-10-02,maharashtra,267600.0,108913.0,140248.0,74130.0,4444.0,447317.0,2140543.0,0,0,1,0,0,1.0233,-0.999832969770105,0.018276557681691223,-0.03654700988811993,-0.9993319348786156,0,0,0,0,0,0,0
2023-10-09,maharashtra,382943.0,95696.0,83961.0,57940.0,5844.0,488420.0,1911174.0,0,0,0,0,0,1.0103,-0.9903973200352558,0.1382503109109819,-0.2738454748405547,-0.9617737030660337,0,0,0,0,0,0,0
2023-10-16,maharashtra,390858.0,101078.0,60863.0,70771.0,5856.0,543310.0,1887250.0,0,0,0,0,0,1.0096,-0.9666180104000972,0.2562218218071163,-0.49533725523256594,-0.8687007560596847,0,0,0,0,0,0,0
2023-10-23,maharashtra,248973.0,105203.0,45038.0,45040.0,4869.0,535372.0,2125083.0,1,0,0,0,0,0.9971,-0.9288394302558068,0.3704825404820963,-0.6882375836422284,-0.7254853743958638,0,0,0,0,0,0,0
2023-10-30,maharashtra,363438.0,120262.0,74017.0,71321.0,4693.0,473819.0,2246825.0,1,0,0,0,0,1.0074,-0.8776087166898392,0.4793776594606945,-0.8414120250581577,-0.5403941192199728,0,0,0,0,0,0,0
2023-11-06,maharashtra,427416.0,131990.0,61051.0,61333.0,5028.0,560802.0,2358419.0,0,1,0,0,0,1.0055,-0.8136678304455991,0.5813300798152042,-0.9460191696320084,-0.32411067660409654,0,0,0,0,0,0,0
2023-11-13,maharashtra,360035.0,101923.0,75170.0,74296.0,5751.0,0.0,1900241.0,0,0,0,0,0,0.994,-0.7379428103031386,0.6748632518680403,-0.9960209693076331,-0.08911918255618792,0,0,0,0,0,0,0
2023-11-20,maharashtra,324240.0,98430.0,111579.0,57223.0,4690.0,0.0,1951678.0,0,0,0,0,0,0.9887,-0.6515303615068021,0.75862255966641,-0.9885312610933433,0.15101637606963153,0,0,0,0,0,0,0
2023-11-27,maharashtra,306878.0,104514.0,66432.0,33585.0,5536.0,0.0,1816345.0,0,0,0,0,0,0.9918,-0.5556819724760489,0.8313949395234058,-0.9239823598019431,0.3824350909302552,0,0,0,0,0,0,0
2023-12-04,maharashtra,240027.0,106141.0,73375.0,54730.0,4662.0,0.0,1787948.0,0,0,0,0,0,1.0101,-0.451785789832884,0.8921264484954345,-0.8061001043286311,0.5917792002101544,0,0,0,0,0,0,0
2023-12-11,maharashtra,263212.0,113760.0,61143.0,62255.0,5167.0,0.0,2055181.0,1,0,0,0,0,1.0189,-0.34134651424503615,0.9399375283564133,-0.641688797825113,0.7669651144255266,0,0,0,0,0,0,0
2023-12-18,maharashtra,306066.0,79980.0,79338.0,51932.0,4034.0,0.0,1777687.0,0,0,0,0,0,1.0087,-0.22596360824801906,0.974135744004672,-0.4402384552773285,0.8978808954950716,0,0,0,0,0,0,0
2023-12-25,maharashtra,257137.0,85625.0,72947.0,77045.0,4146.0,0.0,1813909.0,0,0,0,0,0,0.9785,-0.10730813165636247,0.9942258118156161,-0.21337702862092797,0.9769699297608415,0,0,0,0,0,0,0
2024-01-01,maharashtra,310590.0,124615.0,69653.0,49388.0,4210.0,0.0,1970063.0,0,0,0,1,0,1.041,0.017201575418260506,0.9998520419557735,0.03439806061360801,0.9994082116062598,0,0,0,0,0,0,0
2024-01-08,maharashtra,202306.0,108011.0,54592.0,31245.0,4096.0,0.0,1810956.0,0,0,0,0,0,1.0233,0.13718540405660057,0.9905453876091833,0.2717767384711357,0.9623603298276545,0,0,0,0,0,0,0
2024-01-15,maharashtra,202683.0,97047.0,58744.0,35270.0,4610.0,0.0,1749297.0,0,0,0,0,0,1.044,0.2551824131233728,0.9668929289391521,0.49346814167723735,0.8697638720650646,0,0,0,0,0,0,0
2024-01-22,maharashtra,208486.0,95686.0,46730.0,40364.0,3859.0,0.0,1800502.0,0,0,0,0,0,1.0454,0.3694836834473831,0.9292372181882051,0.6866759803451553,0.726963615332308,0,0,0,0,0,0,0
2024-01-29,maharashtra,193068.0,136471.0,42964.0,35049.0,3924.0,0.0,1835154.0,0,0,0,0,0,1.0216,0.4784338202547012,0.8781236129591848,0.8402480696078469,0.5422021592729844,0,0,0,0,0,0,0
2024-02-05,maharashtra,158277.0,99626.0,48110.0,55485.0,3565.0,0.0,1842862.0,0,0,0,0,0,1.045,0.580454927809098,0.8142923779467267,0.945320046913132,0.3261441535642696,0,0,0,0,0,0,0
2024-02-12,maharashtra,244884.0,104482.0,44960.0,51392.0,3588.0,0.0,1838046.0,0,0,0,0,0,1.0526,0.6740694616546161,0.7386679638813748,0.9958270335100595,0.09126072172931188,0,0,0,0,0,0,0
2024-02-19,maharashtra,225243.0,103339.0,67909.0,31690.0,4591.0,0.0,1807964.0,0,0,0,0,0,1.0282,0.7579216274973472,0.6523456189565257,0.9888537064205885,-0.1488903868564548,0,0,0,0,0,0,0
2024-02-26,maharashtra,338750.0,103342.0,62833.0,62701.0,3497.0,0.0,1937515.0,0,0,0,0,0,1.0499,0.8307970168121247,0.5565755266413303,0.9248025743285089,-0.38044736628785164,0,0,0,0,0,0,0
2024-03-04,maharashtra,180883.0,99540.0,62008.0,31405.0,4361.0,0.0,1845934.0,0,0,0,0,0,1.0285,0.8916401947968874,0.45274469960737107,0.8073707443023492,-0.5900444739548627,0,0,0,0,0,0,0
2024-03-11,maharashtra,226153.0,117534.0,45442.0,20920.0,3464.0,0.0,2023661.0,1,0,0,0,0,1.0497,0.9395699859530622,0.342356891994542,0.6433365204044917,-0.765583517007675,0,0,0,0,0,0,0
2024-03-18,maharashtra,225104.0,104958.0,48763.0,69179.0,3124.0,0.0,1903620.0,0,0,0,0,0,1.0435,0.9738922359149924,0.22701082094141847,0.44216815196707204,-0.8969321743510065,0,0,0,0,0,0,0
2024-03-25,maharashtra,250602.0,113442.0,72247.0,50478.0,3464.0,0.0,1924826.0,0,0,0,0,0,1.018,0.9941098647022418,0.10837701279187609,0.21547731504673012,-0.976508846196619,0,0,0,0,0,0,0
2024-04-01,maharashtra,198911.0,85586.0,32006.0,26452.0,4308.0,0.0,1790130.0,0,0,0,0,0,1.0434,0.9999300657962057,-0.011826390691832589,-0.023651127245231586,-0.9997202729664083,0,0,0,0,0,0,0
2024-04-08,maharashtra,198592.0,133412.0,59843.0,33963.0,3555.0,0.0,2033870.0,1,0,0,0,0,1.0545,0.9912685467787256,-0.13185851571739118,-0.2614143985111562,-0.965226663665613,0,0,0,0,0,0,0
2024-04-15,maharashtra,268737.0,127519.0,51450.0,41887.0,3954.0,0.0,1855929.0,0,0,0,0,0,1.0508,0.9682507501166718,-0.2499809690726521,-0.48408852163897587,-0.8750190302029955,0,0,0,0,0,0,0
2024-04-22,maharashtra,193973.0,118856.0,45333.0,30775.0,4711.0,0.0,1910235.0,0,0,0,0,0,1.0372,0.9312100364121947,-0.3644830148102912,-0.6788204829862355,-0.734304263829602,0,0,0,0,0,0,0
2024-04-29,maharashtra,253083.0,127094.0,79543.0,46706.0,3953.0,0.0,1856028.0,0,0,0,0,0,1.0516,0.8806828564301475,-0.47370635037968,-0.8343701235229537,-0.5512045872199277,0,0,0,0,0,0,0
2024-05-06,maharashtra,218373.0,123925.0,51267.0,44873.0,4102.0,0.0,2078958.0,1,0,0,0,0,1.031,0.8174009818249189,-0.5760691233798758,-0.9417589340994617,-0.33628873017668287,0,0,0,0,0,0,0
2024-05-13,maharashtra,192272.0,98081.0,50816.0,30898.0,3672.0,0.0,1859746.0,0,0,0,0,0,1.0287,0.742280907086982,-0.6700888411055113,-0.994788305609327,-0.10196189005174576,0,0,0,0,0,0,0
2024-05-20,maharashtra,185014.0,119320.0,61480.0,33132.0,4172.0,0.0,1807006.0,0,0,0,0,0,1.03,0.6564105761979381,-0.7544038410927472,-0.9903973200352558,0.1382503109109819,0,0,0,0,0,0,0
2024-05-27,maharashtra,210574.0,108169.0,65543.0,27866.0,5368.0,0.0,1869379.0,0,0,0,0,0,1.029,0.5610336262283677,-0.8277930117131022,-0.9288394302558068,0.3704825404820963,0,0,0,0,0,0,0
2024-06-03,maharashtra,274029.0,113760.0,48629.0,34728.0,3591.0,0.0,1965695.0,0,0,0,0,0,1.0588,0.4575313760742512,-0.8891934772070711,-0.8136678304455991,0.5813300798152042,0,0,0,0,0,0,0
2024-06-10,maharashtra,257507.0,101428.0,43952.0,53538.0,4158.0,0.0,1910161.0,0,0,0,0,0,1.0455,0.3474028211842774,-0.9377159910299093,-0.6515303615068021,0.75862255966641,0,0,0,0,0,0,0
2024-06-17,maharashtra,203735.0,127029.0,50698.0,44588.0,3255.0,0.0,1894260.0,0,0,0,0,0,1.0439,0.23224292400907015,-0.9726578145718654,-0.451785789832884,0.8921264484954345,0,0,0,0,0,0,0
2024-06-24,maharashtra,184034.0,112430.0,51227.0,51036.0,3412.0,0.0,1934738.0,0,0,0,0,0,1.0419,0.11371951458594969,-0.9935128947338007,-0.22596360824801906,0.974135744004672,0,0,0,0,0,0,0
2024-07-01,maharashtra,192903.0,131369.0,60074.0,22044.0,3724.0,0.0,1920695.0,0,0,0,0,0,1.0516,-0.00645086419810515,-0.9999791929590823,0.012901459949419653,0.9999167727021953,0,0,0,0,0,0,0
2024-07-08,maharashtra,214641.0,143031.0,47304.0,81373.0,3688.0,0.0,1944576.0,0,0,0,0,0,1.0389,-0.12652781683868314,-0.9919630595773397,0.2510218406258827,0.9679814231320734,0,0,0,0,0,0,0
2024-07-15,maharashtra,179630.0,101639.0,66584.0,41550.0,3362.0,0.0,1999338.0,0,0,0,0,0,1.0522,-0.24477230089725957,-0.9695805901076308,0.47465294389193496,0.8801730414269229,0,0,0,0,0,0,0
2024-07-22,maharashtra,179793.0,119347.0,80398.0,40235.0,4180.0,0.0,1890685.0,0,0,0,0,0,1.0348,-0.3594718130884232,-0.9331559438780432,0.6708865180801582,0.7415600311898435,0,0,0,0,0,0,0
2024-07-29,maharashtra,178985.0,120092.0,64625.0,66870.0,4196.0,448674.0,1901052.0,0,0,0,0,0,1.0485,-0.46896519100763184,-0.8832166493127127,0.8283957292921138,0.5601432992463508,0,0,0,0,0,0,0
2024-08-05,maharashtra,243878.0,115079.0,72287.0,38479.0,3918.0,504043.0,2031456.0,0,0,0,0,0,1.0362,-0.5716666713027052,-0.8204859638785327,0.9380889596420647,0.3463944338433696,0,0,0,0,0,0,0
2024-08-12,maharashtra,295174.0,118275.0,47795.0,45459.0,3867.0,466106.0,2217029.0,1,0,0,0,0,1.0318,-0.666088855860977,-0.7458723993404063,0.993634586189866,0.11265127219562909,0,0,0,0,0,0,0
2024-08-19,maharashtra,269038.0,124073.0,49145.0,35198.0,3436.0,443985.0,1975967.0,0,0,0,0,0,1.0382,-0.7508642533989489,-0.6604565640279754,0.9918264497026016,-0.12759425406472188,0,0,0,0,0,0,0
2024-08-26,maharashtra,236208.0,122568.0,68312.0,58320.0,4727.0,455552.0,2208492.0,1,0,0,0,0,1.0567,-0.8247650844733614,-0.5654755126737576,0.9327689179559782,-0.3604748891327019,0,0,0,0,0,0,0
2024-09-02,maharashtra,376583.0,128495.0,78666.0,54780.0,5434.0,518738.0,2271831.0,0,0,0,0,1,1.0317,-0.886721063082993,-0.46230483047981086,0.8198708615029215,-0.5725484874300667,0,0,0,0,0,0,0
2024-09-09,maharashtra,300024.0,94368.0,77456.0,86668.0,4509.0,0.0,2034510.0,0,0,0,0,0,1.0342,-0.9358348973349941,-0.35243871088460327,0.6596488896351408,-0.7515739101399981,0,0,0,0,0,0,0
2024-09-16,maharashtra,283629.0,130749.0,80157.0,135278.0,5929.0,0.0,1967546.0,0,0,0,0,0,1.0361,-0.97139528468375,-0.23746831555846842,0.461351203990578,-0.8872175982116474,0,0,0,0,0,0,0
2024-09-23,maharashtra,384674.0,165651.0,101775.0,58343.0,5749.0,506418.0,2498205.0,1,0,1,0,0,1.0411,-0.9928872135356962,-0.11905873003404988,0.23642378142121298,-0.9716500376053585,0,0,0,0,0,0,0
2024-09-30,maharashtra,348170.0,122174.0,93140.0,136107.0,5284.0,437271.0,1964238.0,0,0,0,0,0,1.0384,-0.9999994220246925,0.001075151282798226,-0.0021503013227746654,-0.9999976880994382,0,0,0,0,0,0,0
2024-10-07,maharashtra,364889.0,112489.0,82067.0,82414.0,6262.0,522531.0,1995306.0,0,0,0,0,0,1.0384,-0.9926289059345095,0.121193461470736,-0.2406002661322256,-0.9706242897934825,0,0,0,0,0,0,0
2024-10-14,maharashtra,321836.0,117695.0,84044.0,69633.0,5086.0,617031.0,2078096.0,0,0,0,0,0,1.054,-0.9708824104813836,0.23955655912092708,-0.46516249913190355,-0.8852253099642835,0,0,0,0,0,0,0
2024-10-21,maharashtra,360145.0,94121.0,71156.0,90887.0,6092.0,531141.0,2210944.0,1,0,0,0,0,1.0445,-0.9350748843515574,0.3544502230989869,-0.6628750027453377,-0.7487300786901568,0,0,0,0,0,0,0
2024-10-28,maharashtra,432921.0,167491.0,68376.0,67311.0,5069.0,525153.0,2468610.0,0,1,0,0,0,1.0501,-0.8857249183835637,0.4642104791518923,-0.8223255775192096,-0.5690172620911411,0,0,0,0,0,0,0
2024-11-04,maharashtra,313179.0,94902.0,99306.0,102184.0,5231.0,0.0,2046480.0,0,0,0,0,0,1.0356,-0.8235472349556007,0.5672476988027229,-0.9343105477678196,-0.3564600964060307,0,0,0,0,0,0,0
2024-11-11,maharashtra,306199.0,131952.0,66988.0,35235.0,4596.0,0.0,2242490.0,1,0,0,0,0,1.0398,-0.7494423368521953,0.6620696215153815,-0.9923660086146721,-0.12332763253295889,0,0,0,0,0,0,0
2024-11-18,maharashtra,373308.0,118220.0,87955.0,99440.0,4493.0,0.0,1889429.0,0,0,0,0,0,1.0356,-0.6644834655228552,0.7473029667054297,-0.9931409302238695,0.11692344809347308,0,0,0,0,0,0,0
2024-11-25,maharashtra,235540.0,111542.0,68849.0,51912.0,4583.0,0.0,1977797.0,0,0,0,0,0,1.0264,-0.5699010576127624,0.821713322596059,-0.936590583203982,0.3504255690637097,0,0,0,0,0,0,0
2024-12-02,maharashtra,245098.0,122823.0,58774.0,56153.0,4564.0,0.0,1893398.0,0,0,0,0,0,1.0338,-0.46706492487743034,0.8842230238742036,-0.8259791204413983,0.5637007118984807,0,0,0,0,0,0,0
2024-12-09,maharashtra,238519.0,97922.0,74449.0,47973.0,4316.0,0.0,1790956.0,0,0,0,0,0,1.0348,-0.3574644155648614,0.9339267592294762,-0.6676911663366994,0.7444383832097442,0,0,0,0,0,0,0
2024-12-16,maharashtra,200033.0,91091.0,70146.0,60614.0,5072.0,0.0,1979797.0,0,0,0,0,0,1.0183,-0.2426868445825954,0.9701046827361175,-0.4708632887360563,0.8822061909330864,0,0,0,0,0,0,0
2024-12-23,maharashtra,256056.0,110029.0,92029.0,60677.0,4585.0,0.0,1823839.0,0,0,0,0,0,1.03,-0.12439450483979998,0.9922328391893008,-0.2468566254334839,0.9690520143313219,0,0,0,0,0,0,0
2024-12-30,maharashtra,271401.0,106601.0,113350.0,26841.0,4800.0,0.0,2135184.0,0,0,0,1,0,1.0461,-0.004300592702981974,0.9999907524084426,-0.008601105865714402,0.9999630098048061,0,0,0,0,0,0,0
2025-01-06,maharashtra,313868.0,105920.0,55945.0,95851.0,4781.0,0.0,1998820.0,0,0,0,0,0,1.0739,0.10303137904317879,0.9946781061893646,0.20496611396949532,0.9787690698649216,0,0,0,0,0,0,0
2025-01-13,maharashtra,234803.0,112645.0,97842.0,90670.0,4565.0,0.0,2051629.0,0,0,0,0,0,1.0854,0.22177215755648186,0.975098513039961,0.4324994021339788,0.901634220265486,0,0,0,0,0,0,0
2025-01-20,maharashtra,265783.0,113464.0,72999.0,48051.0,4359.0,0.0,2052175.0,0,0,0,0,0,1.0707,0.3373010691361842,0.9413968285264122,0.6350683134867438,0.7724559775191742,0,0,0,0,0,0,0
2025-01-27,maharashtra,207555.0,120349.0,60101.0,73959.0,3471.0,0.0,1967086.0,0,0,0,0,0,1.0884,0.44794493940789115,0.8940611451454876,0.8009803309782905,0.5986906625177214,0,0,0,0,0,0,0
2025-02-03,maharashtra,240680.0,116996.0,70132.0,28611.0,3785.0,0.0,1975889.0,0,0,0,0,0,1.0755,0.5521013427459208,0.8337770129585915,0.9206588168102428,0.3903682146763026,0,0,0,0,0,0,0
2025-02-10,maharashtra,304222.0,125847.0,79790.0,61294.0,3256.0,0.0,2073975.0,0,0,0,0,0,1.0757,0.6482618097757122,0.7614175109532997,0.9871957872910085,0.15951325197263655,0,0,0,0,0,0,0
2025-02-17,maharashtra,280567.0,111624.0,73748.0,51606.0,4261.0,0.0,1959215.0,0,0,0,0,0,1.0719,0.7350336741329412,0.6780306024735382,0.9967506498213929,-0.08054900421874167,0,0,0,0,0,0,0
2025-02-24,maharashtra,261889.0,104810.0,60141.0,69409.0,3470.0,0.0,2010628.0,0,0,0,0,0,1.0611,0.8111602420785621,0.5848239578463322,0.9487718864399473,-0.31596187665790293,0,0,0,0,0,0,0
2025-03-03,maharashtra,205539.0,132971.0,59335.0,58504.0,3585.0,0.0,1994802.0,0,0,0,0,0,1.0902,0.8755389928586302,0.4831474640149687,0.8460288880917339,-0.533137056031809,0,0,0,0,0,0,0
2025-03-10,maharashtra,239693.0,156655.0,42327.0,84701.0,4460.0,0.0,2054490.0,0,0,0,0,0,1.0842,0.9272375462179537,0.374473674486883,0.6944521021088763,-0.719538934232584,0,0,0,0,0,0,0
2025-03-17,maharashtra,232923.0,155708.0,90881.0,104989.0,4238.0,0.0,2012859.0,0,0,0,0,0,1.0789,0.9655071658143364,0.2603764827344581,0.5027907197793043,-0.8644081744776648,0,0,0,0,0,0,0
2025-03-24,maharashtra,190848.0,161350.0,101999.0,51372.0,3697.0,0.0,2164453.0,1,0,0,0,0,1.0705,0.9897936029670716,0.14250832791617088,0.2821076626819194,-0.9593827529490743,0,0,0,0,0,0,0
2025-03-31,maharashtra,246474.0,142836.0,39774.0,42152.0,4393.0,0.0,1922287.0,0,0,0,0,0,1.0851,0.9997451236925734,0.022576263041545485,0.04514101777397193,-0.9989806246941579,0,0,0,0,0,0,0
2025-04-07,maharashtra,181678.0,110297.0,59682.0,36943.0,4527.0,0.0,1936262.0,0,0,0,0,0,1.0753,0.9952176027737294,-0.09768276782171598,-0.19443122004766195,-0.9809161537413774,0,0,0,0,0,0,0
2025-04-14,maharashtra,234551.0,135668.0,49435.0,43328.0,4746.0,0.0,1986741.0,0,0,0,0,0,1.0853,0.9762766110869321,-0.21652708524481437,-0.4227806579826773,-0.9062320427107697,0,0,0,0,0,0,0
2025-04-21,maharashtra,257390.0,138318.0,75592.0,51623.0,4223.0,0.0,2244225.0,1,0,0,0,0,1.085,0.9431964659565866,-0.33223549871590435,-0.6267266965083301,-0.7792391467859886,0,0,0,0,0,0,0
2025-04-28,maharashtra,304502.0,127859.0,47085.0,66107.0,4335.0,0.0,2112791.0,0,0,0,0,0,1.0621,0.8964562582905575,-0.44313223418263453,-0.7944973291665992,-0.6072676460566135,0,0,0,0,0,0,0
2025-05-05,maharashtra,319722.0,132574.0,53757.0,94040.0,3974.0,0.0,2092790.0,0,0,0,0,0,1.0808,0.8367329140344921,-0.5476112038402312,-0.9164086366943458,-0.4002439388573056,0,0,0,0,0,0,0
2025-05-12,maharashtra,233800.0,138576.0,58526.0,50265.0,4711.0,0.0,2055605.0,0,0,0,0,0,1.0906,0.7648913904341226,-0.6441592666722685,-0.9854237542919524,-0.17011767832049052,0,0,0,0,0,0,0
2025-05-19,maharashtra,251649.0,145260.0,61905.0,66178.0,4264.0,0.0,2049387.0,0,0,0,0,0,1.0752,0.6819721490904629,-0.7313781428679254,-0.9975590477788613,0.06982797572987089,0,0,0,0,0,0,0
2025-05-26,maharashtra,306331.0,126962.0,61928.0,52326.0,4325.0,0.0,2203109.0,0,0,0,0,0,1.078,0.5891760872322963,-0.8080046647350754,-0.9521140536681102,0.3057430764672831,0,0,0,0,0,0,0
2025-06-02,maharashtra,252235.0,150847.0,89937.0,51428.0,3420.0,0.0,2133772.0,0,0,0,0,0,1.0703,0.4878471454423119,-0.8729290708206411,-0.8517119107469189,0.5240103253675756,0,0,0,0,0,0,0
2025-06-09,maharashtra,269443.0,130302.0,73854.0,89794.0,3756.0,0.0,2125507.0,0,0,0,0,0,1.0935,0.37945284372454435,-0.925211078289358,-0.7021479494046978,0.7120310787787131,0,0,0,0,0,0,0
2025-06-16,maharashtra,176471.0,112804.0,71230.0,57868.0,4811.0,0.0,2149667.0,0,0,0,0,0,1.0721,0.26556302780405594,-0.9640935007889755,-0.5120551783114646,0.8589525565270845,0,0,0,0,0,0,0
2025-06-23,maharashtra,251176.0,128657.0,72535.0,21224.0,4237.0,0.0,2034157.0,0,0,0,0,0,1.0742,0.14782713347053048,-0.9890132145779883,-0.29240597695107734,0.9562942772197719,0,0,0,0,0,0,0
2025-06-30,maharashtra,171550.0,144823.0,86827.0,40890.0,4293.0,0.0,2016871.0,0,0,0,0,0,1.0749,0.02795029824021032,-0.999609314096404,-0.05587875690537313,0.9984375616565666,0,0,0,0,0,0,0
2025-07-07,maharashtra,273393.0,141914.0,85322.0,58245.0,3998.0,0.0,2007959.0,0,0,0,0,0,1.0862,-0.09233133369539122,-0.9957283388645872,0.18387385105132759,0.9829498496360606,0,0,0,0,0,0,0
2025-07-14,maharashtra,267967.0,118016.0,65664.0,75304.0,4064.0,0.0,2163502.0,0,0,0,0,0,1.0726,-0.2112757555821793,-0.9774264960104055,0.4130130429412807,0.9107251102063585,0,0,0,0,0,0,0
2025-07-21,maharashtra,264233.0,139513.0,78976.0,65004.0,4818.0,409421.0,2343331.0,1,0,0,0,0,1.0821,-0.3271603271220951,-0.9449688462364056,0.6183126337097825,0.7859322407147274,0,0,0,0,0,0,0
2025-07-28,maharashtra,246281.0,147377.0,65004.0,63208.0,4641.0,455838.0,2200570.0,0,0,0,0,0,1.0692,-0.4383067230125192,-0.898825465016444,0.7879224882631226,0.6157744331240536,0,0,0,0,0,0,0
2025-08-04,maharashtra,327894.0,139293.0,58963.0,53410.0,3731.0,440260.0,2254634.0,0,0,0,0,0,1.0875,-0.5431052396834317,-0.8396646346181327,0.912052525275964,0.41007339725680436,0,0,0,0,0,0,0
2025-08-11,maharashtra,304971.0,156442.0,88329.0,71058.0,4613.0,499947.0,2413285.0,1,0,0,0,0,1.0849,-0.6400381082043503,-0.7683431655492202,0.9835378122597296,0.18070244009239297,0,0,0,0,0,0,0
2025-08-18,maharashtra,336536.0,137192.0,86305.0,68817.0,5393.0,483291.0,2368023.0,1,0,0,0,0,1.0802,-0.7277014757264236,-0.6858939875998223,0.9982521339365441,-0.0590988755488295,0,0,0,0,0,0,0
2025-08-25,maharashtra,375891.0,134332.0,75689.0,51781.0,5302.0,533553.0,2491688.0,0,0,0,0,1,1.0924,-0.8048257371083452,-0.593511190196115,0.9553461622632788,-0.29548893422398215,0,0,0,0,0,0,0
2025-09-01,maharashtra,409039.0,134918.0,76596.0,112461.0,4948.0,0.0,2313977.0,0,0,0,0,0,1.0867,-0.8702939222685674,-0.49253272872205434,0.8572964806503138,-0.5148230222752145,0,0,0,0,0,0,0
2025-09-08,maharashtra,393353.0,98500.0,99122.0,135421.0,5173.0,0.0,2241478.0,0,0,0,0,0,1.0873,-0.9231578729647039,-0.38442104726885545,0.709762632639161,-0.7044409168334328,0,0,0,0,0,0,0
2025-09-15,maharashtra,438470.0,120599.0,138832.0,86491.0,5350.0,691791.0,2320845.0,0,0,0,0,0,1.0861,-0.9626519747161487,-0.2707418984477642,0.5212604463582784,-0.8533976488498011,0,0,0,0,0,0,0
2025-09-22,maharashtra,464546.0,192335.0,111397.0,103363.0,7062.0,621798.0,2549016.0,0,0,1,0,0,1.0892,-0.9882042449941422,-0.15314166701312007,0.30267049085568926,-0.9530952596488853,0,0,0,0,0,0,0
2025-09-29,maharashtra,467267.0,114841.0,113799.0,170068.0,6345.0,708138.0,2309667.0,0,0,0,0,0,1.0875,-0.9994446170919858,-0.033323525711631344,0.06661003679003268,-0.9977790852682925,0,0,0,0,0,0,0
2025-10-06,maharashtra,529596.0,124396.0,81620.0,79697.0,5611.0,675235.0,2255849.0,0,0,0,0,0,1.0838,-0.9962102997023297,0.0869772313136861,-0.17329522734857217,-0.9848699224660111,0,0,0,0,0,0,0
2025-10-13,maharashtra,467410.0,137907.0,120391.0,111879.0,5159.0,588817.0,2496908.0,1,0,0,0,0,1.0748,-0.9785481345802031,0.20601832032517084,-0.40319768608708534,-0.9151129033807907,0,0,0,0,0,0,0
2025-10-20,maharashtra,450067.0,173404.0,141793.0,181713.0,6089.0,624261.0,2688661.0,0,1,0,0,0,1.0859,-0.9467139181463862,0.3220757010206104,-0.6098270977059321,-0.7925344856241648,0,0,0,0,0,0,0
2025-10-27,maharashtra,363956.0,103966.0,102051.0,114080.0,7222.0,0.0,2252890.0,0,0,0,0,0,1.0676,-0.9011686968561569,0.4334685453485363,-0.7812565682797488,-0.6242100403868479,0,0,0,0,0,0,0
2025-11-03,maharashtra,401693.0,164753.0,131569.0,106198.0,6224.0,0.0,2478895.0,1,0,0,0,0,1.0516,-0.8425720899866032,0.5385835804920232,-0.9075909860952637,-0.4198554536487849,0,0,0,0,0,0,0
2025-11-10,maharashtra,303387.0,112611.0,80881.0,90524.0,4777.0,0.0,2133502.0,0,0,0,0,0,1.0862,-0.7717727365467837,0.6358984534680745,-0.9815381791978468,-0.19126631375382222,0,0,0,0,0,0,0
2025-11-17,maharashtra,310933.0,123670.0,78544.0,55475.0,4989.0,0.0,2113113.0,0,0,0,0,0,1.0755,-0.6897960046655887,0.7240037789593305,-0.9988298281778684,0.04836294389478229,0,0,0,0,0,0,0
2025-11-24,maharashtra,349691.0,119256.0,92965.0,111765.0,4871.0,0.0,2108652.0,0,0,0,0,0,1.0827,-0.5978291414589552,0.801623551065242,-0.9584678386132249,0.28520063524489725,0,0,0,0,0,0,0
2025-12-01,maharashtra,327055.0,124444.0,71372.0,136882.0,4796.0,0.0,2254172.0,1,0,0,0,0,1.0704,-0.4972040784469378,0.8676336233547726,-0.8627819522593745,0.5055762087514626,0,0,0,0,0,0,0
2025-12-08,maharashtra,283585.0,131897.0,76400.0,89491.0,4540.0,0.0,2017324.0,0,0,0,0,0,1.0801,-0.3893781415452015,0.9210779895789526,-0.717295271600886,0.6967693257736101,0,0,0,0,0,0,0
2025-12-15,maharashtra,248475.0,115781.0,70732.0,77441.0,5045.0,0.0,2098919.0,0,0,0,0,0,1.0905,-0.27591294500296043,0.9611826292540837,-0.5304054598463659,0.8477440935595867,0,0,0,0,0,0,0
2025-12-22,maharashtra,411110.0,117879.0,110383.0,102219.0,4651.0,0.0,2018878.0,0,0,0,0,0,1.0933,-0.15845177496083632,0.9873667175937016,-0.3129000178799537,0.949786070023521,0,0,0,0,0,0,0
2023-01-02,delhi_ncr,145487.0,68428.0,27227.0,41656.0,9533.0,0.0,1416854.0,1,0,0,0,0,1.0027,0.03439806061360801,0.9994082116062598,0.06875540848113941,0.9976335468520451,0,0,0,0,0,0,0
2023-01-09,delhi_ncr,119683.0,58916.0,29416.0,44795.0,8293.0,0.0,1307454.0,0,0,0,0,0,1.0027,0.1542040475626894,0.988039023376751,0.3047192331091634,0.9524422234305676,0,0,0,0,0,0,0
2023-01-16,delhi_ncr,123575.0,55550.0,28651.0,51961.0,6642.0,0.0,1393955.0,0,0,0,0,0,1.0075,0.2717767384711357,0.9623603298276545,0.5230943033491326,0.8522748088519838,0,0,0,0,0,0,0
2023-01-23,delhi_ncr,111479.0,60120.0,34137.0,57758.0,8170.0,0.0,1286151.0,0,0,0,0,0,0.9856,0.38541335945432564,0.9227440286201427,0.7112757519738152,0.7029130847082615,0,0,0,0,0,0,0
2023-01-30,delhi_ncr,99170.0,49961.0,28992.0,46277.0,6982.0,0.0,1277061.0,0,0,0,0,0,1.0002,0.49346814167723735,0.8697638720650646,0.8584015232918917,0.512978386299228,0,0,0,0,0,0,0
2023-02-06,delhi_ncr,132073.0,68039.0,23667.0,42356.0,7659.0,0.0,1470618.0,1,0,0,0,0,1.001,0.5943761565849831,0.804187157621448,0.9559793438440766,0.2934339689665273,0,0,0,0,0,0,0
2023-02-13,delhi_ncr,101302.0,58821.0,31814.0,37065.0,7082.0,0.0,1333703.0,0,0,0,0,0,0.9894,0.6866759803451553,0.726963615332308,0.998376906467142,0.056952196034039754,0,0,0,0,0,0,0
2023-02-20,delhi_ncr,109152.0,45299.0,25644.0,26341.0,7377.0,0.0,1405977.0,0,0,0,0,0,0.984,0.7690308592589181,0.6392116531380588,0.9831469737221499,-0.1828169249850199,0,0,0,0,0,0,0
2023-02-27,delhi_ncr,114467.0,69435.0,29983.0,40923.0,7754.0,0.0,1309954.0,0,0,0,0,0,1.0099,0.8402480696078469,0.5422021592729844,0.9111686353326631,-0.41203363695942635,0,0,0,0,0,0,0
2023-03-06,delhi_ncr,107668.0,67177.0,29075.0,39363.0,9342.0,0.0,1341205.0,0,0,0,0,0,0.9952,0.8992961915530253,0.4373400963303323,0.7865965660866021,-0.6174672802835514,0,0,0,0,0,0,0
2023-03-13,delhi_ncr,101576.0,59463.0,24474.0,74013.0,7941.0,0.0,1391997.0,0,0,0,0,0,0.9993,0.945320046913132,0.3261441535642696,0.6166212130956382,-0.7872599821916922,0,0,0,0,0,0,0
2023-03-20,delhi_ncr,126855.0,59558.0,43996.0,77779.0,8723.0,0.0,1373522.0,0,0,0,0,0,0.9962,0.9776530844816641,0.2102247521189836,0.4110537546870351,-0.9116111071930239,0,0,0,0,0,0,0
2023-03-27,delhi_ncr,126584.0,63367.0,23266.0,50697.0,7641.0,0.0,1384658.0,0,0,0,0,0,1.0,0.9958270335100595,0.09126072172931188,0.18175978759137534,-0.9833429613388902,0,0,0,0,0,0,0
2023-04-03,delhi_ncr,140611.0,61680.0,18202.0,57684.0,7039.0,0.0,1370588.0,0,0,0,0,0,0.9893,0.9995786855478958,-0.029025013321975237,-0.05802556932878035,-0.9983150972033183,0,0,0,0,0,0,0
2023-04-10,delhi_ncr,121104.0,50470.0,36850.0,38848.0,6548.0,0.0,1398257.0,0,0,0,0,0,0.9979,0.9888537064205885,-0.1488903868564548,-0.2944616217868012,-0.9556633054034704,0,0,0,0,0,0,0
2023-04-17,delhi_ncr,135559.0,54425.0,27333.0,40285.0,7062.0,0.0,1412971.0,0,0,0,0,0,1.0113,0.9638074231367307,-0.26659942067929354,-0.5139010013093103,-0.8578494977869301,0,0,0,0,0,0,0
2023-04-24,delhi_ncr,164861.0,63876.0,38255.0,104531.0,7362.0,0.0,1401898.0,0,0,0,0,0,1.0114,0.9248025743285089,-0.38044736628785164,-0.7036774074790128,-0.7105196029692745,0,0,0,0,0,0,0
2023-05-01,delhi_ncr,113449.0,54905.0,24743.0,63272.0,6556.0,0.0,1432441.0,0,0,0,0,0,0.9874,0.8724040568049612,-0.48878539428899265,-0.8528367217694595,-0.522177676659508,0,0,0,0,0,0,0
2023-05-08,delhi_ncr,147282.0,57945.0,23010.0,56263.0,7720.0,0.0,1381904.0,0,0,0,0,0,1.0015,0.8073707443023492,-0.5900444739548627,-0.9527692922168511,-0.30369503751065885,0,0,0,0,0,0,0
2023-05-15,delhi_ncr,114134.0,67589.0,25602.0,81389.0,7853.0,0.0,1436299.0,0,0,0,0,0,1.0051,0.7306444969184916,-0.6827580970759147,-0.9977068927101168,-0.06768276175455162,0,0,0,0,0,0,0
2023-05-22,delhi_ncr,120191.0,75415.0,32025.0,35301.0,6419.0,0.0,1423896.0,0,0,0,0,0,0.9984,0.6433365204044917,-0.765583517007675,-0.9850556718215013,0.172236243027682,0,0,0,0,0,0,0
2023-05-29,delhi_ncr,135138.0,71645.0,46105.0,55388.0,8364.0,0.0,1379305.0,0,0,0,0,0,1.0015,0.5467112728685939,-0.8373211953118121,-0.9155458729775467,0.40221356823680365,0,0,0,0,0,0,0
2023-06-05,delhi_ncr,106977.0,64825.0,29948.0,36802.0,7508.0,0.0,1537782.0,0,0,0,0,0,0.9951,0.44216815196707204,-0.8969321743510065,-0.7931896839451843,0.6089746507720486,0,0,0,0,0,0,0
2023-06-12,delhi_ncr,121294.0,58221.0,27585.0,52814.0,7281.0,0.0,1448940.0,0,0,0,0,0,1.0005,0.3312212278016865,-0.9435531242349544,-0.6250496486104377,0.7805849965070866,0,0,0,0,0,0,0
2023-06-19,delhi_ncr,107138.0,65811.0,28124.0,72959.0,7016.0,0.0,1623420.0,1,0,0,0,0,1.0107,0.21547731504673012,-0.976508846196619,-0.42083100859565564,0.9071390534005044,0,0,0,0,0,0,0
2023-06-26,delhi_ncr,129615.0,78040.0,28466.0,83463.0,6995.0,0.0,1560333.0,0,0,0,0,0,0.9936,0.0966127018812031,-0.9953220513156602,-0.19232150523909483,0.9813319716704275,0,0,0,0,0,0,0
2023-07-03,delhi_ncr,119699.0,70643.0,30748.0,48285.0,9634.0,0.0,1337658.0,0,0,0,0,0,1.0041,-0.023651127245231586,-0.9997202729664083,0.04728902277113235,0.9988812483600598,0,0,0,0,0,0,0
2023-07-10,delhi_ncr,141343.0,63164.0,27637.0,81607.0,7029.0,0.0,1382879.0,0,0,0,0,0,0.9977,-0.1435724234118113,-0.9896398128792412,0.2841699724797683,0.9587739184713191,0,0,0,0,0,0,0
2023-07-17,delhi_ncr,107110.0,64157.0,28790.0,58884.0,8051.0,0.0,1437575.0,0,0,0,0,0,1.0002,-0.2614143985111562,-0.965226663665613,0.5046482954181526,0.8633250245021008,0,0,0,0,0,0,0
2023-07-24,delhi_ncr,120306.0,63643.0,35589.0,43350.0,6767.0,0.0,1448946.0,0,0,0,0,0,0.9711,-0.3754703786876202,-0.9268343944460494,0.6959977221267386,0.7180439894563502,0,0,0,0,0,0,0
2023-07-31,delhi_ncr,133205.0,73101.0,36694.0,52916.0,8033.0,0.0,1417467.0,0,0,0,0,0,1.0149,-0.48408852163897587,-0.8750190302029955,0.847173337473877,0.5313166064347815,0,0,0,0,0,0,0
2023-08-07,delhi_ncr,129848.0,62601.0,32664.0,66120.0,7582.0,0.0,1443352.0,0,0,0,0,0,0.9961,-0.5856957398073508,-0.8105309990194823,0.9494491062150135,0.31392100074304014,0,0,0,0,0,0,0
2023-08-14,delhi_ncr,139641.0,76779.0,31509.0,68283.0,6862.0,0.0,1485995.0,0,0,0,0,0,0.9991,-0.6788204829862355,-0.734304263829602,0.9969215500633253,0.07840550375666766,0,0,0,0,0,0,0
2023-08-21,delhi_ncr,119539.0,63864.0,37249.0,63249.0,6202.0,0.0,1440959.0,0,0,0,0,0,1.0107,-0.7621140503891487,-0.6474427960827475,0.9868505034357966,-0.16163565160110782,0,0,0,0,0,0,0
2023-08-28,delhi_ncr,121747.0,65259.0,31526.0,65280.0,7422.0,0.0,1355545.0,0,0,0,0,0,1.0121,-0.8343701235229537,-0.5512045872199277,0.9198172790502196,-0.3923470060554182,0,0,0,0,0,0,0
2023-09-04,delhi_ncr,131639.0,52650.0,43146.0,40064.0,8345.0,0.0,1333531.0,0,0,0,0,0,0.9944,-0.8945422369764496,-0.4469834295196741,0.7996911138678691,-0.600411627469661,0,0,0,0,0,0,0
2023-09-11,delhi_ncr,104549.0,63602.0,33512.0,33779.0,6898.0,0.0,1546060.0,1,0,0,0,0,1.0112,-0.9417589340994617,-0.33628873017668287,0.6334058321617086,-0.7738197799123084,0,0,0,0,0,0,0
2023-09-18,delhi_ncr,150978.0,61253.0,33771.0,40284.0,8230.0,0.0,1225416.0,0,0,0,0,0,0.9963,-0.9753363880767837,-0.2207236509605022,0.4305596169818739,-0.9025621398133328,0,0,0,0,0,0,0
2023-09-25,delhi_ncr,149334.0,64800.0,43291.0,99082.0,10642.0,0.0,1363600.0,0,0,0,0,0,1.0131,-0.994788305609327,-0.10196189005174576,0.2028609916826013,-0.9792075459541514,0,0,0,0,0,0,0
2023-10-02,delhi_ncr,159540.0,87316.0,31457.0,94872.0,10690.0,249639.0,1698571.0,0,0,1,0,0,0.9888,-0.999832969770105,0.018276557681691223,-0.03654700988811993,-0.9993319348786156,0,0,0,0,0,0,0
2023-10-09,delhi_ncr,332502.0,70504.0,27181.0,129740.0,11460.0,271830.0,1560843.0,0,0,0,0,0,1.0063,-0.9903973200352558,0.1382503109109819,-0.2738454748405547,-0.9617737030660337,0,0,0,0,0,0,0
2023-10-16,delhi_ncr,270519.0,59080.0,56731.0,115234.0,10681.0,223422.0,1571032.0,0,0,0,0,0,1.0151,-0.9666180104000972,0.2562218218071163,-0.49533725523256594,-0.8687007560596847,0,0,0,0,0,0,0
2023-10-23,delhi_ncr,234251.0,60314.0,38568.0,87632.0,9880.0,225738.0,1548371.0,0,0,0,0,0,0.9985,-0.9288394302558068,0.3704825404820963,-0.6882375836422284,-0.7254853743958638,0,0,0,0,0,0,0
2023-10-30,delhi_ncr,234249.0,64100.0,59993.0,146735.0,9980.0,226702.0,1533647.0,0,0,0,0,0,1.0001,-0.8776087166898392,0.4793776594606945,-0.8414120250581577,-0.5403941192199728,0,0,0,0,0,0,0
2023-11-06,delhi_ncr,276010.0,80609.0,51806.0,116569.0,12553.0,323507.0,2029814.0,0,1,0,0,0,0.9913,-0.8136678304455991,0.5813300798152042,-0.9460191696320084,-0.32411067660409654,0,0,0,0,0,0,0
2023-11-13,delhi_ncr,195055.0,56046.0,65342.0,77842.0,11834.0,0.0,1626603.0,0,0,0,0,0,0.9858,-0.7379428103031386,0.6748632518680403,-0.9960209693076331,-0.08911918255618792,0,0,0,0,0,0,0
2023-11-20,delhi_ncr,184034.0,74359.0,67103.0,179310.0,10252.0,0.0,1558836.0,0,0,0,0,0,1.0112,-0.6515303615068021,0.75862255966641,-0.9885312610933433,0.15101637606963153,0,0,0,0,0,0,0
2023-11-27,delhi_ncr,164731.0,59889.0,74370.0,102100.0,11902.0,0.0,1523028.0,0,0,0,0,0,0.999,-0.5556819724760489,0.8313949395234058,-0.9239823598019431,0.3824350909302552,0,0,0,0,0,0,0
2023-12-04,delhi_ncr,174330.0,58174.0,45460.0,94001.0,10540.0,0.0,1615028.0,1,0,0,0,0,0.9939,-0.451785789832884,0.8921264484954345,-0.8061001043286311,0.5917792002101544,0,0,0,0,0,0,0
2023-12-11,delhi_ncr,147351.0,68074.0,48643.0,60612.0,9660.0,0.0,1456603.0,0,0,0,0,0,0.9985,-0.34134651424503615,0.9399375283564133,-0.641688797825113,0.7669651144255266,0,0,0,0,0,0,0
2023-12-18,delhi_ncr,167024.0,67569.0,47253.0,101762.0,8992.0,0.0,1434110.0,0,0,0,0,0,0.9956,-0.22596360824801906,0.974135744004672,-0.4402384552773285,0.8978808954950716,0,0,0,0,0,0,0
2023-12-25,delhi_ncr,155108.0,77028.0,54859.0,66271.0,9485.0,0.0,1530405.0,0,0,0,0,0,1.0112,-0.10730813165636247,0.9942258118156161,-0.21337702862092797,0.9769699297608415,0,0,0,0,0,0,0
2024-01-01,delhi_ncr,150442.0,72771.0,60477.0,55273.0,6958.0,0.0,1704837.0,1,0,0,1,0,1.0305,0.017201575418260506,0.9998520419557735,0.03439806061360801,0.9994082116062598,0,0,0,0,0,0,0
2024-01-08,delhi_ncr,122800.0,61539.0,35858.0,73210.0,8381.0,0.0,1426967.0,0,0,0,0,0,1.0542,0.13718540405660057,0.9905453876091833,0.2717767384711357,0.9623603298276545,0,0,0,0,0,0,0
2024-01-15,delhi_ncr,179995.0,66641.0,38092.0,61521.0,7726.0,0.0,1510597.0,0,0,0,0,0,1.0371,0.2551824131233728,0.9668929289391521,0.49346814167723735,0.8697638720650646,0,0,0,0,0,0,0
2024-01-22,delhi_ncr,138506.0,70769.0,33177.0,80090.0,9390.0,0.0,1562107.0,1,0,0,0,0,1.0595,0.3694836834473831,0.9292372181882051,0.6866759803451553,0.726963615332308,0,0,0,0,0,0,0
2024-01-29,delhi_ncr,157362.0,80454.0,30476.0,83704.0,8604.0,0.0,1526038.0,0,0,0,0,0,1.0349,0.4784338202547012,0.8781236129591848,0.8402480696078469,0.5422021592729844,0,0,0,0,0,0,0
2024-02-05,delhi_ncr,131663.0,73227.0,33673.0,54680.0,8025.0,0.0,1684769.0,1,0,0,0,0,1.0484,0.580454927809098,0.8142923779467267,0.945320046913132,0.3261441535642696,0,0,0,0,0,0,0
2024-02-12,delhi_ncr,169386.0,77042.0,30840.0,38754.0,7547.0,0.0,1431523.0,0,0,0,0,0,1.0536,0.6740694616546161,0.7386679638813748,0.9958270335100595,0.09126072172931188,0,0,0,0,0,0,0
2024-02-19,delhi_ncr,126883.0,59661.0,25886.0,90963.0,9170.0,0.0,1441317.0,0,0,0,0,0,1.0271,0.7579216274973472,0.6523456189565257,0.9888537064205885,-0.1488903868564548,0,0,0,0,0,0,0
2024-02-26,delhi_ncr,136834.0,84775.0,35872.0,95805.0,7012.0,0.0,1655903.0,1,0,0,0,0,1.0373,0.8307970168121247,0.5565755266413303,0.9248025743285089,-0.38044736628785164,0,0,0,0,0,0,0
2024-03-04,delhi_ncr,145513.0,58843.0,36652.0,73652.0,7599.0,0.0,1489368.0,0,0,0,0,0,1.0426,0.8916401947968874,0.45274469960737107,0.8073707443023492,-0.5900444739548627,0,0,0,0,0,0,0
2024-03-11,delhi_ncr,187280.0,64570.0,43618.0,41481.0,8358.0,0.0,1545254.0,0,0,0,0,0,1.0319,0.9395699859530622,0.342356891994542,0.6433365204044917,-0.765583517007675,0,0,0,0,0,0,0
2024-03-18,delhi_ncr,187408.0,56874.0,48422.0,54878.0,6879.0,0.0,1466064.0,0,0,0,0,0,1.0469,0.9738922359149924,0.22701082094141847,0.44216815196707204,-0.8969321743510065,0,0,0,0,0,0,0
2024-03-25,delhi_ncr,133285.0,61362.0,42588.0,41805.0,8506.0,0.0,1535023.0,0,0,0,0,0,1.0293,0.9941098647022418,0.10837701279187609,0.21547731504673012,-0.976508846196619,0,0,0,0,0,0,0
2024-04-01,delhi_ncr,159582.0,78757.0,45349.0,108858.0,7650.0,0.0,1474068.0,0,0,0,0,0,1.0464,0.9999300657962057,-0.011826390691832589,-0.023651127245231586,-0.9997202729664083,0,0,0,0,0,0,0
2024-04-08,delhi_ncr,138294.0,72202.0,27095.0,68499.0,10943.0,0.0,1563882.0,0,0,0,0,0,1.0376,0.9912685467787256,-0.13185851571739118,-0.2614143985111562,-0.965226663665613,0,0,0,0,0,0,0
2024-04-15,delhi_ncr,154335.0,68547.0,33162.0,86160.0,8237.0,0.0,1569907.0,0,0,0,0,0,1.0322,0.9682507501166718,-0.2499809690726521,-0.48408852163897587,-0.8750190302029955,0,0,0,0,0,0,0
2024-04-22,delhi_ncr,126251.0,62747.0,25402.0,70550.0,8483.0,0.0,1490249.0,0,0,0,0,0,1.0446,0.9312100364121947,-0.3644830148102912,-0.6788204829862355,-0.734304263829602,0,0,0,0,0,0,0
2024-04-29,delhi_ncr,155489.0,79473.0,40973.0,78837.0,9145.0,0.0,1719050.0,1,0,0,0,0,1.0481,0.8806828564301475,-0.47370635037968,-0.8343701235229537,-0.5512045872199277,0,0,0,0,0,0,0
2024-05-06,delhi_ncr,139850.0,80861.0,41748.0,75031.0,7166.0,0.0,1694172.0,1,0,0,0,0,1.0485,0.8174009818249189,-0.5760691233798758,-0.9417589340994617,-0.33628873017668287,0,0,0,0,0,0,0
2024-05-13,delhi_ncr,142016.0,72141.0,38126.0,95148.0,9265.0,0.0,1586610.0,0,0,0,0,0,1.033,0.742280907086982,-0.6700888411055113,-0.994788305609327,-0.10196189005174576,0,0,0,0,0,0,0
2024-05-20,delhi_ncr,149495.0,73303.0,45684.0,41293.0,8137.0,0.0,1476712.0,0,0,0,0,0,1.0324,0.6564105761979381,-0.7544038410927472,-0.9903973200352558,0.1382503109109819,0,0,0,0,0,0,0
2024-05-27,delhi_ncr,160739.0,76922.0,35859.0,67258.0,7821.0,0.0,1553520.0,0,0,0,0,0,1.0412,0.5610336262283677,-0.8277930117131022,-0.9288394302558068,0.3704825404820963,0,0,0,0,0,0,0
2024-06-03,delhi_ncr,141659.0,92328.0,35076.0,55373.0,8364.0,0.0,1796971.0,1,0,0,0,0,1.0153,0.4575313760742512,-0.8891934772070711,-0.8136678304455991,0.5813300798152042,0,0,0,0,0,0,0
2024-06-10,delhi_ncr,140567.0,70460.0,45117.0,89302.0,9420.0,0.0,1598645.0,0,0,0,0,0,1.0411,0.3474028211842774,-0.9377159910299093,-0.6515303615068021,0.75862255966641,0,0,0,0,0,0,0
2024-06-17,delhi_ncr,146826.0,75656.0,42086.0,47896.0,9102.0,0.0,1577262.0,0,0,0,0,0,1.0341,0.23224292400907015,-0.9726578145718654,-0.451785789832884,0.8921264484954345,0,0,0,0,0,0,0
2024-06-24,delhi_ncr,151290.0,72830.0,51200.0,64373.0,7972.0,0.0,1648123.0,0,0,0,0,0,1.0573,0.11371951458594969,-0.9935128947338007,-0.22596360824801906,0.974135744004672,0,0,0,0,0,0,0
2024-07-01,delhi_ncr,169681.0,75713.0,32998.0,62945.0,7578.0,0.0,1587879.0,0,0,0,0,0,1.0383,-0.00645086419810515,-0.9999791929590823,0.012901459949419653,0.9999167727021953,0,0,0,0,0,0,0
2024-07-08,delhi_ncr,183236.0,69547.0,37352.0,61286.0,6686.0,0.0,1641436.0,0,0,0,0,0,1.0412,-0.12652781683868314,-0.9919630595773397,0.2510218406258827,0.9679814231320734,0,0,0,0,0,0,0
2024-07-15,delhi_ncr,158350.0,77507.0,47258.0,51373.0,8864.0,0.0,1607011.0,0,0,0,0,0,1.0561,-0.24477230089725957,-0.9695805901076308,0.47465294389193496,0.8801730414269229,0,0,0,0,0,0,0
2024-07-22,delhi_ncr,136558.0,67280.0,43104.0,55208.0,8854.0,0.0,1738097.0,1,0,0,0,0,1.045,-0.3594718130884232,-0.9331559438780432,0.6708865180801582,0.7415600311898435,0,0,0,0,0,0,0
2024-07-29,delhi_ncr,155487.0,89170.0,38709.0,71317.0,9191.0,0.0,1636398.0,1,0,0,0,0,1.0454,-0.46896519100763184,-0.8832166493127127,0.8283957292921138,0.5601432992463508,0,0,0,0,0,0,0
2024-08-05,delhi_ncr,168870.0,73260.0,35443.0,46647.0,6348.0,0.0,1545850.0,0,0,0,0,0,1.0398,-0.5716666713027052,-0.8204859638785327,0.9380889596420647,0.3463944338433696,0,0,0,0,0,0,0
2024-08-12,delhi_ncr,185324.0,72962.0,35688.0,45454.0,7493.0,0.0,1626185.0,0,0,0,0,0,1.0243,-0.666088855860977,-0.7458723993404063,0.993634586189866,0.11265127219562909,0,0,0,0,0,0,0
2024-08-19,delhi_ncr,205544.0,65711.0,42347.0,76471.0,10161.0,0.0,1537981.0,0,0,0,0,0,1.0411,-0.7508642533989489,-0.6604565640279754,0.9918264497026016,-0.12759425406472188,0,0,0,0,0,0,0
2024-08-26,delhi_ncr,173040.0,73331.0,41906.0,85915.0,9131.0,0.0,1533177.0,0,0,0,0,0,1.036,-0.8247650844733614,-0.5654755126737576,0.9327689179559782,-0.3604748891327019,0,0,0,0,0,0,0
2024-09-02,delhi_ncr,190377.0,67884.0,50692.0,84972.0,10759.0,0.0,1569571.0,0,0,0,0,0,1.0507,-0.886721063082993,-0.46230483047981086,0.8198708615029215,-0.5725484874300667,0,0,0,0,0,0,0
2024-09-09,delhi_ncr,137356.0,71897.0,57735.0,40673.0,9311.0,0.0,1545505.0,0,0,0,0,0,1.0295,-0.9358348973349941,-0.35243871088460327,0.6596488896351408,-0.7515739101399981,0,0,0,0,0,0,0
2024-09-16,delhi_ncr,154538.0,72635.0,53762.0,253985.0,8033.0,0.0,1508398.0,0,0,0,0,0,1.0358,-0.97139528468375,-0.23746831555846842,0.461351203990578,-0.8872175982116474,0,0,0,0,0,0,0
2024-09-23,delhi_ncr,240469.0,103246.0,54765.0,98054.0,12146.0,351875.0,2057839.0,1,0,1,0,0,1.0502,-0.9928872135356962,-0.11905873003404988,0.23642378142121298,-0.9716500376053585,0,0,0,0,0,0,0
2024-09-30,delhi_ncr,236073.0,63681.0,79520.0,61586.0,12160.0,308359.0,1780940.0,0,0,0,0,0,1.0211,-0.9999994220246925,0.001075151282798226,-0.0021503013227746654,-0.9999976880994382,0,0,0,0,0,0,0
2024-10-07,delhi_ncr,201509.0,67973.0,52169.0,70134.0,13073.0,320117.0,1681225.0,0,0,0,0,0,1.0268,-0.9926289059345095,0.121193461470736,-0.2406002661322256,-0.9706242897934825,0,0,0,0,0,0,0
2024-10-14,delhi_ncr,261654.0,84035.0,63506.0,147016.0,13469.0,237514.0,1992761.0,1,0,0,0,0,1.0338,-0.9708824104813836,0.23955655912092708,-0.46516249913190355,-0.8852253099642835,0,0,0,0,0,0,0
2024-10-21,delhi_ncr,204000.0,82174.0,50856.0,71253.0,11465.0,264669.0,1704158.0,0,0,0,0,0,1.0432,-0.9350748843515574,0.3544502230989869,-0.6628750027453377,-0.7487300786901568,0,0,0,0,0,0,0
2024-10-28,delhi_ncr,247241.0,103950.0,52612.0,155492.0,10488.0,288021.0,2271806.0,1,1,0,0,0,1.0334,-0.8857249183835637,0.4642104791518923,-0.8223255775192096,-0.5690172620911411,0,0,0,0,0,0,0
2024-11-04,delhi_ncr,283842.0,84265.0,62827.0,111485.0,10743.0,0.0,1853549.0,0,0,0,0,0,1.0416,-0.8235472349556007,0.5672476988027229,-0.9343105477678196,-0.3564600964060307,0,0,0,0,0,0,0
2024-11-11,delhi_ncr,229207.0,64598.0,81648.0,130648.0,12207.0,0.0,1639783.0,0,0,0,0,0,1.0353,-0.7494423368521953,0.6620696215153815,-0.9923660086146721,-0.12332763253295889,0,0,0,0,0,0,0
2024-11-18,delhi_ncr,276065.0,64806.0,75521.0,170758.0,11301.0,0.0,1679501.0,0,0,0,0,0,1.0506,-0.6644834655228552,0.7473029667054297,-0.9931409302238695,0.11692344809347308,0,0,0,0,0,0,0
2024-11-25,delhi_ncr,247745.0,71517.0,44458.0,124615.0,9526.0,0.0,1671657.0,0,0,0,0,0,1.0426,-0.5699010576127624,0.821713322596059,-0.936590583203982,0.3504255690637097,0,0,0,0,0,0,0
2024-12-02,delhi_ncr,236650.0,82863.0,54895.0,129849.0,8484.0,0.0,1633327.0,0,0,0,0,0,1.0502,-0.46706492487743034,0.8842230238742036,-0.8259791204413983,0.5637007118984807,0,0,0,0,0,0,0
2024-12-09,delhi_ncr,180042.0,77875.0,51417.0,60577.0,7622.0,0.0,1517053.0,0,0,0,0,0,1.0508,-0.3574644155648614,0.9339267592294762,-0.6676911663366994,0.7444383832097442,0,0,0,0,0,0,0
2024-12-16,delhi_ncr,157196.0,94377.0,46649.0,88767.0,8905.0,0.0,1737132.0,1,0,0,0,0,1.0577,-0.2426868445825954,0.9701046827361175,-0.4708632887360563,0.8822061909330864,0,0,0,0,0,0,0
2024-12-23,delhi_ncr,210675.0,80263.0,49301.0,69819.0,10432.0,0.0,1601607.0,0,0,0,0,0,1.0644,-0.12439450483979998,0.9922328391893008,-0.2468566254334839,0.9690520143313219,0,0,0,0,0,0,0
2024-12-30,delhi_ncr,196754.0,70469.0,42790.0,120100.0,8981.0,0.0,1724810.0,0,0,0,1,0,1.0364,-0.004300592702981974,0.9999907524084426,-0.008601105865714402,0.9999630098048061,0,0,0,0,0,0,0
2025-01-06,delhi_ncr,181680.0,63986.0,87568.0,49307.0,9939.0,0.0,1541254.0,0,0,0,0,0,1.0836,0.10303137904317879,0.9946781061893646,0.20496611396949532,0.9787690698649216,0,0,0,0,0,0,0
2025-01-13,delhi_ncr,159042.0,71212.0,42507.0,92480.0,9964.0,0.0,1590121.0,0,0,0,0,0,1.0855,0.22177215755648186,0.975098513039961,0.4324994021339788,0.901634220265486,0,0,0,0,0,0,0
2025-01-20,delhi_ncr,132694.0,79052.0,38156.0,96808.0,8285.0,0.0,1656202.0,0,0,0,0,0,1.0693,0.3373010691361842,0.9413968285264122,0.6350683134867438,0.7724559775191742,0,0,0,0,0,0,0
2025-01-27,delhi_ncr,223658.0,66308.0,45820.0,97815.0,8853.0,0.0,1621247.0,0,0,0,0,0,1.0798,0.44794493940789115,0.8940611451454876,0.8009803309782905,0.5986906625177214,0,0,0,0,0,0,0
2025-02-03,delhi_ncr,116244.0,81601.0,39105.0,150371.0,10691.0,0.0,1630303.0,0,0,0,0,0,1.0878,0.5521013427459208,0.8337770129585915,0.9206588168102428,0.3903682146763026,0,0,0,0,0,0,0
2025-02-10,delhi_ncr,153726.0,78952.0,63276.0,58828.0,9392.0,0.0,1633799.0,0,0,0,0,0,1.0649,0.6482618097757122,0.7614175109532997,0.9871957872910085,0.15951325197263655,0,0,0,0,0,0,0
2025-02-17,delhi_ncr,199139.0,75776.0,36685.0,125974.0,8512.0,0.0,1667289.0,0,0,0,0,0,1.0941,0.7350336741329412,0.6780306024735382,0.9967506498213929,-0.08054900421874167,0,0,0,0,0,0,0
2025-02-24,delhi_ncr,189035.0,98043.0,46870.0,77892.0,7251.0,0.0,1827692.0,1,0,0,0,0,1.0731,0.8111602420785621,0.5848239578463322,0.9487718864399473,-0.31596187665790293,0,0,0,0,0,0,0
2025-03-03,delhi_ncr,150308.0,75272.0,40914.0,72469.0,8131.0,0.0,1659130.0,0,0,0,0,0,1.079,0.8755389928586302,0.4831474640149687,0.8460288880917339,-0.533137056031809,0,0,0,0,0,0,0
2025-03-10,delhi_ncr,140906.0,64698.0,38626.0,114999.0,9759.0,0.0,1632550.0,0,0,0,0,0,1.0881,0.9272375462179537,0.374473674486883,0.6944521021088763,-0.719538934232584,0,0,0,0,0,0,0
2025-03-17,delhi_ncr,126160.0,72860.0,50035.0,98921.0,8338.0,0.0,1573564.0,0,0,0,0,0,1.0843,0.9655071658143364,0.2603764827344581,0.5027907197793043,-0.8644081744776648,0,0,0,0,0,0,0
2025-03-24,delhi_ncr,172666.0,78992.0,50228.0,64976.0,10627.0,0.0,1625113.0,0,0,0,0,0,1.0558,0.9897936029670716,0.14250832791617088,0.2821076626819194,-0.9593827529490743,0,0,0,0,0,0,0
2025-03-31,delhi_ncr,156870.0,90334.0,48233.0,81186.0,8389.0,0.0,1675139.0,0,0,0,0,0,1.0625,0.9997451236925734,0.022576263041545485,0.04514101777397193,-0.9989806246941579,0,0,0,0,0,0,0
2025-04-07,delhi_ncr,163738.0,70117.0,45746.0,75349.0,9035.0,0.0,1635011.0,0,0,0,0,0,1.077,0.9952176027737294,-0.09768276782171598,-0.19443122004766195,-0.9809161537413774,0,0,0,0,0,0,0
2025-04-14,delhi_ncr,134900.0,73725.0,36467.0,41673.0,8464.0,0.0,1639181.0,0,0,0,0,0,1.0888,0.9762766110869321,-0.21652708524481437,-0.4227806579826773,-0.9062320427107697,0,0,0,0,0,0,0
2025-04-21,delhi_ncr,234066.0,77450.0,47073.0,104957.0,9973.0,0.0,1687187.0,0,0,0,0,0,1.0759,0.9431964659565866,-0.33223549871590435,-0.6267266965083301,-0.7792391467859886,0,0,0,0,0,0,0
2025-04-28,delhi_ncr,154407.0,84541.0,49436.0,293710.0,7610.0,0.0,1722640.0,0,0,0,0,0,1.0658,0.8964562582905575,-0.44313223418263453,-0.7944973291665992,-0.6072676460566135,0,0,0,0,0,0,0
2025-05-05,delhi_ncr,203349.0,75391.0,62079.0,75228.0,7629.0,0.0,1660611.0,0,0,0,0,0,1.0857,0.8367329140344921,-0.5476112038402312,-0.9164086366943458,-0.4002439388573056,0,0,0,0,0,0,0
2025-05-12,delhi_ncr,152887.0,81839.0,60176.0,108473.0,10693.0,0.0,1729790.0,0,0,0,0,0,1.0615,0.7648913904341226,-0.6441592666722685,-0.9854237542919524,-0.17011767832049052,0,0,0,0,0,0,0
2025-05-19,delhi_ncr,143862.0,79138.0,60581.0,51634.0,8532.0,0.0,1798168.0,1,0,0,0,0,1.0893,0.6819721490904629,-0.7313781428679254,-0.9975590477788613,0.06982797572987089,0,0,0,0,0,0,0
2025-05-26,delhi_ncr,165997.0,64642.0,60013.0,51642.0,8640.0,0.0,1772777.0,0,0,0,0,0,1.0748,0.5891760872322963,-0.8080046647350754,-0.9521140536681102,0.3057430764672831,0,0,0,0,0,0,0
2025-06-02,delhi_ncr,155836.0,79330.0,42478.0,44242.0,9901.0,0.0,1645095.0,0,0,0,0,0,1.0748,0.4878471454423119,-0.8729290708206411,-0.8517119107469189,0.5240103253675756,0,0,0,0,0,0,0
2025-06-09,delhi_ncr,189619.0,68262.0,57515.0,68382.0,8991.0,0.0,1642718.0,0,0,0,0,0,1.0847,0.37945284372454435,-0.925211078289358,-0.7021479494046978,0.7120310787787131,0,0,0,0,0,0,0
2025-06-16,delhi_ncr,176685.0,102001.0,46991.0,85941.0,8166.0,0.0,1903812.0,1,0,0,0,0,1.0813,0.26556302780405594,-0.9640935007889755,-0.5120551783114646,0.8589525565270845,0,0,0,0,0,0,0
2025-06-23,delhi_ncr,251786.0,82644.0,80981.0,167177.0,10180.0,0.0,1746853.0,0,0,0,0,0,1.0736,0.14782713347053048,-0.9890132145779883,-0.29240597695107734,0.9562942772197719,0,0,0,0,0,0,0
2025-06-30,delhi_ncr,159677.0,95838.0,51210.0,40650.0,7333.0,0.0,1706585.0,0,0,0,0,0,1.0699,0.02795029824021032,-0.999609314096404,-0.05587875690537313,0.9984375616565666,0,0,0,0,0,0,0
2025-07-07,delhi_ncr,171474.0,82498.0,48372.0,68777.0,9551.0,0.0,1726745.0,0,0,0,0,0,1.0888,-0.09233133369539122,-0.9957283388645872,0.18387385105132759,0.9829498496360606,0,0,0,0,0,0,0
2025-07-14,delhi_ncr,201186.0,89503.0,43503.0,129361.0,8233.0,0.0,1758154.0,0,0,0,0,0,1.0724,-0.2112757555821793,-0.9774264960104055,0.4130130429412807,0.9107251102063585,0,0,0,0,0,0,0
2025-07-21,delhi_ncr,130825.0,73518.0,58205.0,127002.0,8916.0,0.0,1621142.0,0,0,0,0,0,1.0889,-0.3271603271220951,-0.9449688462364056,0.6183126337097825,0.7859322407147274,0,0,0,0,0,0,0
2025-07-28,delhi_ncr,190988.0,74291.0,49693.0,49838.0,10881.0,0.0,1765342.0,0,0,0,0,0,1.0861,-0.4383067230125192,-0.898825465016444,0.7879224882631226,0.6157744331240536,0,0,0,0,0,0,0
2025-08-04,delhi_ncr,160555.0,80277.0,60454.0,106093.0,8862.0,0.0,1697408.0,0,0,0,0,0,1.0716,-0.5431052396834317,-0.8396646346181327,0.912052525275964,0.41007339725680436,0,0,0,0,0,0,0
2025-08-11,delhi_ncr,166726.0,76269.0,59315.0,91640.0,8550.0,0.0,1646285.0,0,0,0,0,0,1.0855,-0.6400381082043503,-0.7683431655492202,0.9835378122597296,0.18070244009239297,0,0,0,0,0,0,0
2025-08-18,delhi_ncr,131051.0,65696.0,57926.0,93038.0,7872.0,0.0,1638017.0,0,0,0,0,0,1.0613,-0.7277014757264236,-0.6858939875998223,0.9982521339365441,-0.0590988755488295,0,0,0,0,0,0,0
2025-08-25,delhi_ncr,165500.0,80821.0,70148.0,122853.0,7792.0,0.0,1765367.0,1,0,0,0,0,1.0859,-0.8048257371083452,-0.593511190196115,0.9553461622632788,-0.29548893422398215,0,0,0,0,0,0,0
2025-09-01,delhi_ncr,216080.0,87240.0,37858.0,99664.0,10101.0,0.0,1630743.0,0,0,0,0,0,1.089,-0.8702939222685674,-0.49253272872205434,0.8572964806503138,-0.5148230222752145,0,0,0,0,0,0,0
2025-09-08,delhi_ncr,226328.0,100955.0,66143.0,112563.0,10184.0,0.0,1581594.0,0,0,0,0,0,1.0872,-0.9231578729647039,-0.38442104726885545,0.709762632639161,-0.7044409168334328,0,0,0,0,0,0,0
2025-09-15,delhi_ncr,248806.0,84557.0,74839.0,132096.0,14372.0,295323.0,1674452.0,0,0,0,0,0,1.0845,-0.9626519747161487,-0.2707418984477642,0.5212604463582784,-0.8533976488498011,0,0,0,0,0,0,0
2025-09-22,delhi_ncr,295119.0,133583.0,60643.0,143048.0,10829.0,268347.0,2022447.0,0,0,1,0,0,1.076,-0.9882042449941422,-0.15314166701312007,0.30267049085568926,-0.9530952596488853,0,0,0,0,0,0,0
2025-09-29,delhi_ncr,295921.0,89193.0,74879.0,235418.0,13538.0,310589.0,1868814.0,0,0,0,0,0,1.0923,-0.9994446170919858,-0.033323525711631344,0.06661003679003268,-0.9977790852682925,0,0,0,0,0,0,0
2025-10-06,delhi_ncr,459442.0,88408.0,65344.0,308752.0,11649.0,321111.0,1967428.0,0,0,0,0,0,1.0908,-0.9962102997023297,0.0869772313136861,-0.17329522734857217,-0.9848699224660111,0,0,0,0,0,0,0
2025-10-13,delhi_ncr,322939.0,70126.0,60830.0,244330.0,12535.0,348494.0,1887939.0,0,0,0,0,0,1.0922,-0.9785481345802031,0.20601832032517084,-0.40319768608708534,-0.9151129033807907,0,0,0,0,0,0,0
2025-10-20,delhi_ncr,267132.0,116385.0,69872.0,262995.0,12923.0,360524.0,2224899.0,0,1,0,0,0,1.0858,-0.9467139181463862,0.3220757010206104,-0.6098270977059321,-0.7925344856241648,0,0,0,0,0,0,0
2025-10-27,delhi_ncr,322264.0,76566.0,74865.0,158410.0,11148.0,0.0,1883251.0,0,0,0,0,0,1.075,-0.9011686968561569,0.4334685453485363,-0.7812565682797488,-0.6242100403868479,0,0,0,0,0,0,0
2025-11-03,delhi_ncr,373054.0,99263.0,97434.0,276001.0,13132.0,0.0,1825672.0,0,0,0,0,0,1.0844,-0.8425720899866032,0.5385835804920232,-0.9075909860952637,-0.4198554536487849,0,0,0,0,0,0,0
2025-11-10,delhi_ncr,333630.0,79694.0,66326.0,185012.0,11269.0,0.0,1817883.0,0,0,0,0,0,1.0849,-0.7717727365467837,0.6358984534680745,-0.9815381791978468,-0.19126631375382222,0,0,0,0,0,0,0
2025-11-17,delhi_ncr,254120.0,71302.0,71293.0,124947.0,11194.0,0.0,1713370.0,0,0,0,0,0,1.0825,-0.6897960046655887,0.7240037789593305,-0.9988298281778684,0.04836294389478229,0,0,0,0,0,0,0
2025-11-24,delhi_ncr,258012.0,71576.0,109295.0,99637.0,10893.0,0.0,1683536.0,0,0,0,0,0,1.0903,-0.5978291414589552,0.801623551065242,-0.9584678386132249,0.28520063524489725,0,0,0,0,0,0,0
2025-12-01,delhi_ncr,210534.0,81211.0,60116.0,131894.0,9235.0,0.0,1825303.0,1,0,0,0,0,1.0849,-0.4972040784469378,0.8676336233547726,-0.8627819522593745,0.5055762087514626,0,0,0,0,0,0,0
2025-12-08,delhi_ncr,191072.0,84479.0,51591.0,134718.0,9189.0,0.0,1674676.0,0,0,0,0,0,1.0814,-0.3893781415452015,0.9210779895789526,-0.717295271600886,0.6967693257736101,0,0,0,0,0,0,0
2025-12-15,delhi_ncr,187074.0,85916.0,47075.0,117575.0,8539.0,0.0,1714652.0,0,0,0,0,0,1.0867,-0.27591294500296043,0.9611826292540837,-0.5304054598463659,0.8477440935595867,0,0,0,0,0,0,0
2025-12-22,delhi_ncr,272388.0,84637.0,62015.0,50688.0,11796.0,0.0,1777528.0,0,0,0,0,0,1.0817,-0.15845177496083632,0.9873667175937016,-0.3129000178799537,0.949786070023521,0,0,0,0,0,0,0
2023-01-02,karnataka,98598.0,40673.0,27583.0,21500.0,3743.0,0.0,1038328.0,0,0,0,0,0,1.0016,0.03439806061360801,0.9994082116062598,0.06875540848113941,0.9976335468520451,0,0,0,0,0,0,0
2023-01-09,karnataka,60443.0,49206.0,23281.0,34728.0,4096.0,0.0,999091.0,0,0,0,0,0,0.9996,0.1542040475626894,0.988039023376751,0.3047192331091634,0.9524422234305676,0,0,0,0,0,0,0
2023-01-16,karnataka,100105.0,33932.0,28337.0,29480.0,3919.0,0.0,1021570.0,0,0,0,0,0,0.9897,0.2717767384711357,0.9623603298276545,0.5230943033491326,0.8522748088519838,0,0,0,0,0,0,0
2023-01-23,karnataka,86048.0,39487.0,17565.0,30270.0,3275.0,0.0,1086153.0,0,0,0,0,0,0.9999,0.38541335945432564,0.9227440286201427,0.7112757519738152,0.7029130847082615,0,0,0,0,0,0,0
2023-01-30,karnataka,88765.0,37189.0,17865.0,22901.0,4006.0,0.0,992735.0,0,0,0,0,0,0.9962,0.49346814167723735,0.8697638720650646,0.8584015232918917,0.512978386299228,0,0,0,0,0,0,0
2023-02-06,karnataka,97834.0,30437.0,24091.0,20310.0,3688.0,0.0,1043814.0,0,0,0,0,0,1.004,0.5943761565849831,0.804187157621448,0.9559793438440766,0.2934339689665273,0,0,0,0,0,0,0
2023-02-13,karnataka,77324.0,53340.0,27181.0,23053.0,3333.0,188082.0,1195892.0,1,0,0,0,0,1.0192,0.6866759803451553,0.726963615332308,0.998376906467142,0.056952196034039754,0,0,0,0,0,0,0
2023-02-20,karnataka,91055.0,41975.0,42641.0,14164.0,3146.0,216891.0,1116148.0,0,0,0,0,0,0.9854,0.7690308592589181,0.6392116531380588,0.9831469737221499,-0.1828169249850199,0,0,0,0,0,0,0
2023-02-27,karnataka,102627.0,42610.0,19268.0,40732.0,4415.0,214232.0,1241380.0,0,0,0,0,0,1.0011,0.8402480696078469,0.5422021592729844,0.9111686353326631,-0.41203363695942635,0,0,0,0,0,0,0
2023-03-06,karnataka,78819.0,33341.0,26123.0,44715.0,3856.0,221038.0,1186708.0,0,0,0,0,0,1.0065,0.8992961915530253,0.4373400963303323,0.7865965660866021,-0.6174672802835514,0,0,0,0,0,0,0
2023-03-13,karnataka,86268.0,48502.0,34755.0,48115.0,4577.0,220908.0,1228443.0,0,0,0,0,0,0.9844,0.945320046913132,0.3261441535642696,0.6166212130956382,-0.7872599821916922,0,0,0,0,0,0,0
2023-03-20,karnataka,95176.0,60766.0,24780.0,37178.0,5584.0,256759.0,1591966.0,1,0,0,0,0,1.0008,0.9776530844816641,0.2102247521189836,0.4110537546870351,-0.9116111071930239,1,0,0,0,0,0,0
2023-03-27,karnataka,118524.0,47378.0,28412.0,47949.0,4670.0,0.0,1219185.0,0,0,0,0,0,1.0153,0.9958270335100595,0.09126072172931188,0.18175978759137534,-0.9833429613388902,0,0,0,0,0,0,0
2023-04-03,karnataka,97763.0,42636.0,32781.0,35847.0,3477.0,0.0,1198234.0,0,0,0,0,0,0.993,0.9995786855478958,-0.029025013321975237,-0.05802556932878035,-0.9983150972033183,0,0,0,0,0,0,0
2023-04-10,karnataka,83176.0,43232.0,31543.0,76102.0,3773.0,0.0,1244807.0,1,0,0,0,0,0.9899,0.9888537064205885,-0.1488903868564548,-0.2944616217868012,-0.9556633054034704,0,0,0,0,0,0,0
2023-04-17,karnataka,75618.0,45557.0,29081.0,35117.0,4212.0,0.0,1224839.0,0,0,0,0,0,0.9915,0.9638074231367307,-0.26659942067929354,-0.5139010013093103,-0.8578494977869301,0,0,0,0,0,0,0
2023-04-24,karnataka,94784.0,39858.0,26070.0,23700.0,3896.0,0.0,1235227.0,0,0,0,0,0,1.0161,0.9248025743285089,-0.38044736628785164,-0.7036774074790128,-0.7105196029692745,0,0,0,0,0,0,0
2023-05-01,karnataka,92558.0,46287.0,21169.0,24753.0,3975.0,0.0,1159997.0,0,0,0,0,0,0.9981,0.8724040568049612,-0.48878539428899265,-0.8528367217694595,-0.522177676659508,0,0,0,0,0,0,0
2023-05-08,karnataka,94124.0,48714.0,25684.0,17922.0,4481.0,0.0,1137663.0,0,0,0,0,0,1.0056,0.8073707443023492,-0.5900444739548627,-0.9527692922168511,-0.30369503751065885,0,0,0,0,0,0,0
2023-05-15,karnataka,112609.0,38980.0,20335.0,22009.0,3814.0,0.0,1141696.0,0,0,0,0,0,1.0096,0.7306444969184916,-0.6827580970759147,-0.9977068927101168,-0.06768276175455162,0,0,0,0,0,0,0
2023-05-22,karnataka,78649.0,54125.0,20599.0,32423.0,3892.0,0.0,1145529.0,0,0,0,0,0,1.023,0.6433365204044917,-0.765583517007675,-0.9850556718215013,0.172236243027682,0,0,0,0,0,0,0
2023-05-29,karnataka,92549.0,37823.0,18878.0,40858.0,3600.0,0.0,1147839.0,0,0,0,0,0,0.982,0.5467112728685939,-0.8373211953118121,-0.9155458729775467,0.40221356823680365,0,0,0,0,0,0,0
2023-06-05,karnataka,94078.0,60904.0,19204.0,28901.0,3736.0,0.0,1259391.0,1,0,0,0,0,1.0009,0.44216815196707204,-0.8969321743510065,-0.7931896839451843,0.6089746507720486,0,0,0,0,0,0,0
2023-06-12,karnataka,82880.0,40914.0,26204.0,47724.0,4077.0,0.0,1147719.0,0,0,0,0,0,0.9998,0.3312212278016865,-0.9435531242349544,-0.6250496486104377,0.7805849965070866,0,0,0,0,0,0,0
2023-06-19,karnataka,90519.0,46030.0,25192.0,25348.0,3096.0,0.0,1153816.0,0,0,0,0,0,0.9805,0.21547731504673012,-0.976508846196619,-0.42083100859565564,0.9071390534005044,0,0,0,0,0,0,0
2023-06-26,karnataka,84872.0,46913.0,23953.0,29556.0,3825.0,0.0,1160709.0,0,0,0,0,0,1.0053,0.0966127018812031,-0.9953220513156602,-0.19232150523909483,0.9813319716704275,0,0,0,0,0,0,0
2023-07-03,karnataka,62557.0,53692.0,28871.0,24328.0,3590.0,0.0,1305021.0,1,0,0,0,0,1.0125,-0.023651127245231586,-0.9997202729664083,0.04728902277113235,0.9988812483600598,0,0,0,0,0,0,0
2023-07-10,karnataka,78452.0,50035.0,22830.0,10924.0,3535.0,0.0,1286128.0,1,0,0,0,0,1.007,-0.1435724234118113,-0.9896398128792412,0.2841699724797683,0.9587739184713191,0,0,0,0,0,0,0
2023-07-17,karnataka,67724.0,39647.0,18367.0,18299.0,3789.0,0.0,1096044.0,0,0,0,0,0,0.9927,-0.2614143985111562,-0.965226663665613,0.5046482954181526,0.8633250245021008,0,0,0,0,0,0,0
2023-07-24,karnataka,75796.0,47815.0,26850.0,24812.0,3635.0,0.0,1132742.0,0,0,0,0,0,1.0097,-0.3754703786876202,-0.9268343944460494,0.6959977221267386,0.7180439894563502,0,0,0,0,0,0,0
2023-07-31,karnataka,116441.0,59456.0,32761.0,43998.0,3594.0,0.0,1106984.0,0,0,0,0,0,1.0051,-0.48408852163897587,-0.8750190302029955,0.847173337473877,0.5313166064347815,0,0,0,0,0,0,0
2023-08-07,karnataka,101951.0,53623.0,23717.0,36311.0,4845.0,0.0,1285055.0,1,0,0,0,0,1.0002,-0.5856957398073508,-0.8105309990194823,0.9494491062150135,0.31392100074304014,0,0,0,0,0,0,0
2023-08-14,karnataka,85864.0,39234.0,25393.0,21414.0,3546.0,0.0,1096566.0,0,0,0,0,0,1.0002,-0.6788204829862355,-0.734304263829602,0.9969215500633253,0.07840550375666766,0,0,0,0,0,0,0
2023-08-21,karnataka,82204.0,35684.0,28186.0,31045.0,3970.0,0.0,1121284.0,0,0,0,0,0,1.009,-0.7621140503891487,-0.6474427960827475,0.9868505034357966,-0.16163565160110782,0,0,0,0,0,0,0
2023-08-28,karnataka,95598.0,41378.0,19213.0,26225.0,3804.0,0.0,1095026.0,0,0,0,0,0,0.9888,-0.8343701235229537,-0.5512045872199277,0.9198172790502196,-0.3923470060554182,0,0,0,0,0,0,0
2023-09-04,karnataka,71405.0,40361.0,35749.0,21726.0,3606.0,0.0,1087424.0,0,0,0,0,0,0.9876,-0.8945422369764496,-0.4469834295196741,0.7996911138678691,-0.600411627469661,0,0,0,0,0,0,0
2023-09-11,karnataka,100056.0,38034.0,22523.0,33190.0,3910.0,0.0,1143500.0,0,0,0,0,0,0.9995,-0.9417589340994617,-0.33628873017668287,0.6334058321617086,-0.7738197799123084,0,0,0,0,0,0,0
2023-09-18,karnataka,84137.0,36809.0,27502.0,47054.0,3359.0,0.0,1081196.0,0,0,0,0,0,1.0078,-0.9753363880767837,-0.2207236509605022,0.4305596169818739,-0.9025621398133328,0,0,0,0,0,0,0
2023-09-25,karnataka,160481.0,50145.0,34780.0,57284.0,4407.0,0.0,1051568.0,0,0,0,0,0,0.9937,-0.994788305609327,-0.10196189005174576,0.2028609916826013,-0.9792075459541514,0,0,0,0,0,0,0
2023-10-02,karnataka,123234.0,57562.0,44914.0,45774.0,4741.0,243109.0,1472627.0,0,0,1,0,0,1.0051,-0.999832969770105,0.018276557681691223,-0.03654700988811993,-0.9993319348786156,0,0,0,0,0,0,0
2023-10-09,karnataka,137840.0,31325.0,33387.0,56513.0,5059.0,248940.0,1179760.0,0,0,0,0,0,1.0113,-0.9903973200352558,0.1382503109109819,-0.2738454748405547,-0.9617737030660337,0,0,0,0,0,0,0
2023-10-16,karnataka,115941.0,44846.0,38225.0,38135.0,5066.0,265123.0,1166789.0,0,0,0,0,0,0.9865,-0.9666180104000972,0.2562218218071163,-0.49533725523256594,-0.8687007560596847,0,0,0,0,0,0,0
2023-10-23,karnataka,165458.0,54846.0,48277.0,79638.0,4860.0,317132.0,1375911.0,1,0,0,0,0,1.0017,-0.9288394302558068,0.3704825404820963,-0.6882375836422284,-0.7254853743958638,0,0,0,0,0,0,0
2023-10-30,karnataka,121558.0,37842.0,39252.0,30098.0,5230.0,273299.0,1293630.0,0,0,0,0,0,0.999,-0.8776087166898392,0.4793776594606945,-0.8414120250581577,-0.5403941192199728,0,0,0,0,0,0,0
2023-11-06,karnataka,149902.0,51769.0,43847.0,106346.0,4424.0,287566.0,1631606.0,1,1,0,0,0,0.9871,-0.8136678304455991,0.5813300798152042,-0.9460191696320084,-0.32411067660409654,0,0,0,0,0,0,0
2023-11-13,karnataka,171719.0,42055.0,46743.0,48690.0,5737.0,0.0,1232972.0,0,0,0,0,0,0.9759,-0.7379428103031386,0.6748632518680403,-0.9960209693076331,-0.08911918255618792,0,0,0,0,0,0,0
2023-11-20,karnataka,146237.0,43358.0,50937.0,57569.0,4502.0,0.0,1174936.0,0,0,0,0,0,0.9868,-0.6515303615068021,0.75862255966641,-0.9885312610933433,0.15101637606963153,0,0,0,0,0,0,0
2023-11-27,karnataka,136293.0,46880.0,41364.0,40646.0,4475.0,0.0,1236130.0,0,0,0,0,0,0.9845,-0.5556819724760489,0.8313949395234058,-0.9239823598019431,0.3824350909302552,0,0,0,0,0,0,0
2023-12-04,karnataka,132990.0,35277.0,34709.0,42358.0,4419.0,0.0,1211162.0,0,0,0,0,0,0.9974,-0.451785789832884,0.8921264484954345,-0.8061001043286311,0.5917792002101544,0,0,0,0,0,0,0
2023-12-11,karnataka,142930.0,39646.0,51665.0,40124.0,4305.0,0.0,1173811.0,0,0,0,0,0,1.0073,-0.34134651424503615,0.9399375283564133,-0.641688797825113,0.7669651144255266,0,0,0,0,0,0,0
2023-12-18,karnataka,103892.0,37068.0,31423.0,60774.0,4181.0,0.0,1164481.0,0,0,0,0,0,0.9915,-0.22596360824801906,0.974135744004672,-0.4402384552773285,0.8978808954950716,0,0,0,0,0,0,0
2023-12-25,karnataka,126174.0,50890.0,25159.0,38215.0,3959.0,0.0,1189607.0,0,0,0,0,0,1.0164,-0.10730813165636247,0.9942258118156161,-0.21337702862092797,0.9769699297608415,0,0,0,0,0,0,0
2024-01-01,karnataka,131755.0,50395.0,40888.0,46882.0,4300.0,0.0,1239834.0,0,0,0,1,0,1.0344,0.017201575418260506,0.9998520419557735,0.03439806061360801,0.9994082116062598,0,0,0,0,0,0,0
2024-01-08,karnataka,102746.0,42851.0,54259.0,37798.0,4126.0,0.0,1236908.0,0,0,0,0,0,1.0249,0.13718540405660057,0.9905453876091833,0.2717767384711357,0.9623603298276545,0,0,0,0,0,0,0
2024-01-15,karnataka,137904.0,42737.0,29407.0,44177.0,3516.0,0.0,1167041.0,0,0,0,0,0,1.0377,0.2551824131233728,0.9668929289391521,0.49346814167723735,0.8697638720650646,0,0,0,0,0,0,0
2024-01-22,karnataka,102339.0,37520.0,29925.0,38505.0,3797.0,0.0,1172504.0,0,0,0,0,0,1.0242,0.3694836834473831,0.9292372181882051,0.6866759803451553,0.726963615332308,0,0,0,0,0,0,0
2024-01-29,karnataka,88017.0,54248.0,32891.0,29049.0,3502.0,0.0,1260361.0,0,0,0,0,0,1.0426,0.4784338202547012,0.8781236129591848,0.8402480696078469,0.5422021592729844,0,0,0,0,0,0,0
2024-02-05,karnataka,118296.0,38185.0,31919.0,25762.0,3701.0,0.0,1237733.0,0,0,0,0,0,1.0132,0.580454927809098,0.8142923779467267,0.945320046913132,0.3261441535642696,0,0,0,0,0,0,0
2024-02-12,karnataka,108375.0,40057.0,19443.0,39421.0,4029.0,0.0,1245923.0,0,0,0,0,0,1.0287,0.6740694616546161,0.7386679638813748,0.9958270335100595,0.09126072172931188,0,0,0,0,0,0,0
2024-02-19,karnataka,111207.0,47911.0,22531.0,20071.0,3913.0,0.0,1285570.0,0,0,0,0,0,1.0335,0.7579216274973472,0.6523456189565257,0.9888537064205885,-0.1488903868564548,0,0,0,0,0,0,0
2024-02-26,karnataka,96801.0,45575.0,35825.0,42237.0,3654.0,0.0,1169369.0,0,0,0,0,0,1.0411,0.8307970168121247,0.5565755266413303,0.9248025743285089,-0.38044736628785164,0,0,0,0,0,0,0
2024-03-04,karnataka,108113.0,52725.0,30803.0,40982.0,3797.0,224593.0,1394743.0,1,0,0,0,0,1.0281,0.8916401947968874,0.45274469960737107,0.8073707443023492,-0.5900444739548627,0,0,0,0,0,0,0
2024-03-11,karnataka,107661.0,52632.0,32786.0,42628.0,5093.0,221747.0,1335958.0,0,0,0,0,0,1.042,0.9395699859530622,0.342356891994542,0.6433365204044917,-0.765583517007675,0,0,0,0,0,0,0
2024-03-18,karnataka,116882.0,46879.0,47538.0,44318.0,4511.0,231614.0,1342026.0,0,0,0,0,0,1.0284,0.9738922359149924,0.22701082094141847,0.44216815196707204,-0.8969321743510065,0,0,0,0,0,0,0
2024-03-25,karnataka,151334.0,54496.0,43335.0,50140.0,4076.0,260070.0,1452267.0,1,0,0,0,0,1.0281,0.9941098647022418,0.10837701279187609,0.21547731504673012,-0.976508846196619,0,0,0,0,0,0,0
2024-04-01,karnataka,131451.0,49801.0,39532.0,79899.0,4016.0,263305.0,1439439.0,0,0,0,0,0,1.0505,0.9999300657962057,-0.011826390691832589,-0.023651127245231586,-0.9997202729664083,0,0,0,0,0,0,0
2024-04-08,karnataka,158456.0,64687.0,42521.0,46796.0,5141.0,256553.0,1539617.0,0,0,0,0,0,1.047,0.9912685467787256,-0.13185851571739118,-0.2614143985111562,-0.965226663665613,1,0,0,0,0,0,0
2024-04-15,karnataka,138894.0,50332.0,43949.0,26524.0,5273.0,0.0,1385789.0,0,0,0,0,0,1.0465,0.9682507501166718,-0.2499809690726521,-0.48408852163897587,-0.8750190302029955,0,0,0,0,0,0,0
2024-04-22,karnataka,112933.0,47526.0,39320.0,46257.0,4147.0,0.0,1376084.0,0,0,0,0,0,1.0378,0.9312100364121947,-0.3644830148102912,-0.6788204829862355,-0.734304263829602,0,0,0,0,0,0,0
2024-04-29,karnataka,122159.0,61751.0,43785.0,47868.0,4878.0,0.0,1398333.0,0,0,0,0,0,1.0395,0.8806828564301475,-0.47370635037968,-0.8343701235229537,-0.5512045872199277,0,0,0,0,0,0,0
2024-05-06,karnataka,88994.0,55169.0,40088.0,40115.0,3764.0,0.0,1301907.0,0,0,0,0,0,1.054,0.8174009818249189,-0.5760691233798758,-0.9417589340994617,-0.33628873017668287,0,0,0,0,0,0,0
2024-05-13,karnataka,90905.0,45638.0,31632.0,36179.0,4033.0,0.0,1339073.0,1,0,0,0,0,1.0279,0.742280907086982,-0.6700888411055113,-0.994788305609327,-0.10196189005174576,0,0,0,0,0,0,0
2024-05-20,karnataka,99127.0,46831.0,37724.0,56378.0,3633.0,0.0,1250202.0,0,0,0,0,0,1.0472,0.6564105761979381,-0.7544038410927472,-0.9903973200352558,0.1382503109109819,0,0,0,0,0,0,0
2024-05-27,karnataka,93546.0,48552.0,49009.0,45899.0,4046.0,0.0,1342230.0,0,0,0,0,0,1.038,0.5610336262283677,-0.8277930117131022,-0.9288394302558068,0.3704825404820963,0,0,0,0,0,0,0
2024-06-03,karnataka,107934.0,51354.0,40985.0,14865.0,3555.0,0.0,1271427.0,0,0,0,0,0,1.0371,0.4575313760742512,-0.8891934772070711,-0.8136678304455991,0.5813300798152042,0,0,0,0,0,0,0
2024-06-10,karnataka,99539.0,52222.0,27852.0,28020.0,4028.0,0.0,1298650.0,0,0,0,0,0,1.051,0.3474028211842774,-0.9377159910299093,-0.6515303615068021,0.75862255966641,0,0,0,0,0,0,0
2024-06-17,karnataka,142113.0,55942.0,26482.0,50524.0,4424.0,0.0,1344717.0,0,0,0,0,0,1.0421,0.23224292400907015,-0.9726578145718654,-0.451785789832884,0.8921264484954345,0,0,0,0,0,0,0
2024-06-24,karnataka,115070.0,47507.0,36195.0,21170.0,3977.0,0.0,1223949.0,0,0,0,0,0,1.0384,0.11371951458594969,-0.9935128947338007,-0.22596360824801906,0.974135744004672,0,0,0,0,0,0,0
2024-07-01,karnataka,95798.0,57665.0,46431.0,44833.0,4286.0,0.0,1375395.0,1,0,0,0,0,1.0387,-0.00645086419810515,-0.9999791929590823,0.012901459949419653,0.9999167727021953,0,0,0,0,0,0,0
2024-07-08,karnataka,98552.0,67180.0,43407.0,35595.0,4037.0,0.0,1320426.0,1,0,0,0,0,1.0361,-0.12652781683868314,-0.9919630595773397,0.2510218406258827,0.9679814231320734,0,0,0,0,0,0,0
2024-07-15,karnataka,147871.0,52119.0,29954.0,32503.0,5153.0,0.0,1290815.0,0,0,0,0,0,1.0379,-0.24477230089725957,-0.9695805901076308,0.47465294389193496,0.8801730414269229,0,0,0,0,0,0,0
2024-07-22,karnataka,96613.0,55413.0,31577.0,52283.0,4531.0,0.0,1281934.0,0,0,0,0,0,1.0308,-0.3594718130884232,-0.9331559438780432,0.6708865180801582,0.7415600311898435,0,0,0,0,0,0,0
2024-07-29,karnataka,89253.0,48785.0,25120.0,27715.0,3543.0,0.0,1296861.0,0,0,0,0,0,1.0368,-0.46896519100763184,-0.8832166493127127,0.8283957292921138,0.5601432992463508,0,0,0,0,0,0,0
2024-08-05,karnataka,125226.0,42853.0,31700.0,21616.0,4565.0,0.0,1249842.0,0,0,0,0,0,1.0521,-0.5716666713027052,-0.8204859638785327,0.9380889596420647,0.3463944338433696,0,0,0,0,0,0,0
2024-08-12,karnataka,99101.0,53989.0,28898.0,60540.0,4167.0,0.0,1242948.0,0,0,0,0,0,1.0355,-0.666088855860977,-0.7458723993404063,0.993634586189866,0.11265127219562909,0,0,0,0,0,0,0
2024-08-19,karnataka,122855.0,48148.0,44696.0,53100.0,4361.0,0.0,1241225.0,0,0,0,0,0,1.0283,-0.7508642533989489,-0.6604565640279754,0.9918264497026016,-0.12759425406472188,0,0,0,0,0,0,0
2024-08-26,karnataka,72307.0,55311.0,33959.0,29471.0,4341.0,0.0,1344409.0,1,0,0,0,0,1.0464,-0.8247650844733614,-0.5654755126737576,0.9327689179559782,-0.3604748891327019,0,0,0,0,0,0,0
2024-09-02,karnataka,142266.0,41728.0,41993.0,31897.0,4310.0,0.0,1237389.0,0,0,0,0,0,1.0508,-0.886721063082993,-0.46230483047981086,0.8198708615029215,-0.5725484874300667,0,0,0,0,0,0,0
2024-09-09,karnataka,133908.0,51770.0,51437.0,45644.0,3626.0,0.0,1267155.0,0,0,0,0,0,1.0425,-0.9358348973349941,-0.35243871088460327,0.6596488896351408,-0.7515739101399981,0,0,0,0,0,0,0
2024-09-16,karnataka,113798.0,56325.0,50392.0,37524.0,4765.0,0.0,1221979.0,0,0,0,0,0,1.0422,-0.97139528468375,-0.23746831555846842,0.461351203990578,-0.8872175982116474,0,0,0,0,0,0,0
2024-09-23,karnataka,118072.0,57476.0,64479.0,80376.0,5810.0,306958.0,1486723.0,0,0,1,0,0,1.048,-0.9928872135356962,-0.11905873003404988,0.23642378142121298,-0.9716500376053585,0,0,0,0,0,0,0
2024-09-30,karnataka,145155.0,52689.0,54522.0,106900.0,5644.0,309092.0,1274718.0,0,0,0,0,0,1.0382,-0.9999994220246925,0.001075151282798226,-0.0021503013227746654,-0.9999976880994382,0,0,0,0,0,0,0
2024-10-07,karnataka,195565.0,53286.0,58084.0,76784.0,6262.0,274020.0,1348287.0,0,0,0,0,0,1.0265,-0.9926289059345095,0.121193461470736,-0.2406002661322256,-0.9706242897934825,0,0,0,0,0,0,0
2024-10-14,karnataka,129798.0,56610.0,43294.0,52637.0,5863.0,288076.0,1291245.0,0,0,0,0,0,1.0246,-0.9708824104813836,0.23955655912092708,-0.46516249913190355,-0.8852253099642835,0,0,0,0,0,0,0
2024-10-21,karnataka,158370.0,46501.0,47604.0,74653.0,6034.0,286648.0,1398831.0,0,0,0,0,0,1.0449,-0.9350748843515574,0.3544502230989869,-0.6628750027453377,-0.7487300786901568,0,0,0,0,0,0,0
2024-10-28,karnataka,158652.0,78403.0,43143.0,88955.0,5653.0,292202.0,1566629.0,0,1,0,0,0,1.0357,-0.8857249183835637,0.4642104791518923,-0.8223255775192096,-0.5690172620911411,0,0,0,0,0,0,0
2024-11-04,karnataka,144714.0,60232.0,65288.0,103385.0,6490.0,0.0,1417026.0,0,0,0,0,0,1.0294,-0.8235472349556007,0.5672476988027229,-0.9343105477678196,-0.3564600964060307,0,0,0,0,0,0,0
2024-11-11,karnataka,196988.0,41553.0,67964.0,125312.0,5330.0,0.0,1390860.0,0,0,0,0,0,1.0458,-0.7494423368521953,0.6620696215153815,-0.9923660086146721,-0.12332763253295889,0,0,0,0,0,0,0
2024-11-18,karnataka,191059.0,53972.0,52216.0,75709.0,5942.0,0.0,1342016.0,0,0,0,0,0,1.0241,-0.6644834655228552,0.7473029667054297,-0.9931409302238695,0.11692344809347308,0,0,0,0,0,0,0
2024-11-25,karnataka,151110.0,44000.0,44603.0,53960.0,4902.0,0.0,1244721.0,0,0,0,0,0,1.0252,-0.5699010576127624,0.821713322596059,-0.936590583203982,0.3504255690637097,0,0,0,0,0,0,0
2024-12-02,karnataka,139020.0,53367.0,38009.0,31793.0,4792.0,0.0,1278059.0,0,0,0,0,0,1.0278,-0.46706492487743034,0.8842230238742036,-0.8259791204413983,0.5637007118984807,0,0,0,0,0,0,0
2024-12-09,karnataka,137970.0,57083.0,49901.0,74179.0,4495.0,0.0,1257258.0,0,0,0,0,0,1.0469,-0.3574644155648614,0.9339267592294762,-0.6676911663366994,0.7444383832097442,0,0,0,0,0,0,0
2024-12-16,karnataka,125334.0,49856.0,32228.0,55940.0,5061.0,0.0,1307519.0,0,0,0,0,0,1.0417,-0.2426868445825954,0.9701046827361175,-0.4708632887360563,0.8822061909330864,0,0,0,0,0,0,0
2024-12-23,karnataka,108484.0,48528.0,36724.0,93573.0,4282.0,0.0,1213881.0,0,0,0,0,0,1.0415,-0.12439450483979998,0.9922328391893008,-0.2468566254334839,0.9690520143313219,0,0,0,0,0,0,0
2024-12-30,karnataka,177164.0,62386.0,38158.0,36114.0,3948.0,0.0,1598632.0,1,0,0,1,0,1.0368,-0.004300592702981974,0.9999907524084426,-0.008601105865714402,0.9999630098048061,0,0,0,0,0,0,0
2025-01-06,karnataka,116787.0,48198.0,48873.0,50001.0,4364.0,0.0,1308676.0,0,0,0,0,0,1.0828,0.10303137904317879,0.9946781061893646,0.20496611396949532,0.9787690698649216,0,0,0,0,0,0,0
2025-01-13,karnataka,103378.0,47288.0,34860.0,73216.0,4600.0,0.0,1310874.0,0,0,0,0,0,1.0794,0.22177215755648186,0.975098513039961,0.4324994021339788,0.901634220265486,0,0,0,0,0,0,0
2025-01-20,karnataka,152016.0,59099.0,46942.0,103006.0,3846.0,0.0,1317684.0,0,0,0,0,0,1.0642,0.3373010691361842,0.9413968285264122,0.6350683134867438,0.7724559775191742,0,0,0,0,0,0,0
2025-01-27,karnataka,133475.0,51843.0,42235.0,35287.0,3738.0,0.0,1308274.0,0,0,0,0,0,1.0884,0.44794493940789115,0.8940611451454876,0.8009803309782905,0.5986906625177214,0,0,0,0,0,0,0
2025-02-03,karnataka,117156.0,52899.0,38162.0,42692.0,4303.0,0.0,1288430.0,0,0,0,0,0,1.0765,0.5521013427459208,0.8337770129585915,0.9206588168102428,0.3903682146763026,0,0,0,0,0,0,0
2025-02-10,karnataka,112692.0,56067.0,42838.0,30701.0,3694.0,0.0,1266689.0,0,0,0,0,0,1.0907,0.6482618097757122,0.7614175109532997,0.9871957872910085,0.15951325197263655,0,0,0,0,0,0,0
2025-02-17,karnataka,116730.0,52080.0,24793.0,16160.0,5186.0,241970.0,1319960.0,0,0,0,0,0,1.0828,0.7350336741329412,0.6780306024735382,0.9967506498213929,-0.08054900421874167,0,0,0,0,0,0,0
2025-02-24,karnataka,107277.0,52401.0,27024.0,38810.0,4576.0,234803.0,1358418.0,0,0,0,0,0,1.0912,0.8111602420785621,0.5848239578463322,0.9487718864399473,-0.31596187665790293,0,0,0,0,0,0,0
2025-03-03,karnataka,114662.0,54209.0,26572.0,56963.0,3955.0,210696.0,1425461.0,0,0,0,0,0,1.0909,0.8755389928586302,0.4831474640149687,0.8460288880917339,-0.533137056031809,0,0,0,0,0,0,0
2025-03-10,karnataka,114099.0,72169.0,46620.0,47493.0,4925.0,212202.0,1539299.0,1,0,0,0,0,1.0995,0.9272375462179537,0.374473674486883,0.6944521021088763,-0.719538934232584,0,0,0,0,0,0,0
2025-03-17,karnataka,131352.0,52754.0,40324.0,78400.0,4325.0,293349.0,1426960.0,0,0,0,0,0,1.0819,0.9655071658143364,0.2603764827344581,0.5027907197793043,-0.8644081744776648,0,0,0,0,0,0,0
2025-03-24,karnataka,140256.0,79761.0,47280.0,54680.0,6011.0,345885.0,1607565.0,0,0,0,0,0,1.0848,0.9897936029670716,0.14250832791617088,0.2821076626819194,-0.9593827529490743,1,0,0,0,0,0,0
2025-03-31,karnataka,168033.0,53270.0,48266.0,49171.0,4810.0,0.0,1433158.0,0,0,0,0,0,1.0701,0.9997451236925734,0.022576263041545485,0.04514101777397193,-0.9989806246941579,0,0,0,0,0,0,0
2025-04-07,karnataka,188719.0,56867.0,58266.0,80012.0,4686.0,0.0,1419194.0,0,0,0,0,0,1.0642,0.9952176027737294,-0.09768276782171598,-0.19443122004766195,-0.9809161537413774,0,0,0,0,0,0,0
2025-04-14,karnataka,151586.0,55898.0,52529.0,87830.0,4489.0,0.0,1433675.0,0,0,0,0,0,1.0853,0.9762766110869321,-0.21652708524481437,-0.4227806579826773,-0.9062320427107697,0,0,0,0,0,0,0
2025-04-21,karnataka,131085.0,60108.0,37077.0,36329.0,4787.0,0.0,1411776.0,0,0,0,0,0,1.0949,0.9431964659565866,-0.33223549871590435,-0.6267266965083301,-0.7792391467859886,0,0,0,0,0,0,0
2025-04-28,karnataka,122323.0,54978.0,55474.0,64681.0,5992.0,0.0,1380786.0,0,0,0,0,0,1.0696,0.8964562582905575,-0.44313223418263453,-0.7944973291665992,-0.6072676460566135,0,0,0,0,0,0,0
2025-05-05,karnataka,121273.0,54865.0,44605.0,64635.0,4167.0,0.0,1332011.0,0,0,0,0,0,1.0971,0.8367329140344921,-0.5476112038402312,-0.9164086366943458,-0.4002439388573056,0,0,0,0,0,0,0
2025-05-12,karnataka,174503.0,62988.0,35089.0,50754.0,4629.0,0.0,1320417.0,0,0,0,0,0,1.0832,0.7648913904341226,-0.6441592666722685,-0.9854237542919524,-0.17011767832049052,0,0,0,0,0,0,0
2025-05-19,karnataka,109700.0,54148.0,58122.0,41518.0,4783.0,0.0,1303090.0,0,0,0,0,0,1.0979,0.6819721490904629,-0.7313781428679254,-0.9975590477788613,0.06982797572987089,0,0,0,0,0,0,0
2025-05-26,karnataka,149894.0,56699.0,42661.0,39467.0,4152.0,0.0,1411421.0,0,0,0,0,0,1.0941,0.5891760872322963,-0.8080046647350754,-0.9521140536681102,0.3057430764672831,0,0,0,0,0,0,0
2025-06-02,karnataka,145886.0,60142.0,33617.0,111193.0,4400.0,0.0,1444145.0,1,0,0,0,0,1.0956,0.4878471454423119,-0.8729290708206411,-0.8517119107469189,0.5240103253675756,0,0,0,0,0,0,0
2025-06-09,karnataka,140375.0,47637.0,49631.0,26995.0,4949.0,0.0,1372127.0,0,0,0,0,0,1.0918,0.37945284372454435,-0.925211078289358,-0.7021479494046978,0.7120310787787131,0,0,0,0,0,0,0
2025-06-16,karnataka,130909.0,61751.0,41733.0,31992.0,5707.0,0.0,1341415.0,0,0,0,0,0,1.0665,0.26556302780405594,-0.9640935007889755,-0.5120551783114646,0.8589525565270845,0,0,0,0,0,0,0
2025-06-23,karnataka,149993.0,60050.0,40408.0,38510.0,4744.0,0.0,1405285.0,0,0,0,0,0,1.096,0.14782713347053048,-0.9890132145779883,-0.29240597695107734,0.9562942772197719,0,0,0,0,0,0,0
2025-06-30,karnataka,183226.0,60534.0,50845.0,61659.0,4194.0,0.0,1424575.0,0,0,0,0,0,1.081,0.02795029824021032,-0.999609314096404,-0.05587875690537313,0.9984375616565666,0,0,0,0,0,0,0
2025-07-07,karnataka,118793.0,65228.0,31378.0,46264.0,5388.0,0.0,1334632.0,0,0,0,0,0,1.0747,-0.09233133369539122,-0.9957283388645872,0.18387385105132759,0.9829498496360606,0,0,0,0,0,0,0
2025-07-14,karnataka,119209.0,61610.0,48731.0,59711.0,4721.0,0.0,1432832.0,0,0,0,0,0,1.0908,-0.2112757555821793,-0.9774264960104055,0.4130130429412807,0.9107251102063585,0,0,0,0,0,0,0
2025-07-21,karnataka,104192.0,84782.0,41341.0,83984.0,4031.0,0.0,1515926.0,1,0,0,0,0,1.0802,-0.3271603271220951,-0.9449688462364056,0.6183126337097825,0.7859322407147274,0,0,0,0,0,0,0
2025-07-28,karnataka,132176.0,49781.0,41303.0,40733.0,4041.0,0.0,1356589.0,0,0,0,0,0,1.0691,-0.4383067230125192,-0.898825465016444,0.7879224882631226,0.6157744331240536,0,0,0,0,0,0,0
2025-08-04,karnataka,121007.0,69144.0,33298.0,35387.0,5549.0,0.0,1332674.0,0,0,0,0,0,1.0887,-0.5431052396834317,-0.8396646346181327,0.912052525275964,0.41007339725680436,0,0,0,0,0,0,0
2025-08-11,karnataka,109162.0,60462.0,55261.0,67679.0,3966.0,0.0,1303142.0,0,0,0,0,0,1.074,-0.6400381082043503,-0.7683431655492202,0.9835378122597296,0.18070244009239297,0,0,0,0,0,0,0
2025-08-18,karnataka,124772.0,58385.0,38587.0,31291.0,4445.0,0.0,1380783.0,0,0,0,0,0,1.0791,-0.7277014757264236,-0.6858939875998223,0.9982521339365441,-0.0590988755488295,0,0,0,0,0,0,0
2025-08-25,karnataka,140781.0,63932.0,55713.0,103795.0,4556.0,0.0,1426880.0,1,0,0,0,0,1.0598,-0.8048257371083452,-0.593511190196115,0.9553461622632788,-0.29548893422398215,0,0,0,0,0,0,0
2025-09-01,karnataka,134011.0,58299.0,53509.0,37783.0,5062.0,0.0,1345816.0,0,0,0,0,0,1.0885,-0.8702939222685674,-0.49253272872205434,0.8572964806503138,-0.5148230222752145,0,0,0,0,0,0,0
2025-09-08,karnataka,122041.0,62448.0,38411.0,52591.0,5060.0,0.0,1346298.0,0,0,0,0,0,1.0671,-0.9231578729647039,-0.38442104726885545,0.709762632639161,-0.7044409168334328,0,0,0,0,0,0,0
2025-09-15,karnataka,253879.0,53503.0,54277.0,55203.0,5515.0,256998.0,1406288.0,0,0,0,0,0,1.0889,-0.9626519747161487,-0.2707418984477642,0.5212604463582784,-0.8533976488498011,0,0,0,0,0,0,0
2025-09-22,karnataka,238825.0,62238.0,71375.0,60633.0,6302.0,319886.0,1615238.0,0,0,1,0,0,1.0723,-0.9882042449941422,-0.15314166701312007,0.30267049085568926,-0.9530952596488853,0,0,0,0,0,0,0
2025-09-29,karnataka,279224.0,65756.0,104334.0,88011.0,7234.0,398444.0,1540887.0,0,0,0,0,0,1.0766,-0.9994446170919858,-0.033323525711631344,0.06661003679003268,-0.9977790852682925,0,0,0,0,0,0,0
2025-10-06,karnataka,203363.0,62848.0,81748.0,106287.0,5571.0,412871.0,1512648.0,0,0,0,0,0,1.0908,-0.9962102997023297,0.0869772313136861,-0.17329522734857217,-0.9848699224660111,0,0,0,0,0,0,0
2025-10-13,karnataka,219161.0,49029.0,71678.0,95764.0,6325.0,368990.0,1489061.0,0,0,0,0,0,1.0708,-0.9785481345802031,0.20601832032517084,-0.40319768608708534,-0.9151129033807907,0,0,0,0,0,0,0
2025-10-20,karnataka,211844.0,74088.0,87298.0,66757.0,5731.0,301454.0,1771681.0,0,1,0,0,0,1.0775,-0.9467139181463862,0.3220757010206104,-0.6098270977059321,-0.7925344856241648,0,0,0,0,0,0,0
2025-10-27,karnataka,171254.0,48219.0,66748.0,34983.0,6163.0,0.0,1492163.0,0,0,0,0,0,1.0609,-0.9011686968561569,0.4334685453485363,-0.7812565682797488,-0.6242100403868479,0,0,0,0,0,0,0
2025-11-03,karnataka,190675.0,58576.0,68785.0,68899.0,5223.0,0.0,1492685.0,0,0,0,0,0,1.0762,-0.8425720899866032,0.5385835804920232,-0.9075909860952637,-0.4198554536487849,0,0,0,0,0,0,0
2025-11-10,karnataka,182851.0,54730.0,85735.0,88603.0,5146.0,0.0,1376384.0,0,0,0,0,0,1.0962,-0.7717727365467837,0.6358984534680745,-0.9815381791978468,-0.19126631375382222,0,0,0,0,0,0,0
2025-11-17,karnataka,120628.0,58810.0,68867.0,102872.0,4955.0,0.0,1369037.0,0,0,0,0,0,1.0936,-0.6897960046655887,0.7240037789593305,-0.9988298281778684,0.04836294389478229,0,0,0,0,0,0,0
2025-11-24,karnataka,182803.0,47700.0,61377.0,60731.0,4806.0,0.0,1450548.0,0,0,0,0,0,1.0728,-0.5978291414589552,0.801623551065242,-0.9584678386132249,0.28520063524489725,0,0,0,0,0,0,0
2025-12-01,karnataka,121824.0,55311.0,49432.0,83650.0,4606.0,0.0,1363485.0,0,0,0,0,0,1.0837,-0.4972040784469378,0.8676336233547726,-0.8627819522593745,0.5055762087514626,0,0,0,0,0,0,0
2025-12-08,karnataka,156035.0,51203.0,37163.0,48918.0,4713.0,0.0,1358302.0,0,0,0,0,0,1.0822,-0.3893781415452015,0.9210779895789526,-0.717295271600886,0.6967693257736101,0,0,0,0,0,0,0
2025-12-15,karnataka,194251.0,50418.0,36874.0,72377.0,5134.0,0.0,1377615.0,0,0,0,0,0,1.0909,-0.27591294500296043,0.9611826292540837,-0.5304054598463659,0.8477440935595867,0,0,0,0,0,0,0
2025-12-22,karnataka,154860.0,61181.0,42605.0,35635.0,4923.0,0.0,1367685.0,0,0,0,0,0,1.1029,-0.15845177496083632,0.9873667175937016,-0.3129000178799537,0.949786070023521,0,0,0,0,0,0,0
2023-01-02,tamil_nadu,119449.0,41553.0,49763.0,23038.0,2773.0,224288.0,954068.0,0,0,0,0,0,0.992,0.03439806061360801,0.9994082116062598,0.06875540848113941,0.9976335468520451,0,0,0,0,0,0,0
2023-01-09,tamil_nadu,144004.0,44568.0,36685.0,37667.0,3044.0,191780.0,1198232.0,0,0,0,0,0,1.0095,0.1542040475626894,0.988039023376751,0.3047192331091634,0.9524422234305676,0,1,0,0,0,0,0
2023-01-16,tamil_nadu,101328.0,46542.0,55685.0,30638.0,3135.0,0.0,1026883.0,0,0,0,0,0,0.9888,0.2717767384711357,0.9623603298276545,0.5230943033491326,0.8522748088519838,0,0,0,0,0,0,0
2023-01-23,tamil_nadu,117713.0,44138.0,64238.0,41574.0,2377.0,0.0,1108867.0,1,0,0,0,0,0.995,0.38541335945432564,0.9227440286201427,0.7112757519738152,0.7029130847082615,0,0,0,0,0,0,0
2023-01-30,tamil_nadu,84469.0,43927.0,65379.0,22971.0,3018.0,0.0,979385.0,0,0,0,0,0,1.0185,0.49346814167723735,0.8697638720650646,0.8584015232918917,0.512978386299228,0,0,0,0,0,0,0
2023-02-06,tamil_nadu,118871.0,40898.0,44198.0,45168.0,3133.0,0.0,1004360.0,0,0,0,0,0,0.997,0.5943761565849831,0.804187157621448,0.9559793438440766,0.2934339689665273,0,0,0,0,0,0,0
2023-02-13,tamil_nadu,72588.0,36396.0,50490.0,36529.0,2754.0,0.0,962848.0,0,0,0,0,0,0.9775,0.6866759803451553,0.726963615332308,0.998376906467142,0.056952196034039754,0,0,0,0,0,0,0
2023-02-20,tamil_nadu,101863.0,45045.0,48237.0,17021.0,2319.0,0.0,1064119.0,1,0,0,0,0,1.0013,0.7690308592589181,0.6392116531380588,0.9831469737221499,-0.1828169249850199,0,0,0,0,0,0,0
2023-02-27,tamil_nadu,70075.0,33891.0,77059.0,12846.0,2136.0,0.0,957039.0,0,0,0,0,0,1.0127,0.8402480696078469,0.5422021592729844,0.9111686353326631,-0.41203363695942635,0,0,0,0,0,0,0
2023-03-06,tamil_nadu,88266.0,33484.0,49167.0,24312.0,2397.0,0.0,953245.0,0,0,0,0,0,1.0046,0.8992961915530253,0.4373400963303323,0.7865965660866021,-0.6174672802835514,0,0,0,0,0,0,0
2023-03-13,tamil_nadu,74290.0,38713.0,63764.0,21097.0,2527.0,0.0,976216.0,0,0,0,0,0,0.9841,0.945320046913132,0.3261441535642696,0.6166212130956382,-0.7872599821916922,0,0,0,0,0,0,0
2023-03-20,tamil_nadu,100889.0,36514.0,48502.0,27084.0,2105.0,0.0,1004080.0,0,0,0,0,0,0.9857,0.9776530844816641,0.2102247521189836,0.4110537546870351,-0.9116111071930239,0,0,0,0,0,0,0
2023-03-27,tamil_nadu,87227.0,48276.0,56715.0,9668.0,2057.0,0.0,909070.0,0,0,0,0,0,1.0183,0.9958270335100595,0.09126072172931188,0.18175978759137534,-0.9833429613388902,0,0,0,0,0,0,0
2023-04-03,tamil_nadu,78557.0,46202.0,69197.0,10692.0,2606.0,0.0,958679.0,0,0,0,0,0,1.0016,0.9995786855478958,-0.029025013321975237,-0.05802556932878035,-0.9983150972033183,0,0,0,0,0,0,0
2023-04-10,tamil_nadu,90316.0,41551.0,52628.0,14362.0,2280.0,0.0,961272.0,0,0,0,0,0,1.0068,0.9888537064205885,-0.1488903868564548,-0.2944616217868012,-0.9556633054034704,0,0,0,0,0,0,0
2023-04-17,tamil_nadu,83892.0,34081.0,48823.0,32654.0,2251.0,0.0,970662.0,0,0,0,0,0,0.9931,0.9638074231367307,-0.26659942067929354,-0.5139010013093103,-0.8578494977869301,0,0,0,0,0,0,0
2023-04-24,tamil_nadu,73620.0,40110.0,36082.0,19225.0,2329.0,0.0,963109.0,0,0,0,0,0,1.0089,0.9248025743285089,-0.38044736628785164,-0.7036774074790128,-0.7105196029692745,0,0,0,0,0,0,0
2023-05-01,tamil_nadu,86420.0,49076.0,64986.0,15681.0,2311.0,0.0,1104049.0,1,0,0,0,0,0.9822,0.8724040568049612,-0.48878539428899265,-0.8528367217694595,-0.522177676659508,0,0,0,0,0,0,0
2023-05-08,tamil_nadu,80992.0,37508.0,43549.0,14962.0,2235.0,0.0,987690.0,0,0,0,0,0,1.0225,0.8073707443023492,-0.5900444739548627,-0.9527692922168511,-0.30369503751065885,0,0,0,0,0,0,0
2023-05-15,tamil_nadu,105245.0,44387.0,54292.0,27586.0,2184.0,0.0,972198.0,0,0,0,0,0,0.9959,0.7306444969184916,-0.6827580970759147,-0.9977068927101168,-0.06768276175455162,0,0,0,0,0,0,0
2023-05-22,tamil_nadu,80254.0,41287.0,49970.0,20035.0,2524.0,0.0,1061075.0,1,0,0,0,0,0.9909,0.6433365204044917,-0.765583517007675,-0.9850556718215013,0.172236243027682,0,0,0,0,0,0,0
2023-05-29,tamil_nadu,79069.0,50411.0,69933.0,26261.0,2368.0,0.0,961505.0,0,0,0,0,0,1.0089,0.5467112728685939,-0.8373211953118121,-0.9155458729775467,0.40221356823680365,0,0,0,0,0,0,0
2023-06-05,tamil_nadu,83249.0,38627.0,49561.0,28613.0,2489.0,0.0,1034344.0,0,0,0,0,0,0.9967,0.44216815196707204,-0.8969321743510065,-0.7931896839451843,0.6089746507720486,0,0,0,0,0,0,0
2023-06-12,tamil_nadu,63357.0,41636.0,54135.0,18652.0,2263.0,0.0,1012514.0,0,0,0,0,0,1.0037,0.3312212278016865,-0.9435531242349544,-0.6250496486104377,0.7805849965070866,0,0,0,0,0,0,0
2023-06-19,tamil_nadu,105984.0,45851.0,54215.0,13920.0,2239.0,0.0,1043570.0,0,0,0,0,0,1.0069,0.21547731504673012,-0.976508846196619,-0.42083100859565564,0.9071390534005044,0,0,0,0,0,0,0
2023-06-26,tamil_nadu,102802.0,45309.0,62022.0,21692.0,2733.0,0.0,1052328.0,0,0,0,0,0,1.0007,0.0966127018812031,-0.9953220513156602,-0.19232150523909483,0.9813319716704275,0,0,0,0,0,0,0
2023-07-03,tamil_nadu,94495.0,34562.0,54744.0,23137.0,2561.0,0.0,1005767.0,0,0,0,0,0,1.0138,-0.023651127245231586,-0.9997202729664083,0.04728902277113235,0.9988812483600598,0,0,0,0,0,0,0
2023-07-10,tamil_nadu,70726.0,42451.0,57694.0,12043.0,2255.0,0.0,989038.0,0,0,0,0,0,0.9919,-0.1435724234118113,-0.9896398128792412,0.2841699724797683,0.9587739184713191,0,0,0,0,0,0,0
2023-07-17,tamil_nadu,98814.0,41975.0,40417.0,17946.0,2893.0,0.0,1004002.0,0,0,0,0,0,0.9972,-0.2614143985111562,-0.965226663665613,0.5046482954181526,0.8633250245021008,0,0,0,0,0,0,0
2023-07-24,tamil_nadu,71423.0,45936.0,63901.0,27186.0,2582.0,0.0,1113425.0,1,0,0,0,0,0.999,-0.3754703786876202,-0.9268343944460494,0.6959977221267386,0.7180439894563502,0,0,0,0,0,0,0
2023-07-31,tamil_nadu,85503.0,40587.0,49713.0,34516.0,2071.0,0.0,980200.0,0,0,0,0,0,1.005,-0.48408852163897587,-0.8750190302029955,0.847173337473877,0.5313166064347815,0,0,0,0,0,0,0
2023-08-07,tamil_nadu,68590.0,40089.0,38582.0,14050.0,2235.0,0.0,978584.0,0,0,0,0,0,1.0078,-0.5856957398073508,-0.8105309990194823,0.9494491062150135,0.31392100074304014,0,0,0,0,0,0,0
2023-08-14,tamil_nadu,87066.0,47930.0,73329.0,20027.0,2260.0,0.0,994940.0,0,0,0,0,0,0.9859,-0.6788204829862355,-0.734304263829602,0.9969215500633253,0.07840550375666766,0,0,0,0,0,0,0
2023-08-21,tamil_nadu,60412.0,47953.0,48045.0,13342.0,2254.0,0.0,968374.0,0,0,0,0,0,1.0064,-0.7621140503891487,-0.6474427960827475,0.9868505034357966,-0.16163565160110782,0,0,0,0,0,0,0
2023-08-28,tamil_nadu,85503.0,36763.0,56381.0,21208.0,2323.0,0.0,942121.0,0,0,0,0,0,0.9917,-0.8343701235229537,-0.5512045872199277,0.9198172790502196,-0.3923470060554182,0,0,0,0,0,0,0
2023-09-04,tamil_nadu,103799.0,32168.0,55556.0,16072.0,2196.0,0.0,923930.0,0,0,0,0,0,0.9974,-0.8945422369764496,-0.4469834295196741,0.7996911138678691,-0.600411627469661,0,0,0,0,0,0,0
2023-09-11,tamil_nadu,71896.0,34288.0,58935.0,19200.0,1936.0,0.0,928220.0,0,0,0,0,0,0.9973,-0.9417589340994617,-0.33628873017668287,0.6334058321617086,-0.7738197799123084,0,0,0,0,0,0,0
2023-09-18,tamil_nadu,85703.0,45352.0,85984.0,33765.0,2299.0,0.0,1057045.0,1,0,0,0,0,1.0008,-0.9753363880767837,-0.2207236509605022,0.4305596169818739,-0.9025621398133328,0,0,0,0,0,0,0
2023-09-25,tamil_nadu,126014.0,38948.0,62606.0,36951.0,2525.0,0.0,948855.0,0,0,0,0,0,1.006,-0.994788305609327,-0.10196189005174576,0.2028609916826013,-0.9792075459541514,0,0,0,0,0,0,0
2023-10-02,tamil_nadu,100437.0,50858.0,74387.0,36061.0,2663.0,223202.0,1310544.0,1,0,1,0,0,0.9926,-0.999832969770105,0.018276557681691223,-0.03654700988811993,-0.9993319348786156,0,0,0,0,0,0,0
2023-10-09,tamil_nadu,144769.0,44561.0,99937.0,44664.0,3788.0,214872.0,1106490.0,0,0,0,0,0,0.991,-0.9903973200352558,0.1382503109109819,-0.2738454748405547,-0.9617737030660337,0,0,0,0,0,0,0
2023-10-16,tamil_nadu,124528.0,43420.0,80311.0,36156.0,3713.0,194392.0,1088030.0,0,0,0,0,0,1.0077,-0.9666180104000972,0.2562218218071163,-0.49533725523256594,-0.8687007560596847,0,0,0,0,0,0,0
2023-10-23,tamil_nadu,115959.0,38437.0,76854.0,28604.0,2861.0,206923.0,1060323.0,0,0,0,0,0,0.9926,-0.9288394302558068,0.3704825404820963,-0.6882375836422284,-0.7254853743958638,0,0,0,0,0,0,0
2023-10-30,tamil_nadu,155742.0,41762.0,100900.0,55997.0,2920.0,187657.0,1163983.0,1,0,0,0,0,1.0019,-0.8776087166898392,0.4793776594606945,-0.8414120250581577,-0.5403941192199728,0,0,0,0,0,0,0
2023-11-06,tamil_nadu,144038.0,63318.0,94530.0,38189.0,3625.0,283616.0,1472741.0,1,1,0,0,0,1.011,-0.8136678304455991,0.5813300798152042,-0.9460191696320084,-0.32411067660409654,0,0,0,0,0,0,0
2023-11-13,tamil_nadu,144151.0,43411.0,94604.0,33004.0,3812.0,0.0,1109068.0,0,0,0,0,0,1.0012,-0.7379428103031386,0.6748632518680403,-0.9960209693076331,-0.08911918255618792,0,0,0,0,0,0,0
2023-11-20,tamil_nadu,169605.0,35635.0,67336.0,27458.0,3529.0,0.0,1089522.0,0,0,0,0,0,0.9982,-0.6515303615068021,0.75862255966641,-0.9885312610933433,0.15101637606963153,0,0,0,0,0,0,0
2023-11-27,tamil_nadu,170252.0,48310.0,112921.0,20431.0,2764.0,0.0,1175359.0,1,0,0,0,0,1.0135,-0.5556819724760489,0.8313949395234058,-0.9239823598019431,0.3824350909302552,0,0,0,0,0,0,0
2023-12-04,tamil_nadu,120025.0,37195.0,87004.0,13287.0,2709.0,0.0,1071024.0,0,0,0,0,0,1.0044,-0.451785789832884,0.8921264484954345,-0.8061001043286311,0.5917792002101544,0,0,0,0,0,0,0
2023-12-11,tamil_nadu,106979.0,40009.0,69118.0,38487.0,2662.0,186074.0,1076828.0,0,0,0,0,0,0.9918,-0.34134651424503615,0.9399375283564133,-0.641688797825113,0.7669651144255266,0,0,0,0,0,0,0
2023-12-18,tamil_nadu,102699.0,39600.0,98912.0,14333.0,3013.0,196919.0,1162824.0,0,0,0,0,0,1.0184,-0.22596360824801906,0.974135744004672,-0.4402384552773285,0.8978808954950716,0,0,0,0,0,0,0
2023-12-25,tamil_nadu,94935.0,36168.0,60991.0,27250.0,2958.0,202471.0,1144974.0,0,0,0,0,0,0.9955,-0.10730813165636247,0.9942258118156161,-0.21337702862092797,0.9769699297608415,0,0,0,0,0,0,0
2024-01-01,tamil_nadu,106500.0,47493.0,103598.0,44374.0,3410.0,201273.0,1203966.0,0,0,0,1,0,1.038,0.017201575418260506,0.9998520419557735,0.03439806061360801,0.9994082116062598,0,0,0,0,0,0,0
2024-01-08,tamil_nadu,154669.0,50576.0,97722.0,42986.0,2931.0,173075.0,1154655.0,0,0,0,0,0,1.0244,0.13718540405660057,0.9905453876091833,0.2717767384711357,0.9623603298276545,0,0,0,0,0,0,0
2024-01-15,tamil_nadu,158932.0,64445.0,96711.0,26116.0,3305.0,247748.0,1396195.0,1,0,0,0,0,1.0559,0.2551824131233728,0.9668929289391521,0.49346814167723735,0.8697638720650646,0,1,0,0,0,0,0
2024-01-22,tamil_nadu,147604.0,46496.0,85228.0,63503.0,3358.0,0.0,1266054.0,0,0,0,0,0,1.0387,0.3694836834473831,0.9292372181882051,0.6866759803451553,0.726963615332308,0,0,0,0,0,0,0
2024-01-29,tamil_nadu,122477.0,40874.0,65673.0,41808.0,3126.0,0.0,1164648.0,0,0,0,0,0,1.0516,0.4784338202547012,0.8781236129591848,0.8402480696078469,0.5422021592729844,0,0,0,0,0,0,0
2024-02-05,tamil_nadu,87460.0,41851.0,53724.0,48541.0,2586.0,0.0,1100533.0,0,0,0,0,0,1.0527,0.580454927809098,0.8142923779467267,0.945320046913132,0.3261441535642696,0,0,0,0,0,0,0
2024-02-12,tamil_nadu,106932.0,50390.0,81975.0,28940.0,2254.0,0.0,1103711.0,0,0,0,0,0,1.0308,0.6740694616546161,0.7386679638813748,0.9958270335100595,0.09126072172931188,0,0,0,0,0,0,0
2024-02-19,tamil_nadu,124333.0,44442.0,87269.0,15098.0,2799.0,0.0,1155687.0,0,0,0,0,0,1.0374,0.7579216274973472,0.6523456189565257,0.9888537064205885,-0.1488903868564548,0,0,0,0,0,0,0
2024-02-26,tamil_nadu,100800.0,41490.0,54623.0,19855.0,2133.0,0.0,1078056.0,0,0,0,0,0,1.0483,0.8307970168121247,0.5565755266413303,0.9248025743285089,-0.38044736628785164,0,0,0,0,0,0,0
2024-03-04,tamil_nadu,103870.0,40754.0,50658.0,25490.0,2924.0,0.0,1026806.0,0,0,0,0,0,1.0459,0.8916401947968874,0.45274469960737107,0.8073707443023492,-0.5900444739548627,0,0,0,0,0,0,0
2024-03-11,tamil_nadu,91981.0,45625.0,71671.0,31739.0,2702.0,0.0,1128551.0,0,0,0,0,0,1.0369,0.9395699859530622,0.342356891994542,0.6433365204044917,-0.765583517007675,0,0,0,0,0,0,0
2024-03-18,tamil_nadu,66657.0,42174.0,71914.0,26899.0,2361.0,0.0,1073638.0,0,0,0,0,0,1.0313,0.9738922359149924,0.22701082094141847,0.44216815196707204,-0.8969321743510065,0,0,0,0,0,0,0
2024-03-25,tamil_nadu,124708.0,36546.0,85020.0,17159.0,2287.0,0.0,1041747.0,0,0,0,0,0,1.0467,0.9941098647022418,0.10837701279187609,0.21547731504673012,-0.976508846196619,0,0,0,0,0,0,0
2024-04-01,tamil_nadu,92307.0,48322.0,85376.0,25824.0,2693.0,0.0,1068494.0,1,0,0,0,0,1.0345,0.9999300657962057,-0.011826390691832589,-0.023651127245231586,-0.9997202729664083,0,0,0,0,0,0,0
2024-04-08,tamil_nadu,105565.0,39271.0,78408.0,33358.0,2463.0,0.0,1145268.0,1,0,0,0,0,1.0547,0.9912685467787256,-0.13185851571739118,-0.2614143985111562,-0.965226663665613,0,0,0,0,0,0,0
2024-04-15,tamil_nadu,105992.0,38611.0,69799.0,22591.0,2567.0,0.0,1037346.0,0,0,0,0,0,1.0167,0.9682507501166718,-0.2499809690726521,-0.48408852163897587,-0.8750190302029955,0,0,0,0,0,0,0
2024-04-22,tamil_nadu,105089.0,40374.0,55520.0,24200.0,2578.0,0.0,1084875.0,0,0,0,0,0,1.0425,0.9312100364121947,-0.3644830148102912,-0.6788204829862355,-0.734304263829602,0,0,0,0,0,0,0
2024-04-29,tamil_nadu,113597.0,51818.0,79955.0,37480.0,2735.0,0.0,1140498.0,0,0,0,0,0,1.0345,0.8806828564301475,-0.47370635037968,-0.8343701235229537,-0.5512045872199277,0,0,0,0,0,0,0
2024-05-06,tamil_nadu,96131.0,45386.0,54583.0,35779.0,2797.0,0.0,1095501.0,0,0,0,0,0,1.0312,0.8174009818249189,-0.5760691233798758,-0.9417589340994617,-0.33628873017668287,0,0,0,0,0,0,0
2024-05-13,tamil_nadu,84884.0,45572.0,62504.0,14397.0,3026.0,0.0,1028761.0,0,0,0,0,0,1.0447,0.742280907086982,-0.6700888411055113,-0.994788305609327,-0.10196189005174576,0,0,0,0,0,0,0
2024-05-20,tamil_nadu,124749.0,32882.0,59110.0,46873.0,2780.0,0.0,1014221.0,0,0,0,0,0,1.0366,0.6564105761979381,-0.7544038410927472,-0.9903973200352558,0.1382503109109819,0,0,0,0,0,0,0
2024-05-27,tamil_nadu,94576.0,39308.0,52296.0,59513.0,2189.0,0.0,1077038.0,0,0,0,0,0,1.0416,0.5610336262283677,-0.8277930117131022,-0.9288394302558068,0.3704825404820963,0,0,0,0,0,0,0
2024-06-03,tamil_nadu,108936.0,51393.0,71406.0,37747.0,2910.0,0.0,1093660.0,0,0,0,0,0,1.0551,0.4575313760742512,-0.8891934772070711,-0.8136678304455991,0.5813300798152042,0,0,0,0,0,0,0
2024-06-10,tamil_nadu,121546.0,44142.0,43699.0,20512.0,2581.0,0.0,1085394.0,0,0,0,0,0,1.0403,0.3474028211842774,-0.9377159910299093,-0.6515303615068021,0.75862255966641,0,0,0,0,0,0,0
2024-06-17,tamil_nadu,94587.0,51617.0,64536.0,28571.0,2458.0,0.0,1069264.0,0,0,0,0,0,1.0295,0.23224292400907015,-0.9726578145718654,-0.451785789832884,0.8921264484954345,0,0,0,0,0,0,0
2024-06-24,tamil_nadu,97802.0,49264.0,67909.0,34083.0,2482.0,0.0,1082853.0,0,0,0,0,0,1.0529,0.11371951458594969,-0.9935128947338007,-0.22596360824801906,0.974135744004672,0,0,0,0,0,0,0
2024-07-01,tamil_nadu,98096.0,47884.0,61289.0,12600.0,2775.0,0.0,1060832.0,0,0,0,0,0,1.0464,-0.00645086419810515,-0.9999791929590823,0.012901459949419653,0.9999167727021953,0,0,0,0,0,0,0
2024-07-08,tamil_nadu,102470.0,39650.0,102899.0,39259.0,2906.0,0.0,1119417.0,0,0,0,0,0,1.0412,-0.12652781683868314,-0.9919630595773397,0.2510218406258827,0.9679814231320734,0,0,0,0,0,0,0
2024-07-15,tamil_nadu,104519.0,41907.0,88793.0,34823.0,3086.0,0.0,1068748.0,0,0,0,0,0,1.0379,-0.24477230089725957,-0.9695805901076308,0.47465294389193496,0.8801730414269229,0,0,0,0,0,0,0
2024-07-22,tamil_nadu,120484.0,40449.0,85844.0,18610.0,2545.0,0.0,1084816.0,0,0,0,0,0,1.0467,-0.3594718130884232,-0.9331559438780432,0.6708865180801582,0.7415600311898435,0,0,0,0,0,0,0
2024-07-29,tamil_nadu,96959.0,53925.0,47194.0,35372.0,2638.0,0.0,1172348.0,1,0,0,0,0,1.0519,-0.46896519100763184,-0.8832166493127127,0.8283957292921138,0.5601432992463508,0,0,0,0,0,0,0
2024-08-05,tamil_nadu,115249.0,48381.0,111475.0,37037.0,2665.0,0.0,1090344.0,0,0,0,0,0,1.0337,-0.5716666713027052,-0.8204859638785327,0.9380889596420647,0.3463944338433696,0,0,0,0,0,0,0
2024-08-12,tamil_nadu,96498.0,45677.0,77955.0,33114.0,2774.0,0.0,1072776.0,0,0,0,0,0,1.0329,-0.666088855860977,-0.7458723993404063,0.993634586189866,0.11265127219562909,0,0,0,0,0,0,0
2024-08-19,tamil_nadu,98744.0,45270.0,67608.0,30972.0,2290.0,0.0,1050344.0,0,0,0,0,0,1.0262,-0.7508642533989489,-0.6604565640279754,0.9918264497026016,-0.12759425406472188,0,0,0,0,0,0,0
2024-08-26,tamil_nadu,136039.0,55450.0,82834.0,30787.0,2584.0,0.0,1165301.0,1,0,0,0,0,1.0426,-0.8247650844733614,-0.5654755126737576,0.9327689179559782,-0.3604748891327019,0,0,0,0,0,0,0
2024-09-02,tamil_nadu,118563.0,35663.0,82314.0,24460.0,3113.0,0.0,1061499.0,0,0,0,0,0,1.0389,-0.886721063082993,-0.46230483047981086,0.8198708615029215,-0.5725484874300667,0,0,0,0,0,0,0
2024-09-09,tamil_nadu,94318.0,41013.0,76701.0,33507.0,2774.0,0.0,1021851.0,0,0,0,0,0,1.0528,-0.9358348973349941,-0.35243871088460327,0.6596488896351408,-0.7515739101399981,0,0,0,0,0,0,0
2024-09-16,tamil_nadu,144240.0,38213.0,97936.0,55177.0,3236.0,0.0,1083787.0,0,0,0,0,0,1.0489,-0.97139528468375,-0.23746831555846842,0.461351203990578,-0.8872175982116474,0,0,0,0,0,0,0
2024-09-23,tamil_nadu,183421.0,58870.0,98746.0,58310.0,3699.0,269247.0,1331704.0,0,0,1,0,0,1.0477,-0.9928872135356962,-0.11905873003404988,0.23642378142121298,-0.9716500376053585,0,0,0,0,0,0,0
2024-09-30,tamil_nadu,148202.0,54285.0,102505.0,55095.0,3402.0,242471.0,1167035.0,0,0,0,0,0,1.0379,-0.9999994220246925,0.001075151282798226,-0.0021503013227746654,-0.9999976880994382,0,0,0,0,0,0,0
2024-10-07,tamil_nadu,158856.0,36560.0,139240.0,38669.0,4081.0,267951.0,1190824.0,0,0,0,0,0,1.0241,-0.9926289059345095,0.121193461470736,-0.2406002661322256,-0.9706242897934825,0,0,0,0,0,0,0
2024-10-14,tamil_nadu,151915.0,39228.0,121893.0,39673.0,3435.0,241988.0,1225339.0,0,0,0,0,0,1.0497,-0.9708824104813836,0.23955655912092708,-0.46516249913190355,-0.8852253099642835,0,0,0,0,0,0,0
2024-10-21,tamil_nadu,171087.0,44993.0,91189.0,56083.0,3708.0,229895.0,1179308.0,0,0,0,0,0,1.0335,-0.9350748843515574,0.3544502230989869,-0.6628750027453377,-0.7487300786901568,0,0,0,0,0,0,0
2024-10-28,tamil_nadu,174497.0,56961.0,118160.0,64292.0,3931.0,312639.0,1467929.0,0,1,0,0,0,1.0353,-0.8857249183835637,0.4642104791518923,-0.8223255775192096,-0.5690172620911411,0,0,0,0,0,0,0
2024-11-04,tamil_nadu,203148.0,53416.0,112167.0,80056.0,3999.0,0.0,1252612.0,0,0,0,0,0,1.0382,-0.8235472349556007,0.5672476988027229,-0.9343105477678196,-0.3564600964060307,0,0,0,0,0,0,0
2024-11-11,tamil_nadu,171944.0,49597.0,98534.0,50270.0,3590.0,0.0,1226829.0,0,0,0,0,0,1.042,-0.7494423368521953,0.6620696215153815,-0.9923660086146721,-0.12332763253295889,0,0,0,0,0,0,0
2024-11-18,tamil_nadu,150512.0,39811.0,101735.0,62372.0,4175.0,0.0,1168534.0,0,0,0,0,0,1.0393,-0.6644834655228552,0.7473029667054297,-0.9931409302238695,0.11692344809347308,0,0,0,0,0,0,0
2024-11-25,tamil_nadu,202500.0,49011.0,97119.0,54482.0,3119.0,0.0,1149560.0,0,0,0,0,0,1.0496,-0.5699010576127624,0.821713322596059,-0.936590583203982,0.3504255690637097,0,0,0,0,0,0,0
2024-12-02,tamil_nadu,122385.0,40115.0,68512.0,51912.0,2812.0,0.0,1126522.0,0,0,0,0,0,1.0585,-0.46706492487743034,0.8842230238742036,-0.8259791204413983,0.5637007118984807,0,0,0,0,0,0,0
2024-12-09,tamil_nadu,108711.0,53750.0,80694.0,44010.0,2561.0,180525.0,1293281.0,1,0,0,0,0,1.0509,-0.3574644155648614,0.9339267592294762,-0.6676911663366994,0.7444383832097442,0,0,0,0,0,0,0
2024-12-16,tamil_nadu,137653.0,49077.0,63942.0,51412.0,2443.0,208550.0,1200283.0,0,0,0,0,0,1.0311,-0.2426868445825954,0.9701046827361175,-0.4708632887360563,0.8822061909330864,0,0,0,0,0,0,0
2024-12-23,tamil_nadu,121139.0,46139.0,134277.0,50285.0,3302.0,209076.0,1260163.0,0,0,0,0,0,1.0365,-0.12439450483979998,0.9922328391893008,-0.2468566254334839,0.9690520143313219,0,0,0,0,0,0,0
2024-12-30,tamil_nadu,155319.0,48467.0,125545.0,64654.0,3277.0,243862.0,1353422.0,0,0,0,1,0,1.0291,-0.004300592702981974,0.9999907524084426,-0.008601105865714402,0.9999630098048061,0,0,0,0,0,0,0
2025-01-06,tamil_nadu,147523.0,42545.0,83863.0,51270.0,3674.0,237969.0,1245968.0,0,0,0,0,0,1.0667,0.10303137904317879,0.9946781061893646,0.20496611396949532,0.9787690698649216,0,0,0,0,0,0,0
2025-01-13,tamil_nadu,195511.0,54693.0,93969.0,40277.0,3281.0,253938.0,1400999.0,0,0,0,0,0,1.0808,0.22177215755648186,0.975098513039961,0.4324994021339788,0.901634220265486,0,1,0,0,0,0,0
2025-01-20,tamil_nadu,160873.0,44382.0,95165.0,37508.0,4103.0,0.0,1248519.0,0,0,0,0,0,1.0824,0.3373010691361842,0.9413968285264122,0.6350683134867438,0.7724559775191742,0,0,0,0,0,0,0
2025-01-27,tamil_nadu,149837.0,45166.0,87440.0,28294.0,3007.0,0.0,1281992.0,0,0,0,0,0,1.0844,0.44794493940789115,0.8940611451454876,0.8009803309782905,0.5986906625177214,0,0,0,0,0,0,0
2025-02-03,tamil_nadu,138551.0,53445.0,86608.0,35377.0,2850.0,0.0,1289390.0,1,0,0,0,0,1.1027,0.5521013427459208,0.8337770129585915,0.9206588168102428,0.3903682146763026,0,0,0,0,0,0,0
2025-02-10,tamil_nadu,86140.0,52186.0,60073.0,32521.0,2302.0,0.0,1169360.0,0,0,0,0,0,1.1067,0.6482618097757122,0.7614175109532997,0.9871957872910085,0.15951325197263655,0,0,0,0,0,0,0
2025-02-17,tamil_nadu,115339.0,50631.0,55067.0,31558.0,2858.0,0.0,1133420.0,0,0,0,0,0,1.0758,0.7350336741329412,0.6780306024735382,0.9967506498213929,-0.08054900421874167,0,0,0,0,0,0,0
2025-02-24,tamil_nadu,150907.0,51502.0,62656.0,19452.0,3703.0,0.0,1277356.0,1,0,0,0,0,1.0624,0.8111602420785621,0.5848239578463322,0.9487718864399473,-0.31596187665790293,0,0,0,0,0,0,0
2025-03-03,tamil_nadu,149695.0,44701.0,71880.0,40973.0,2600.0,0.0,1263934.0,1,0,0,0,0,1.093,0.8755389928586302,0.4831474640149687,0.8460288880917339,-0.533137056031809,0,0,0,0,0,0,0
2025-03-10,tamil_nadu,104440.0,61060.0,61810.0,35796.0,2409.0,0.0,1244300.0,1,0,0,0,0,1.0692,0.9272375462179537,0.374473674486883,0.6944521021088763,-0.719538934232584,0,0,0,0,0,0,0
2025-03-17,tamil_nadu,141150.0,60349.0,107215.0,25355.0,2587.0,0.0,1216528.0,1,0,0,0,0,1.0806,0.9655071658143364,0.2603764827344581,0.5027907197793043,-0.8644081744776648,0,0,0,0,0,0,0
2025-03-24,tamil_nadu,105762.0,44762.0,89698.0,52900.0,2743.0,0.0,1153737.0,0,0,0,0,0,1.0852,0.9897936029670716,0.14250832791617088,0.2821076626819194,-0.9593827529490743,0,0,0,0,0,0,0
2025-03-31,tamil_nadu,145465.0,47799.0,101812.0,35833.0,2903.0,0.0,1161856.0,0,0,0,0,0,1.0809,0.9997451236925734,0.022576263041545485,0.04514101777397193,-0.9989806246941579,0,0,0,0,0,0,0
2025-04-07,tamil_nadu,127290.0,49513.0,88603.0,32214.0,3077.0,0.0,1173838.0,0,0,0,0,0,1.085,0.9952176027737294,-0.09768276782171598,-0.19443122004766195,-0.9809161537413774,0,0,0,0,0,0,0
2025-04-14,tamil_nadu,109521.0,49182.0,66406.0,15370.0,3384.0,0.0,1150821.0,0,0,0,0,0,1.0777,0.9762766110869321,-0.21652708524481437,-0.4227806579826773,-0.9062320427107697,0,0,0,0,0,0,0
2025-04-21,tamil_nadu,97181.0,41711.0,101835.0,29270.0,3031.0,0.0,1128994.0,0,0,0,0,0,1.0749,0.9431964659565866,-0.33223549871590435,-0.6267266965083301,-0.7792391467859886,0,0,0,0,0,0,0
2025-04-28,tamil_nadu,102615.0,60377.0,62372.0,50096.0,3060.0,0.0,1173951.0,0,0,0,0,0,1.0645,0.8964562582905575,-0.44313223418263453,-0.7944973291665992,-0.6072676460566135,0,0,0,0,0,0,0
2025-05-05,tamil_nadu,134173.0,74540.0,111105.0,46300.0,2552.0,0.0,1281076.0,1,0,0,0,0,1.0993,0.8367329140344921,-0.5476112038402312,-0.9164086366943458,-0.4002439388573056,0,0,0,0,0,0,0
2025-05-12,tamil_nadu,133781.0,47538.0,72552.0,29975.0,2834.0,0.0,1264636.0,1,0,0,0,0,1.0876,0.7648913904341226,-0.6441592666722685,-0.9854237542919524,-0.17011767832049052,0,0,0,0,0,0,0
2025-05-19,tamil_nadu,124998.0,53230.0,76408.0,19832.0,3223.0,0.0,1191672.0,0,0,0,0,0,1.0866,0.6819721490904629,-0.7313781428679254,-0.9975590477788613,0.06982797572987089,0,0,0,0,0,0,0
2025-05-26,tamil_nadu,115054.0,65504.0,70922.0,18745.0,3759.0,0.0,1227443.0,1,0,0,0,0,1.098,0.5891760872322963,-0.8080046647350754,-0.9521140536681102,0.3057430764672831,0,0,0,0,0,0,0
2025-06-02,tamil_nadu,145149.0,48714.0,100358.0,47141.0,3298.0,0.0,1143372.0,0,0,0,0,0,1.0802,0.4878471454423119,-0.8729290708206411,-0.8517119107469189,0.5240103253675756,0,0,0,0,0,0,0
2025-06-09,tamil_nadu,131804.0,44432.0,67076.0,51147.0,3097.0,0.0,1240305.0,0,0,0,0,0,1.0763,0.37945284372454435,-0.925211078289358,-0.7021479494046978,0.7120310787787131,0,0,0,0,0,0,0
2025-06-16,tamil_nadu,126633.0,49547.0,99256.0,17854.0,2435.0,0.0,1136441.0,0,0,0,0,0,1.0845,0.26556302780405594,-0.9640935007889755,-0.5120551783114646,0.8589525565270845,0,0,0,0,0,0,0
2025-06-23,tamil_nadu,122520.0,50594.0,64275.0,24603.0,2734.0,0.0,1167928.0,0,0,0,0,0,1.076,0.14782713347053048,-0.9890132145779883,-0.29240597695107734,0.9562942772197719,0,0,0,0,0,0,0
2025-06-30,tamil_nadu,117464.0,65227.0,79980.0,45184.0,2567.0,0.0,1123805.0,0,0,0,0,0,1.0789,0.02795029824021032,-0.999609314096404,-0.05587875690537313,0.9984375616565666,0,0,0,0,0,0,0
2025-07-07,tamil_nadu,152953.0,60563.0,123957.0,30612.0,3024.0,0.0,1191185.0,0,0,0,0,0,1.0663,-0.09233133369539122,-0.9957283388645872,0.18387385105132759,0.9829498496360606,0,0,0,0,0,0,0
2025-07-14,tamil_nadu,115545.0,48543.0,67091.0,28743.0,3414.0,0.0,1201452.0,0,0,0,0,0,1.0689,-0.2112757555821793,-0.9774264960104055,0.4130130429412807,0.9107251102063585,0,0,0,0,0,0,0
2025-07-21,tamil_nadu,119664.0,49613.0,89323.0,31418.0,3096.0,0.0,1215890.0,0,0,0,0,0,1.0779,-0.3271603271220951,-0.9449688462364056,0.6183126337097825,0.7859322407147274,0,0,0,0,0,0,0
2025-07-28,tamil_nadu,116851.0,59650.0,67177.0,63735.0,2819.0,0.0,1304241.0,1,0,0,0,0,1.0816,-0.4383067230125192,-0.898825465016444,0.7879224882631226,0.6157744331240536,0,0,0,0,0,0,0
2025-08-04,tamil_nadu,171149.0,62430.0,102697.0,57046.0,2953.0,0.0,1298226.0,1,0,0,0,0,1.0691,-0.5431052396834317,-0.8396646346181327,0.912052525275964,0.41007339725680436,0,0,0,0,0,0,0
2025-08-11,tamil_nadu,122974.0,54397.0,60379.0,40711.0,3237.0,0.0,1209054.0,0,0,0,0,0,1.0943,-0.6400381082043503,-0.7683431655492202,0.9835378122597296,0.18070244009239297,0,0,0,0,0,0,0
2025-08-18,tamil_nadu,116335.0,55229.0,89892.0,38718.0,2564.0,0.0,1125399.0,0,0,0,0,0,1.0621,-0.7277014757264236,-0.6858939875998223,0.9982521339365441,-0.0590988755488295,0,0,0,0,0,0,0
2025-08-25,tamil_nadu,129344.0,47804.0,81453.0,17534.0,3092.0,0.0,1133942.0,0,0,0,0,0,1.0976,-0.8048257371083452,-0.593511190196115,0.9553461622632788,-0.29548893422398215,0,0,0,0,0,0,0
2025-09-01,tamil_nadu,121557.0,53012.0,95004.0,32115.0,3387.0,0.0,1123106.0,0,0,0,0,0,1.0665,-0.8702939222685674,-0.49253272872205434,0.8572964806503138,-0.5148230222752145,0,0,0,0,0,0,0
2025-09-08,tamil_nadu,143530.0,51324.0,120309.0,40361.0,2752.0,0.0,1161801.0,0,0,0,0,0,1.0729,-0.9231578729647039,-0.38442104726885545,0.709762632639161,-0.7044409168334328,0,0,0,0,0,0,0
2025-09-15,tamil_nadu,220399.0,51286.0,102989.0,57091.0,3376.0,285301.0,1261738.0,0,0,0,0,0,1.0678,-0.9626519747161487,-0.2707418984477642,0.5212604463582784,-0.8533976488498011,0,0,0,0,0,0,0
2025-09-22,tamil_nadu,267156.0,63437.0,115057.0,106305.0,4427.0,336665.0,1385839.0,0,0,1,0,0,1.0967,-0.9882042449941422,-0.15314166701312007,0.30267049085568926,-0.9530952596488853,0,0,0,0,0,0,0
2025-09-29,tamil_nadu,233757.0,53516.0,130164.0,53782.0,4640.0,304245.0,1328824.0,0,0,0,0,0,1.0938,-0.9994446170919858,-0.033323525711631344,0.06661003679003268,-0.9977790852682925,0,0,0,0,0,0,0
2025-10-06,tamil_nadu,211166.0,45018.0,107635.0,115239.0,4022.0,323392.0,1311205.0,0,0,0,0,0,1.082,-0.9962102997023297,0.0869772313136861,-0.17329522734857217,-0.9848699224660111,0,0,0,0,0,0,0
2025-10-13,tamil_nadu,210228.0,55760.0,118161.0,84485.0,4714.0,271750.0,1327815.0,0,0,0,0,0,1.0952,-0.9785481345802031,0.20601832032517084,-0.40319768608708534,-0.9151129033807907,0,0,0,0,0,0,0
2025-10-20,tamil_nadu,267252.0,71191.0,139979.0,39731.0,4571.0,280152.0,1491602.0,0,1,0,0,0,1.0758,-0.9467139181463862,0.3220757010206104,-0.6098270977059321,-0.7925344856241648,0,0,0,0,0,0,0
2025-10-27,tamil_nadu,192306.0,58593.0,135307.0,47961.0,4183.0,0.0,1299803.0,0,0,0,0,0,1.085,-0.9011686968561569,0.4334685453485363,-0.7812565682797488,-0.6242100403868479,0,0,0,0,0,0,0
2025-11-03,tamil_nadu,203373.0,43669.0,172665.0,90782.0,4143.0,0.0,1327866.0,0,0,0,0,0,1.0864,-0.8425720899866032,0.5385835804920232,-0.9075909860952637,-0.4198554536487849,0,0,0,0,0,0,0
2025-11-10,tamil_nadu,189588.0,49843.0,93140.0,38123.0,3652.0,0.0,1248964.0,0,0,0,0,0,1.095,-0.7717727365467837,0.6358984534680745,-0.9815381791978468,-0.19126631375382222,0,0,0,0,0,0,0
2025-11-17,tamil_nadu,181882.0,61070.0,126002.0,51058.0,3200.0,0.0,1235679.0,0,0,0,0,0,1.0723,-0.6897960046655887,0.7240037789593305,-0.9988298281778684,0.04836294389478229,0,0,0,0,0,0,0
2025-11-24,tamil_nadu,133215.0,44249.0,138682.0,46042.0,3011.0,0.0,1196442.0,0,0,0,0,0,1.0865,-0.5978291414589552,0.801623551065242,-0.9584678386132249,0.28520063524489725,0,0,0,0,0,0,0
2025-12-01,tamil_nadu,159448.0,64263.0,100096.0,32475.0,3094.0,0.0,1286042.0,1,0,0,0,0,1.0958,-0.4972040784469378,0.8676336233547726,-0.8627819522593745,0.5055762087514626,0,0,0,0,0,0,0
2025-12-08,tamil_nadu,137503.0,54811.0,107655.0,53939.0,3059.0,198553.0,1354178.0,1,0,0,0,0,1.0895,-0.3893781415452015,0.9210779895789526,-0.717295271600886,0.6967693257736101,0,0,0,0,0,0,0
2025-12-15,tamil_nadu,107590.0,50036.0,110056.0,39204.0,3777.0,247303.0,1234980.0,0,0,0,0,0,1.088,-0.27591294500296043,0.9611826292540837,-0.5304054598463659,0.8477440935595867,0,0,0,0,0,0,0
2025-12-22,tamil_nadu,159505.0,49811.0,122096.0,39099.0,2810.0,245173.0,1276867.0,0,0,0,0,0,1.0878,-0.15845177496083632,0.9873667175937016,-0.3129000178799537,0.949786070023521,0,0,0,0,0,0,0
2023-01-02,west_bengal,48475.0,45370.0,56018.0,34837.0,4542.0,0.0,731668.0,1,0,0,0,0,0.9838,0.03439806061360801,0.9994082116062598,0.06875540848113941,0.9976335468520451,0,0,0,0,0,0,0
2023-01-09,west_bengal,49136.0,34957.0,62396.0,18031.0,3270.0,0.0,723734.0,0,0,0,0,0,1.0066,0.1542040475626894,0.988039023376751,0.3047192331091634,0.9524422234305676,0,0,0,0,0,0,0
2023-01-16,west_bengal,46456.0,41484.0,43947.0,25444.0,3943.0,0.0,766526.0,0,0,0,0,0,0.9871,0.2717767384711357,0.9623603298276545,0.5230943033491326,0.8522748088519838,0,0,0,0,0,0,0
2023-01-23,west_bengal,48165.0,46713.0,42980.0,10576.0,3840.0,0.0,722210.0,0,0,0,0,0,0.9943,0.38541335945432564,0.9227440286201427,0.7112757519738152,0.7029130847082615,0,0,0,0,0,0,0
2023-01-30,west_bengal,48231.0,38276.0,26003.0,18572.0,3448.0,0.0,753592.0,0,0,0,0,0,0.9942,0.49346814167723735,0.8697638720650646,0.8584015232918917,0.512978386299228,0,0,0,0,0,0,0
2023-02-06,west_bengal,40197.0,41285.0,49222.0,15185.0,3301.0,0.0,742593.0,0,0,0,0,0,0.9946,0.5943761565849831,0.804187157621448,0.9559793438440766,0.2934339689665273,0,0,0,0,0,0,0
2023-02-13,west_bengal,35811.0,42560.0,39816.0,25894.0,3426.0,0.0,731125.0,0,0,0,0,0,1.0065,0.6866759803451553,0.726963615332308,0.998376906467142,0.056952196034039754,0,0,0,0,0,0,0
2023-02-20,west_bengal,42290.0,49943.0,35006.0,38927.0,3602.0,0.0,820835.0,1,0,0,0,0,0.9945,0.7690308592589181,0.6392116531380588,0.9831469737221499,-0.1828169249850199,0,0,0,0,0,0,0
2023-02-27,west_bengal,39327.0,43400.0,51485.0,15326.0,3672.0,0.0,732515.0,0,0,0,0,0,0.9912,0.8402480696078469,0.5422021592729844,0.9111686353326631,-0.41203363695942635,0,0,0,0,0,0,0
2023-03-06,west_bengal,34478.0,36775.0,36066.0,22757.0,3262.0,0.0,752802.0,0,0,0,0,0,1.0014,0.8992961915530253,0.4373400963303323,0.7865965660866021,-0.6174672802835514,0,0,0,0,0,0,0
2023-03-13,west_bengal,44507.0,46633.0,32990.0,24906.0,4186.0,0.0,719949.0,0,0,0,0,0,1.0158,0.945320046913132,0.3261441535642696,0.6166212130956382,-0.7872599821916922,0,0,0,0,0,0,0
2023-03-20,west_bengal,43145.0,43921.0,43214.0,22921.0,3540.0,0.0,720907.0,0,0,0,0,0,0.9908,0.9776530844816641,0.2102247521189836,0.4110537546870351,-0.9116111071930239,0,0,0,0,0,0,0
2023-03-27,west_bengal,58191.0,36028.0,24278.0,23085.0,3194.0,0.0,717639.0,0,0,0,0,0,1.0008,0.9958270335100595,0.09126072172931188,0.18175978759137534,-0.9833429613388902,0,0,0,0,0,0,0
2023-04-03,west_bengal,38972.0,46247.0,41218.0,38596.0,3538.0,0.0,755870.0,0,0,0,0,0,0.9976,0.9995786855478958,-0.029025013321975237,-0.05802556932878035,-0.9983150972033183,0,0,0,0,0,0,0
2023-04-10,west_bengal,44778.0,45928.0,40558.0,33540.0,3351.0,0.0,784439.0,0,0,0,0,0,1.0082,0.9888537064205885,-0.1488903868564548,-0.2944616217868012,-0.9556633054034704,0,0,0,0,0,0,0
2023-04-17,west_bengal,40211.0,39219.0,47871.0,21624.0,3674.0,0.0,723818.0,0,0,0,0,0,1.0012,0.9638074231367307,-0.26659942067929354,-0.5139010013093103,-0.8578494977869301,0,0,0,0,0,0,0
2023-04-24,west_bengal,38418.0,46807.0,26988.0,14181.0,3507.0,0.0,741340.0,0,0,0,0,0,0.9907,0.9248025743285089,-0.38044736628785164,-0.7036774074790128,-0.7105196029692745,0,0,0,0,0,0,0
2023-05-01,west_bengal,43064.0,43624.0,41212.0,19076.0,3473.0,0.0,758126.0,0,0,0,0,0,0.9816,0.8724040568049612,-0.48878539428899265,-0.8528367217694595,-0.522177676659508,0,0,0,0,0,0,0
2023-05-08,west_bengal,36343.0,35128.0,61175.0,18134.0,4051.0,0.0,755330.0,0,0,0,0,0,1.0039,0.8073707443023492,-0.5900444739548627,-0.9527692922168511,-0.30369503751065885,0,0,0,0,0,0,0
2023-05-15,west_bengal,58374.0,54511.0,48179.0,39981.0,3123.0,0.0,843989.0,1,0,0,0,0,0.9858,0.7306444969184916,-0.6827580970759147,-0.9977068927101168,-0.06768276175455162,0,0,0,0,0,0,0
2023-05-22,west_bengal,38385.0,48282.0,33322.0,17485.0,3733.0,0.0,770685.0,0,0,0,0,0,1.0043,0.6433365204044917,-0.765583517007675,-0.9850556718215013,0.172236243027682,0,0,0,0,0,0,0
2023-05-29,west_bengal,33466.0,47313.0,41073.0,36521.0,3753.0,0.0,787056.0,0,0,0,0,0,1.012,0.5467112728685939,-0.8373211953118121,-0.9155458729775467,0.40221356823680365,0,0,0,0,0,0,0
2023-06-05,west_bengal,38078.0,49958.0,29195.0,16888.0,3920.0,0.0,792449.0,0,0,0,0,0,1.0181,0.44216815196707204,-0.8969321743510065,-0.7931896839451843,0.6089746507720486,0,0,0,0,0,0,0
2023-06-12,west_bengal,31634.0,41878.0,40561.0,18166.0,3991.0,0.0,753249.0,0,0,0,0,0,0.999,0.3312212278016865,-0.9435531242349544,-0.6250496486104377,0.7805849965070866,0,0,0,0,0,0,0
2023-06-19,west_bengal,30335.0,48189.0,49746.0,13715.0,3996.0,0.0,721782.0,0,0,0,0,0,1.003,0.21547731504673012,-0.976508846196619,-0.42083100859565564,0.9071390534005044,0,0,0,0,0,0,0
2023-06-26,west_bengal,56804.0,60380.0,50143.0,41463.0,3664.0,0.0,873953.0,1,0,0,0,0,1.0021,0.0966127018812031,-0.9953220513156602,-0.19232150523909483,0.9813319716704275,0,0,0,0,0,0,0
2023-07-03,west_bengal,40909.0,43166.0,36979.0,21581.0,4138.0,0.0,795415.0,0,0,0,0,0,1.0138,-0.023651127245231586,-0.9997202729664083,0.04728902277113235,0.9988812483600598,0,0,0,0,0,0,0
2023-07-10,west_bengal,47217.0,46835.0,44735.0,21462.0,3681.0,0.0,768323.0,0,0,0,0,0,0.9973,-0.1435724234118113,-0.9896398128792412,0.2841699724797683,0.9587739184713191,0,0,0,0,0,0,0
2023-07-17,west_bengal,41449.0,47349.0,53304.0,20511.0,4227.0,0.0,805749.0,0,0,0,0,0,0.9961,-0.2614143985111562,-0.965226663665613,0.5046482954181526,0.8633250245021008,0,0,0,0,0,0,0
2023-07-24,west_bengal,31532.0,46397.0,47432.0,24755.0,3612.0,0.0,793382.0,0,0,0,0,0,0.9784,-0.3754703786876202,-0.9268343944460494,0.6959977221267386,0.7180439894563502,0,0,0,0,0,0,0
2023-07-31,west_bengal,45758.0,45060.0,40499.0,17511.0,4350.0,0.0,780345.0,0,0,0,0,0,0.996,-0.48408852163897587,-0.8750190302029955,0.847173337473877,0.5313166064347815,0,0,0,0,0,0,0
2023-08-07,west_bengal,48471.0,35983.0,49735.0,24745.0,3752.0,0.0,784415.0,0,0,0,0,0,1.0027,-0.5856957398073508,-0.8105309990194823,0.9494491062150135,0.31392100074304014,0,0,0,0,0,0,0
2023-08-14,west_bengal,48461.0,39640.0,44185.0,28969.0,3739.0,0.0,785352.0,0,0,0,0,0,0.999,-0.6788204829862355,-0.734304263829602,0.9969215500633253,0.07840550375666766,0,0,0,0,0,0,0
2023-08-21,west_bengal,47472.0,47277.0,72324.0,22352.0,4473.0,0.0,747729.0,0,0,0,0,0,1.0083,-0.7621140503891487,-0.6474427960827475,0.9868505034357966,-0.16163565160110782,0,0,0,0,0,0,0
2023-08-28,west_bengal,43364.0,50710.0,45430.0,26174.0,3494.0,0.0,749650.0,0,0,0,0,0,1.0083,-0.8343701235229537,-0.5512045872199277,0.9198172790502196,-0.3923470060554182,0,0,0,0,0,0,0
2023-09-04,west_bengal,54699.0,48799.0,51377.0,31890.0,4098.0,0.0,757446.0,0,0,0,0,0,1.017,-0.8945422369764496,-0.4469834295196741,0.7996911138678691,-0.600411627469661,0,0,0,0,0,0,0
2023-09-11,west_bengal,41632.0,47648.0,47985.0,48592.0,3893.0,0.0,836560.0,1,0,0,0,0,0.988,-0.9417589340994617,-0.33628873017668287,0.6334058321617086,-0.7738197799123084,0,0,0,0,0,0,0
2023-09-18,west_bengal,55522.0,43616.0,74298.0,22271.0,3795.0,65235.0,810853.0,0,0,0,0,0,1.0042,-0.9753363880767837,-0.2207236509605022,0.4305596169818739,-0.9025621398133328,0,0,0,0,0,0,0
2023-09-25,west_bengal,58082.0,45087.0,43946.0,35064.0,4597.0,90087.0,795991.0,0,0,0,0,0,1.0025,-0.994788305609327,-0.10196189005174576,0.2028609916826013,-0.9792075459541514,0,0,0,0,0,0,0
2023-10-02,west_bengal,53680.0,57754.0,50662.0,62938.0,5768.0,91286.0,902788.0,0,0,1,0,0,0.9945,-0.999832969770105,0.018276557681691223,-0.03654700988811993,-0.9993319348786156,0,0,0,0,0,0,0
2023-10-09,west_bengal,62356.0,40238.0,64124.0,35637.0,6958.0,110850.0,853333.0,0,0,0,0,0,0.994,-0.9903973200352558,0.1382503109109819,-0.2738454748405547,-0.9617737030660337,0,0,0,0,0,0,0
2023-10-16,west_bengal,107527.0,33579.0,101022.0,60657.0,5965.0,97447.0,891485.0,0,0,0,0,0,1.0038,-0.9666180104000972,0.2562218218071163,-0.49533725523256594,-0.8687007560596847,0,0,0,0,0,0,0
2023-10-23,west_bengal,95447.0,43601.0,73624.0,81507.0,5854.0,113608.0,983913.0,0,0,0,0,0,1.0037,-0.9288394302558068,0.3704825404820963,-0.6882375836422284,-0.7254853743958638,0,0,1,0,0,0,0
2023-10-30,west_bengal,70369.0,43781.0,69642.0,74917.0,6181.0,99049.0,862799.0,0,0,0,0,0,0.9926,-0.8776087166898392,0.4793776594606945,-0.8414120250581577,-0.5403941192199728,0,0,0,0,0,0,0
2023-11-06,west_bengal,72297.0,57830.0,65187.0,46523.0,5274.0,112332.0,1021794.0,0,1,0,0,0,1.0075,-0.8136678304455991,0.5813300798152042,-0.9460191696320084,-0.32411067660409654,0,0,0,0,0,0,0
2023-11-13,west_bengal,64807.0,40558.0,72324.0,90984.0,5389.0,0.0,877620.0,0,0,0,0,0,0.9972,-0.7379428103031386,0.6748632518680403,-0.9960209693076331,-0.08911918255618792,0,0,0,0,0,0,0
2023-11-20,west_bengal,69532.0,46911.0,98971.0,28264.0,5003.0,0.0,851912.0,0,0,0,0,0,1.0005,-0.6515303615068021,0.75862255966641,-0.9885312610933433,0.15101637606963153,0,0,0,0,0,0,0
2023-11-27,west_bengal,68768.0,48024.0,52196.0,43473.0,6157.0,0.0,830098.0,0,0,0,0,0,0.9947,-0.5556819724760489,0.8313949395234058,-0.9239823598019431,0.3824350909302552,0,0,0,0,0,0,0
2023-12-04,west_bengal,74055.0,53489.0,58559.0,40073.0,4765.0,0.0,812492.0,0,0,0,0,0,0.9999,-0.451785789832884,0.8921264484954345,-0.8061001043286311,0.5917792002101544,0,0,0,0,0,0,0
2023-12-11,west_bengal,76468.0,37840.0,59883.0,29557.0,4522.0,0.0,810143.0,0,0,0,0,0,0.9814,-0.34134651424503615,0.9399375283564133,-0.641688797825113,0.7669651144255266,0,0,0,0,0,0,0
2023-12-18,west_bengal,58132.0,43175.0,49386.0,45880.0,4299.0,0.0,779988.0,0,0,0,0,0,1.0014,-0.22596360824801906,0.974135744004672,-0.4402384552773285,0.8978808954950716,0,0,0,0,0,0,0
2023-12-25,west_bengal,50500.0,49018.0,34541.0,36295.0,4091.0,0.0,791534.0,0,0,0,0,0,0.9903,-0.10730813165636247,0.9942258118156161,-0.21337702862092797,0.9769699297608415,0,0,0,0,0,0,0
2024-01-01,west_bengal,58348.0,55855.0,52903.0,65477.0,4487.0,0.0,907503.0,0,0,0,1,0,1.0479,0.017201575418260506,0.9998520419557735,0.03439806061360801,0.9994082116062598,0,0,0,0,0,0,0
2024-01-08,west_bengal,47450.0,51282.0,44900.0,14796.0,4175.0,0.0,815139.0,0,0,0,0,0,1.0261,0.13718540405660057,0.9905453876091833,0.2717767384711357,0.9623603298276545,0,0,0,0,0,0,0
2024-01-15,west_bengal,49676.0,47946.0,54179.0,48801.0,4592.0,0.0,829161.0,0,0,0,0,0,1.0392,0.2551824131233728,0.9668929289391521,0.49346814167723735,0.8697638720650646,0,0,0,0,0,0,0
2024-01-22,west_bengal,42930.0,54223.0,54933.0,30033.0,3632.0,0.0,765947.0,0,0,0,0,0,1.0461,0.3694836834473831,0.9292372181882051,0.6866759803451553,0.726963615332308,0,0,0,0,0,0,0
2024-01-29,west_bengal,51579.0,45662.0,50294.0,37368.0,3489.0,0.0,755345.0,0,0,0,0,0,1.0386,0.4784338202547012,0.8781236129591848,0.8402480696078469,0.5422021592729844,0,0,0,0,0,0,0
2024-02-05,west_bengal,46707.0,49889.0,36750.0,25959.0,3754.0,0.0,832653.0,0,0,0,0,0,1.0486,0.580454927809098,0.8142923779467267,0.945320046913132,0.3261441535642696,0,0,0,0,0,0,0
2024-02-12,west_bengal,48257.0,53019.0,38059.0,27906.0,3344.0,0.0,844308.0,0,0,0,0,0,1.0273,0.6740694616546161,0.7386679638813748,0.9958270335100595,0.09126072172931188,0,0,0,0,0,0,0
2024-02-19,west_bengal,48928.0,42980.0,46972.0,46430.0,4317.0,0.0,796922.0,0,0,0,0,0,1.0385,0.7579216274973472,0.6523456189565257,0.9888537064205885,-0.1488903868564548,0,0,0,0,0,0,0
2024-02-26,west_bengal,46601.0,50605.0,60227.0,33431.0,4390.0,0.0,786683.0,0,0,0,0,0,1.0319,0.8307970168121247,0.5565755266413303,0.9248025743285089,-0.38044736628785164,0,0,0,0,0,0,0
2024-03-04,west_bengal,45399.0,42916.0,49343.0,27528.0,4046.0,0.0,827485.0,0,0,0,0,0,1.0385,0.8916401947968874,0.45274469960737107,0.8073707443023492,-0.5900444739548627,0,0,0,0,0,0,0
2024-03-11,west_bengal,48851.0,44929.0,40373.0,22442.0,3564.0,0.0,826398.0,0,0,0,0,0,1.041,0.9395699859530622,0.342356891994542,0.6433365204044917,-0.765583517007675,0,0,0,0,0,0,0
2024-03-18,west_bengal,31272.0,38858.0,49023.0,20540.0,3844.0,0.0,792484.0,0,0,0,0,0,1.0321,0.9738922359149924,0.22701082094141847,0.44216815196707204,-0.8969321743510065,0,0,0,0,0,0,0
2024-03-25,west_bengal,51803.0,45339.0,39622.0,27908.0,3642.0,0.0,820646.0,0,0,0,0,0,1.03,0.9941098647022418,0.10837701279187609,0.21547731504673012,-0.976508846196619,0,0,0,0,0,0,0
2024-04-01,west_bengal,38543.0,47100.0,52173.0,37699.0,4841.0,0.0,849916.0,1,0,0,0,0,1.0375,0.9999300657962057,-0.011826390691832589,-0.023651127245231586,-0.9997202729664083,0,0,0,0,0,0,0
2024-04-08,west_bengal,42199.0,50610.0,56160.0,22165.0,4675.0,0.0,788450.0,0,0,0,0,0,1.0395,0.9912685467787256,-0.13185851571739118,-0.2614143985111562,-0.965226663665613,0,0,0,0,0,0,0
2024-04-15,west_bengal,55674.0,47541.0,43736.0,28689.0,3151.0,0.0,814280.0,0,0,0,0,0,1.0338,0.9682507501166718,-0.2499809690726521,-0.48408852163897587,-0.8750190302029955,0,0,0,0,0,0,0
2024-04-22,west_bengal,37495.0,47365.0,49432.0,35804.0,4243.0,0.0,794842.0,0,0,0,0,0,1.0406,0.9312100364121947,-0.3644830148102912,-0.6788204829862355,-0.734304263829602,0,0,0,0,0,0,0
2024-04-29,west_bengal,47487.0,43407.0,49090.0,55926.0,4699.0,0.0,821591.0,0,0,0,0,0,1.041,0.8806828564301475,-0.47370635037968,-0.8343701235229537,-0.5512045872199277,0,0,0,0,0,0,0
2024-05-06,west_bengal,45495.0,47969.0,33223.0,31136.0,4269.0,0.0,810410.0,0,0,0,0,0,1.0358,0.8174009818249189,-0.5760691233798758,-0.9417589340994617,-0.33628873017668287,0,0,0,0,0,0,0
2024-05-13,west_bengal,51096.0,50330.0,46539.0,42335.0,4284.0,0.0,846057.0,0,0,0,0,0,1.0458,0.742280907086982,-0.6700888411055113,-0.994788305609327,-0.10196189005174576,0,0,0,0,0,0,0
2024-05-20,west_bengal,52115.0,43598.0,42083.0,58671.0,4002.0,0.0,871299.0,0,0,0,0,0,1.0437,0.6564105761979381,-0.7544038410927472,-0.9903973200352558,0.1382503109109819,0,0,0,0,0,0,0
2024-05-27,west_bengal,49043.0,46265.0,45141.0,20304.0,3664.0,0.0,823912.0,0,0,0,0,0,1.0443,0.5610336262283677,-0.8277930117131022,-0.9288394302558068,0.3704825404820963,0,0,0,0,0,0,0
2024-06-03,west_bengal,49213.0,49980.0,53216.0,27507.0,4524.0,0.0,829802.0,0,0,0,0,0,1.0267,0.4575313760742512,-0.8891934772070711,-0.8136678304455991,0.5813300798152042,0,0,0,0,0,0,0
2024-06-10,west_bengal,49909.0,47501.0,45023.0,34230.0,4356.0,0.0,847779.0,0,0,0,0,0,1.0409,0.3474028211842774,-0.9377159910299093,-0.6515303615068021,0.75862255966641,0,0,0,0,0,0,0
2024-06-17,west_bengal,59747.0,57414.0,65485.0,30625.0,4079.0,0.0,865912.0,0,0,0,0,0,1.0344,0.23224292400907015,-0.9726578145718654,-0.451785789832884,0.8921264484954345,0,0,0,0,0,0,0
2024-06-24,west_bengal,37858.0,56343.0,51264.0,26248.0,4492.0,0.0,836108.0,0,0,0,0,0,1.0423,0.11371951458594969,-0.9935128947338007,-0.22596360824801906,0.974135744004672,0,0,0,0,0,0,0
2024-07-01,west_bengal,53533.0,40652.0,50688.0,28114.0,3157.0,0.0,807201.0,0,0,0,0,0,1.0389,-0.00645086419810515,-0.9999791929590823,0.012901459949419653,0.9999167727021953,0,0,0,0,0,0,0
2024-07-08,west_bengal,57853.0,64067.0,41624.0,36053.0,4298.0,0.0,885475.0,0,0,0,0,0,1.0284,-0.12652781683868314,-0.9919630595773397,0.2510218406258827,0.9679814231320734,0,0,0,0,0,0,0
2024-07-15,west_bengal,47432.0,52965.0,55392.0,26033.0,4204.0,0.0,843398.0,0,0,0,0,0,1.0376,-0.24477230089725957,-0.9695805901076308,0.47465294389193496,0.8801730414269229,0,0,0,0,0,0,0
2024-07-22,west_bengal,67736.0,59197.0,44621.0,29994.0,3255.0,0.0,810387.0,0,0,0,0,0,1.0286,-0.3594718130884232,-0.9331559438780432,0.6708865180801582,0.7415600311898435,0,0,0,0,0,0,0
2024-07-29,west_bengal,52189.0,46611.0,57387.0,22883.0,4159.0,0.0,808732.0,0,0,0,0,0,1.0215,-0.46896519100763184,-0.8832166493127127,0.8283957292921138,0.5601432992463508,0,0,0,0,0,0,0
2024-08-05,west_bengal,73414.0,57005.0,46506.0,67226.0,4673.0,0.0,882101.0,0,0,0,0,0,1.0322,-0.5716666713027052,-0.8204859638785327,0.9380889596420647,0.3463944338433696,0,0,0,0,0,0,0
2024-08-12,west_bengal,53584.0,51842.0,42618.0,23887.0,4318.0,0.0,824084.0,0,0,0,0,0,1.0366,-0.666088855860977,-0.7458723993404063,0.993634586189866,0.11265127219562909,0,0,0,0,0,0,0
2024-08-19,west_bengal,59726.0,47207.0,66233.0,36719.0,4336.0,0.0,838531.0,0,0,0,0,0,1.0482,-0.7508642533989489,-0.6604565640279754,0.9918264497026016,-0.12759425406472188,0,0,0,0,0,0,0
2024-08-26,west_bengal,50645.0,53738.0,47375.0,26259.0,4203.0,0.0,797937.0,0,0,0,0,0,1.0327,-0.8247650844733614,-0.5654755126737576,0.9327689179559782,-0.3604748891327019,0,0,0,0,0,0,0
2024-09-02,west_bengal,59289.0,53387.0,53122.0,45418.0,4949.0,74037.0,859193.0,0,0,0,0,0,1.0368,-0.886721063082993,-0.46230483047981086,0.8198708615029215,-0.5725484874300667,0,0,0,0,0,0,0
2024-09-09,west_bengal,59579.0,49304.0,51545.0,27069.0,4182.0,83437.0,839917.0,0,0,0,0,0,1.0602,-0.9358348973349941,-0.35243871088460327,0.6596488896351408,-0.7515739101399981,0,0,0,0,0,0,0
2024-09-16,west_bengal,74862.0,52841.0,61234.0,54374.0,5429.0,77792.0,839828.0,0,0,0,0,0,1.0234,-0.97139528468375,-0.23746831555846842,0.461351203990578,-0.8872175982116474,0,0,0,0,0,0,0
2024-09-23,west_bengal,78664.0,64623.0,54497.0,110625.0,6851.0,104760.0,1018013.0,0,0,1,0,0,1.0228,-0.9928872135356962,-0.11905873003404988,0.23642378142121298,-0.9716500376053585,0,0,0,0,0,0,0
2024-09-30,west_bengal,91007.0,52851.0,102118.0,83326.0,6719.0,116554.0,897286.0,0,0,0,0,0,1.0411,-0.9999994220246925,0.001075151282798226,-0.0021503013227746654,-0.9999976880994382,0,0,0,0,0,0,0
2024-10-07,west_bengal,105601.0,70121.0,111637.0,48852.0,6317.0,104650.0,1100288.0,1,0,0,0,0,1.0251,-0.9926289059345095,0.121193461470736,-0.2406002661322256,-0.9706242897934825,0,0,1,0,0,0,0
2024-10-14,west_bengal,94697.0,50504.0,102264.0,86080.0,6432.0,108163.0,931747.0,0,0,0,0,0,1.0445,-0.9708824104813836,0.23955655912092708,-0.46516249913190355,-0.8852253099642835,0,0,0,0,0,0,0
2024-10-21,west_bengal,92346.0,61791.0,69105.0,53613.0,6442.0,108612.0,1037639.0,1,0,0,0,0,1.0368,-0.9350748843515574,0.3544502230989869,-0.6628750027453377,-0.7487300786901568,0,0,0,0,0,0,0
2024-10-28,west_bengal,94172.0,71698.0,109428.0,44586.0,6364.0,115431.0,1106589.0,0,1,0,0,0,1.021,-0.8857249183835637,0.4642104791518923,-0.8223255775192096,-0.5690172620911411,0,0,0,0,0,0,0
2024-11-04,west_bengal,82825.0,55264.0,88977.0,44473.0,5252.0,0.0,884286.0,0,0,0,0,0,1.0414,-0.8235472349556007,0.5672476988027229,-0.9343105477678196,-0.3564600964060307,0,0,0,0,0,0,0
2024-11-11,west_bengal,71656.0,46740.0,94608.0,37141.0,5626.0,0.0,903091.0,0,0,0,0,0,1.0242,-0.7494423368521953,0.6620696215153815,-0.9923660086146721,-0.12332763253295889,0,0,0,0,0,0,0
2024-11-18,west_bengal,54364.0,44834.0,102096.0,64162.0,5818.0,0.0,862694.0,0,0,0,0,0,1.0462,-0.6644834655228552,0.7473029667054297,-0.9931409302238695,0.11692344809347308,0,0,0,0,0,0,0
2024-11-25,west_bengal,69547.0,52787.0,71171.0,46669.0,4215.0,0.0,841625.0,0,0,0,0,0,1.0385,-0.5699010576127624,0.821713322596059,-0.936590583203982,0.3504255690637097,0,0,0,0,0,0,0
2024-12-02,west_bengal,57802.0,46978.0,71520.0,23607.0,5538.0,0.0,879567.0,0,0,0,0,0,1.0146,-0.46706492487743034,0.8842230238742036,-0.8259791204413983,0.5637007118984807,0,0,0,0,0,0,0
2024-12-09,west_bengal,52492.0,42319.0,56178.0,58385.0,4638.0,0.0,884930.0,0,0,0,0,0,1.0392,-0.3574644155648614,0.9339267592294762,-0.6676911663366994,0.7444383832097442,0,0,0,0,0,0,0
2024-12-16,west_bengal,73549.0,51625.0,44454.0,36193.0,4819.0,0.0,850991.0,0,0,0,0,0,1.0519,-0.2426868445825954,0.9701046827361175,-0.4708632887360563,0.8822061909330864,0,0,0,0,0,0,0
2024-12-23,west_bengal,41416.0,47499.0,73592.0,38454.0,4231.0,0.0,853364.0,0,0,0,0,0,1.0558,-0.12439450483979998,0.9922328391893008,-0.2468566254334839,0.9690520143313219,0,0,0,0,0,0,0
2024-12-30,west_bengal,65148.0,52881.0,56494.0,56943.0,4674.0,0.0,940200.0,0,0,0,1,0,1.0425,-0.004300592702981974,0.9999907524084426,-0.008601105865714402,0.9999630098048061,0,0,0,0,0,0,0
2025-01-06,west_bengal,70389.0,61963.0,51235.0,65105.0,5240.0,0.0,895222.0,0,0,0,0,0,1.0809,0.10303137904317879,0.9946781061893646,0.20496611396949532,0.9787690698649216,0,0,0,0,0,0,0
2025-01-13,west_bengal,58089.0,66421.0,65741.0,65566.0,4213.0,0.0,834259.0,0,0,0,0,0,1.0627,0.22177215755648186,0.975098513039961,0.4324994021339788,0.901634220265486,0,0,0,0,0,0,0
2025-01-20,west_bengal,57164.0,54901.0,49120.0,42982.0,4309.0,0.0,854418.0,0,0,0,0,0,1.0606,0.3373010691361842,0.9413968285264122,0.6350683134867438,0.7724559775191742,0,0,0,0,0,0,0
2025-01-27,west_bengal,54477.0,60478.0,49109.0,33288.0,4872.0,0.0,868493.0,0,0,0,0,0,1.0932,0.44794493940789115,0.8940611451454876,0.8009803309782905,0.5986906625177214,0,0,0,0,0,0,0
2025-02-03,west_bengal,51638.0,47610.0,62156.0,47703.0,3993.0,0.0,854775.0,0,0,0,0,0,1.0843,0.5521013427459208,0.8337770129585915,0.9206588168102428,0.3903682146763026,0,0,0,0,0,0,0
2025-02-10,west_bengal,63763.0,50242.0,59788.0,60265.0,4597.0,0.0,869768.0,0,0,0,0,0,1.0634,0.6482618097757122,0.7614175109532997,0.9871957872910085,0.15951325197263655,0,0,0,0,0,0,0
2025-02-17,west_bengal,56265.0,50486.0,52103.0,26571.0,3465.0,0.0,869964.0,0,0,0,0,0,1.0802,0.7350336741329412,0.6780306024735382,0.9967506498213929,-0.08054900421874167,0,0,0,0,0,0,0
2025-02-24,west_bengal,61307.0,56114.0,74660.0,36488.0,3923.0,0.0,914050.0,0,0,0,0,0,1.0712,0.8111602420785621,0.5848239578463322,0.9487718864399473,-0.31596187665790293,0,0,0,0,0,0,0
2025-03-03,west_bengal,81926.0,66092.0,69063.0,38502.0,4487.0,0.0,887839.0,0,0,0,0,0,1.102,0.8755389928586302,0.4831474640149687,0.8460288880917339,-0.533137056031809,0,0,0,0,0,0,0
2025-03-10,west_bengal,63515.0,60026.0,61742.0,26004.0,4105.0,0.0,892834.0,0,0,0,0,0,1.1146,0.9272375462179537,0.374473674486883,0.6944521021088763,-0.719538934232584,0,0,0,0,0,0,0
2025-03-17,west_bengal,47124.0,48414.0,50876.0,28261.0,3988.0,0.0,856519.0,0,0,0,0,0,1.0634,0.9655071658143364,0.2603764827344581,0.5027907197793043,-0.8644081744776648,0,0,0,0,0,0,0
2025-03-24,west_bengal,54506.0,60851.0,70404.0,35097.0,4415.0,0.0,970102.0,1,0,0,0,0,1.0829,0.9897936029670716,0.14250832791617088,0.2821076626819194,-0.9593827529490743,0,0,0,0,0,0,0
2025-03-31,west_bengal,55207.0,62397.0,47923.0,31333.0,4826.0,0.0,941901.0,1,0,0,0,0,1.0515,0.9997451236925734,0.022576263041545485,0.04514101777397193,-0.9989806246941579,0,0,0,0,0,0,0
2025-04-07,west_bengal,66971.0,71096.0,50481.0,19985.0,4147.0,0.0,870262.0,0,0,0,0,0,1.0761,0.9952176027737294,-0.09768276782171598,-0.19443122004766195,-0.9809161537413774,0,0,0,0,0,0,0
2025-04-14,west_bengal,57818.0,59856.0,87663.0,32351.0,4833.0,0.0,864553.0,0,0,0,0,0,1.0882,0.9762766110869321,-0.21652708524481437,-0.4227806579826773,-0.9062320427107697,0,0,0,0,0,0,0
2025-04-21,west_bengal,55441.0,54506.0,47793.0,28599.0,5127.0,0.0,870306.0,0,0,0,0,0,1.0642,0.9431964659565866,-0.33223549871590435,-0.6267266965083301,-0.7792391467859886,0,0,0,0,0,0,0
2025-04-28,west_bengal,55710.0,55872.0,72710.0,45804.0,3964.0,0.0,989080.0,1,0,0,0,0,1.0689,0.8964562582905575,-0.44313223418263453,-0.7944973291665992,-0.6072676460566135,0,0,0,0,0,0,0
2025-05-05,west_bengal,54161.0,58006.0,73399.0,80019.0,4075.0,0.0,876009.0,0,0,0,0,0,1.0818,0.8367329140344921,-0.5476112038402312,-0.9164086366943458,-0.4002439388573056,0,0,0,0,0,0,0
2025-05-12,west_bengal,60575.0,67071.0,72402.0,25532.0,5005.0,0.0,970336.0,1,0,0,0,0,1.0824,0.7648913904341226,-0.6441592666722685,-0.9854237542919524,-0.17011767832049052,0,0,0,0,0,0,0
2025-05-19,west_bengal,59677.0,52942.0,62137.0,14700.0,4577.0,0.0,903217.0,0,0,0,0,0,1.0807,0.6819721490904629,-0.7313781428679254,-0.9975590477788613,0.06982797572987089,0,0,0,0,0,0,0
2025-05-26,west_bengal,52206.0,52386.0,67997.0,50616.0,4343.0,0.0,932778.0,0,0,0,0,0,1.0772,0.5891760872322963,-0.8080046647350754,-0.9521140536681102,0.3057430764672831,0,0,0,0,0,0,0
2025-06-02,west_bengal,45205.0,62700.0,48519.0,36872.0,4972.0,0.0,1014421.0,1,0,0,0,0,1.0621,0.4878471454423119,-0.8729290708206411,-0.8517119107469189,0.5240103253675756,0,0,0,0,0,0,0
2025-06-09,west_bengal,65914.0,59889.0,99214.0,24843.0,4232.0,0.0,909877.0,0,0,0,0,0,1.0755,0.37945284372454435,-0.925211078289358,-0.7021479494046978,0.7120310787787131,0,0,0,0,0,0,0
2025-06-16,west_bengal,57632.0,52115.0,86417.0,29402.0,4952.0,0.0,919250.0,0,0,0,0,0,1.0832,0.26556302780405594,-0.9640935007889755,-0.5120551783114646,0.8589525565270845,0,0,0,0,0,0,0
2025-06-23,west_bengal,64811.0,64962.0,54280.0,39635.0,4899.0,0.0,893944.0,0,0,0,0,0,1.097,0.14782713347053048,-0.9890132145779883,-0.29240597695107734,0.9562942772197719,0,0,0,0,0,0,0
2025-06-30,west_bengal,73140.0,56089.0,48860.0,32465.0,4064.0,0.0,925030.0,0,0,0,0,0,1.1019,0.02795029824021032,-0.999609314096404,-0.05587875690537313,0.9984375616565666,0,0,0,0,0,0,0
2025-07-07,west_bengal,65214.0,67992.0,73704.0,34725.0,4035.0,0.0,970505.0,0,0,0,0,0,1.0833,-0.09233133369539122,-0.9957283388645872,0.18387385105132759,0.9829498496360606,0,0,0,0,0,0,0
2025-07-14,west_bengal,55176.0,57520.0,75660.0,35716.0,4131.0,0.0,913252.0,0,0,0,0,0,1.0862,-0.2112757555821793,-0.9774264960104055,0.4130130429412807,0.9107251102063585,0,0,0,0,0,0,0
2025-07-21,west_bengal,53187.0,71030.0,71424.0,53189.0,4958.0,0.0,922831.0,0,0,0,0,0,1.0771,-0.3271603271220951,-0.9449688462364056,0.6183126337097825,0.7859322407147274,0,0,0,0,0,0,0
2025-07-28,west_bengal,61150.0,62928.0,48251.0,76510.0,4563.0,0.0,900536.0,0,0,0,0,0,1.0773,-0.4383067230125192,-0.898825465016444,0.7879224882631226,0.6157744331240536,0,0,0,0,0,0,0
2025-08-04,west_bengal,72344.0,53987.0,77457.0,24564.0,4385.0,0.0,871723.0,0,0,0,0,0,1.0788,-0.5431052396834317,-0.8396646346181327,0.912052525275964,0.41007339725680436,0,0,0,0,0,0,0
2025-08-11,west_bengal,74115.0,59649.0,97489.0,118680.0,4638.0,0.0,891072.0,0,0,0,0,0,1.0803,-0.6400381082043503,-0.7683431655492202,0.9835378122597296,0.18070244009239297,0,0,0,0,0,0,0
2025-08-18,west_bengal,64860.0,47524.0,43462.0,61528.0,5517.0,0.0,928674.0,0,0,0,0,0,1.0846,-0.7277014757264236,-0.6858939875998223,0.9982521339365441,-0.0590988755488295,0,0,0,0,0,0,0
2025-08-25,west_bengal,65446.0,49846.0,57165.0,40856.0,4527.0,92108.0,968139.0,0,0,0,0,0,1.0761,-0.8048257371083452,-0.593511190196115,0.9553461622632788,-0.29548893422398215,0,0,0,0,0,0,0
2025-09-01,west_bengal,77737.0,48946.0,94520.0,63282.0,4547.0,91260.0,960999.0,0,0,0,0,0,1.0736,-0.8702939222685674,-0.49253272872205434,0.8572964806503138,-0.5148230222752145,0,0,0,0,0,0,0
2025-09-08,west_bengal,68865.0,50688.0,61708.0,64346.0,5221.0,94221.0,931120.0,0,0,0,0,0,1.0578,-0.9231578729647039,-0.38442104726885545,0.709762632639161,-0.7044409168334328,0,0,0,0,0,0,0
2025-09-15,west_bengal,94820.0,57287.0,88010.0,73769.0,6696.0,121596.0,1001554.0,0,0,0,0,0,1.0981,-0.9626519747161487,-0.2707418984477642,0.5212604463582784,-0.8533976488498011,0,0,0,0,0,0,0
2025-09-22,west_bengal,84235.0,68525.0,118712.0,128338.0,7564.0,107213.0,1113815.0,0,0,1,0,0,1.085,-0.9882042449941422,-0.15314166701312007,0.30267049085568926,-0.9530952596488853,0,0,0,0,0,0,0
2025-09-29,west_bengal,136258.0,76944.0,129436.0,63693.0,9676.0,121768.0,1120670.0,0,0,0,0,0,1.0775,-0.9994446170919858,-0.033323525711631344,0.06661003679003268,-0.9977790852682925,0,0,1,0,0,0,0
2025-10-06,west_bengal,136239.0,54206.0,125406.0,150321.0,8662.0,139658.0,1009889.0,0,0,0,0,0,1.0879,-0.9962102997023297,0.0869772313136861,-0.17329522734857217,-0.9848699224660111,0,0,0,0,0,0,0
2025-10-13,west_bengal,153465.0,51635.0,95111.0,68391.0,6520.0,122176.0,971608.0,0,0,0,0,0,1.0896,-0.9785481345802031,0.20601832032517084,-0.40319768608708534,-0.9151129033807907,0,0,0,0,0,0,0
2025-10-20,west_bengal,137928.0,100490.0,118205.0,60912.0,6883.0,125386.0,1194669.0,0,1,0,0,0,1.0813,-0.9467139181463862,0.3220757010206104,-0.6098270977059321,-0.7925344856241648,0,0,0,0,0,0,0
2025-10-27,west_bengal,71199.0,63233.0,91112.0,101190.0,6834.0,0.0,992960.0,0,0,0,0,0,1.0909,-0.9011686968561569,0.4334685453485363,-0.7812565682797488,-0.6242100403868479,0,0,0,0,0,0,0
2025-11-03,west_bengal,85506.0,57028.0,114460.0,65724.0,6696.0,0.0,964788.0,0,0,0,0,0,1.0702,-0.8425720899866032,0.5385835804920232,-0.9075909860952637,-0.4198554536487849,0,0,0,0,0,0,0
2025-11-10,west_bengal,89341.0,55723.0,112930.0,65827.0,5364.0,0.0,921619.0,0,0,0,0,0,1.1073,-0.7717727365467837,0.6358984534680745,-0.9815381791978468,-0.19126631375382222,0,0,0,0,0,0,0
2025-11-17,west_bengal,103517.0,58656.0,88887.0,67752.0,5082.0,0.0,928992.0,0,0,0,0,0,1.0858,-0.6897960046655887,0.7240037789593305,-0.9988298281778684,0.04836294389478229,0,0,0,0,0,0,0
2025-11-24,west_bengal,71406.0,57254.0,52018.0,23968.0,5599.0,0.0,914674.0,0,0,0,0,0,1.0807,-0.5978291414589552,0.801623551065242,-0.9584678386132249,0.28520063524489725,0,0,0,0,0,0,0
2025-12-01,west_bengal,69401.0,59280.0,60642.0,80126.0,4921.0,0.0,901303.0,0,0,0,0,0,1.0953,-0.4972040784469378,0.8676336233547726,-0.8627819522593745,0.5055762087514626,0,0,0,0,0,0,0
2025-12-08,west_bengal,58974.0,60989.0,78725.0,49798.0,5646.0,0.0,976395.0,1,0,0,0,0,1.0827,-0.3893781415452015,0.9210779895789526,-0.717295271600886,0.6967693257736101,0,0,0,0,0,0,0
2025-12-15,west_bengal,61988.0,64216.0,56189.0,53417.0,4660.0,0.0,973838.0,1,0,0,0,0,1.0731,-0.27591294500296043,0.9611826292540837,-0.5304054598463659,0.8477440935595867,0,0,0,0,0,0,0
2025-12-22,west_bengal,61988.0,59578.0,61423.0,25448.0,5914.0,0.0,934462.0,0,0,0,0,0,1.0812,-0.15845177496083632,0.9873667175937016,-0.3129000178799537,0.949786070023521,0,0,0,0,0,0,0
2023-01-02,gujarat,116163.0,41016.0,20953.0,77772.0,2595.0,0.0,900260.0,0,0,0,0,0,1.0007,0.03439806061360801,0.9994082116062598,0.06875540848113941,0.9976335468520451,0,0,0,0,0,0,0
2023-01-09,gujarat,100437.0,43956.0,22885.0,44609.0,3146.0,0.0,926038.0,0,0,0,0,0,0.9888,0.1542040475626894,0.988039023376751,0.3047192331091634,0.9524422234305676,0,0,0,0,0,0,0
2023-01-16,gujarat,125372.0,42482.0,18192.0,52856.0,2017.0,0.0,981519.0,0,0,0,0,0,1.0203,0.2717767384711357,0.9623603298276545,0.5230943033491326,0.8522748088519838,0,0,0,0,0,0,0
2023-01-23,gujarat,93423.0,38120.0,20863.0,28223.0,2394.0,0.0,960163.0,0,0,0,0,0,0.9939,0.38541335945432564,0.9227440286201427,0.7112757519738152,0.7029130847082615,0,0,0,0,0,0,0
2023-01-30,gujarat,132518.0,45139.0,17836.0,35822.0,2641.0,0.0,984919.0,0,0,0,0,0,0.9944,0.49346814167723735,0.8697638720650646,0.8584015232918917,0.512978386299228,0,0,0,0,0,0,0
2023-02-06,gujarat,91844.0,41176.0,17040.0,59152.0,2329.0,0.0,894317.0,0,0,0,0,0,1.0202,0.5943761565849831,0.804187157621448,0.9559793438440766,0.2934339689665273,0,0,0,0,0,0,0
2023-02-13,gujarat,83492.0,41037.0,21906.0,51501.0,2953.0,0.0,950936.0,0,0,0,0,0,1.0044,0.6866759803451553,0.726963615332308,0.998376906467142,0.056952196034039754,0,0,0,0,0,0,0
2023-02-20,gujarat,78433.0,46058.0,19951.0,52311.0,2109.0,0.0,919632.0,0,0,0,0,0,1.0158,0.7690308592589181,0.6392116531380588,0.9831469737221499,-0.1828169249850199,0,0,0,0,0,0,0
2023-02-27,gujarat,109393.0,48690.0,18040.0,63243.0,2418.0,0.0,967428.0,0,0,0,0,0,0.9957,0.8402480696078469,0.5422021592729844,0.9111686353326631,-0.41203363695942635,0,0,0,0,0,0,0
2023-03-06,gujarat,97933.0,46284.0,14382.0,67103.0,2365.0,0.0,977831.0,0,0,0,0,0,0.9876,0.8992961915530253,0.4373400963303323,0.7865965660866021,-0.6174672802835514,0,0,0,0,0,0,0
2023-03-13,gujarat,113285.0,41290.0,11421.0,58798.0,2184.0,0.0,1044592.0,1,0,0,0,0,1.0163,0.945320046913132,0.3261441535642696,0.6166212130956382,-0.7872599821916922,0,0,0,0,0,0,0
2023-03-20,gujarat,110614.0,41088.0,19742.0,35842.0,2057.0,0.0,944808.0,0,0,0,0,0,0.9901,0.9776530844816641,0.2102247521189836,0.4110537546870351,-0.9116111071930239,0,0,0,0,0,0,0
2023-03-27,gujarat,97166.0,43236.0,19448.0,83097.0,1846.0,0.0,940417.0,0,0,0,0,0,0.9813,0.9958270335100595,0.09126072172931188,0.18175978759137534,-0.9833429613388902,0,0,0,0,0,0,0
2023-04-03,gujarat,105397.0,39096.0,15805.0,50050.0,2442.0,0.0,919793.0,0,0,0,0,0,0.9922,0.9995786855478958,-0.029025013321975237,-0.05802556932878035,-0.9983150972033183,0,0,0,0,0,0,0
2023-04-10,gujarat,123757.0,45428.0,24554.0,86570.0,2092.0,0.0,1033366.0,0,0,0,0,0,0.9927,0.9888537064205885,-0.1488903868564548,-0.2944616217868012,-0.9556633054034704,0,0,0,0,0,0,0
2023-04-17,gujarat,120642.0,42133.0,18475.0,71146.0,2374.0,0.0,993229.0,0,0,0,0,0,1.0026,0.9638074231367307,-0.26659942067929354,-0.5139010013093103,-0.8578494977869301,0,0,0,0,0,0,0
2023-04-24,gujarat,91604.0,40532.0,19665.0,40002.0,2684.0,0.0,948814.0,0,0,0,0,0,0.997,0.9248025743285089,-0.38044736628785164,-0.7036774074790128,-0.7105196029692745,0,0,0,0,0,0,0
2023-05-01,gujarat,116531.0,55489.0,18647.0,30856.0,2555.0,0.0,985396.0,0,0,0,0,0,0.9993,0.8724040568049612,-0.48878539428899265,-0.8528367217694595,-0.522177676659508,0,0,0,0,0,0,0
2023-05-08,gujarat,93249.0,39936.0,26099.0,49315.0,2404.0,0.0,950489.0,0,0,0,0,0,0.9892,0.8073707443023492,-0.5900444739548627,-0.9527692922168511,-0.30369503751065885,0,0,0,0,0,0,0
2023-05-15,gujarat,90386.0,51636.0,14889.0,41182.0,2639.0,0.0,1027231.0,1,0,0,0,0,0.9913,0.7306444969184916,-0.6827580970759147,-0.9977068927101168,-0.06768276175455162,0,0,0,0,0,0,0
2023-05-22,gujarat,94095.0,45557.0,21239.0,49497.0,3019.0,0.0,997319.0,0,0,0,0,0,0.9978,0.6433365204044917,-0.765583517007675,-0.9850556718215013,0.172236243027682,0,0,0,0,0,0,0
2023-05-29,gujarat,95806.0,47655.0,15887.0,29798.0,2235.0,0.0,1011285.0,0,0,0,0,0,1.0027,0.5467112728685939,-0.8373211953118121,-0.9155458729775467,0.40221356823680365,0,0,0,0,0,0,0
2023-06-05,gujarat,90845.0,47637.0,25347.0,123652.0,2469.0,0.0,969286.0,0,0,0,0,0,1.0063,0.44216815196707204,-0.8969321743510065,-0.7931896839451843,0.6089746507720486,0,0,0,0,0,0,0
2023-06-12,gujarat,102185.0,44226.0,20266.0,73494.0,2128.0,0.0,1041326.0,0,0,0,0,0,0.9887,0.3312212278016865,-0.9435531242349544,-0.6250496486104377,0.7805849965070866,0,0,0,0,0,0,0
2023-06-19,gujarat,107017.0,53297.0,21600.0,38483.0,2510.0,0.0,1062287.0,1,0,0,0,0,0.9873,0.21547731504673012,-0.976508846196619,-0.42083100859565564,0.9071390534005044,0,0,0,0,0,0,0
2023-06-26,gujarat,113716.0,46860.0,16008.0,37930.0,2548.0,0.0,975387.0,0,0,0,0,0,1.002,0.0966127018812031,-0.9953220513156602,-0.19232150523909483,0.9813319716704275,0,0,0,0,0,0,0
2023-07-03,gujarat,94175.0,50574.0,25496.0,26898.0,2434.0,0.0,994456.0,0,0,0,0,0,0.9969,-0.023651127245231586,-0.9997202729664083,0.04728902277113235,0.9988812483600598,0,0,0,0,0,0,0
2023-07-10,gujarat,106521.0,55030.0,15323.0,52358.0,2714.0,0.0,1043217.0,0,0,0,0,0,0.9815,-0.1435724234118113,-0.9896398128792412,0.2841699724797683,0.9587739184713191,0,0,0,0,0,0,0
2023-07-17,gujarat,98182.0,60519.0,25426.0,36136.0,2646.0,0.0,1065761.0,1,0,0,0,0,0.9976,-0.2614143985111562,-0.965226663665613,0.5046482954181526,0.8633250245021008,0,0,0,0,0,0,0
2023-07-24,gujarat,110005.0,51689.0,20641.0,33548.0,2313.0,0.0,1005091.0,0,0,0,0,0,0.9928,-0.3754703786876202,-0.9268343944460494,0.6959977221267386,0.7180439894563502,0,0,0,0,0,0,0
2023-07-31,gujarat,80458.0,42077.0,24176.0,43144.0,2614.0,0.0,965118.0,0,0,0,0,0,1.0066,-0.48408852163897587,-0.8750190302029955,0.847173337473877,0.5313166064347815,0,0,0,0,0,0,0
2023-08-07,gujarat,101211.0,46370.0,16534.0,39449.0,2636.0,0.0,986522.0,0,0,0,0,0,0.9857,-0.5856957398073508,-0.8105309990194823,0.9494491062150135,0.31392100074304014,0,0,0,0,0,0,0
2023-08-14,gujarat,100548.0,43016.0,20456.0,43500.0,2197.0,0.0,985256.0,0,0,0,0,0,1.0001,-0.6788204829862355,-0.734304263829602,0.9969215500633253,0.07840550375666766,0,0,0,0,0,0,0
2023-08-21,gujarat,73963.0,40802.0,19458.0,41448.0,2396.0,0.0,910075.0,0,0,0,0,0,0.9901,-0.7621140503891487,-0.6474427960827475,0.9868505034357966,-0.16163565160110782,0,0,0,0,0,0,0
2023-08-28,gujarat,106671.0,42139.0,18336.0,40517.0,2234.0,0.0,955362.0,0,0,0,0,0,1.0055,-0.8343701235229537,-0.5512045872199277,0.9198172790502196,-0.3923470060554182,0,0,0,0,0,0,0
2023-09-04,gujarat,106657.0,49068.0,25920.0,45498.0,2243.0,76785.0,982776.0,0,0,0,0,0,1.0022,-0.8945422369764496,-0.4469834295196741,0.7996911138678691,-0.600411627469661,0,0,0,0,0,0,0
2023-09-11,gujarat,94671.0,39562.0,19480.0,33282.0,2326.0,72549.0,995290.0,0,0,0,0,0,0.9954,-0.9417589340994617,-0.33628873017668287,0.6334058321617086,-0.7738197799123084,0,0,0,0,0,0,0
2023-09-18,gujarat,120515.0,61402.0,28175.0,33481.0,2415.0,82415.0,1124249.0,1,0,0,0,0,0.9977,-0.9753363880767837,-0.2207236509605022,0.4305596169818739,-0.9025621398133328,0,0,0,0,0,0,0
2023-09-25,gujarat,122750.0,44818.0,27534.0,61580.0,3329.0,98598.0,1054551.0,0,0,0,0,0,1.014,-0.994788305609327,-0.10196189005174576,0.2028609916826013,-0.9792075459541514,0,0,0,0,0,0,0
2023-10-02,gujarat,189730.0,59660.0,34279.0,112468.0,3759.0,114177.0,1251577.0,0,0,1,0,0,1.002,-0.999832969770105,0.018276557681691223,-0.03654700988811993,-0.9993319348786156,0,0,0,0,0,0,0
2023-10-09,gujarat,188241.0,62736.0,38511.0,89007.0,4308.0,135590.0,1245318.0,0,0,0,0,0,0.9959,-0.9903973200352558,0.1382503109109819,-0.2738454748405547,-0.9617737030660337,0,0,0,1,0,0,0
2023-10-16,gujarat,254139.0,50821.0,32391.0,92530.0,4305.0,114400.0,1179255.0,0,0,0,0,0,0.999,-0.9666180104000972,0.2562218218071163,-0.49533725523256594,-0.8687007560596847,0,0,0,0,0,0,0
2023-10-23,gujarat,289061.0,44924.0,26225.0,50905.0,3262.0,116297.0,1237129.0,1,0,0,0,0,1.0131,-0.9288394302558068,0.3704825404820963,-0.6882375836422284,-0.7254853743958638,0,0,0,0,0,0,0
2023-10-30,gujarat,134753.0,47361.0,32316.0,64752.0,3715.0,112060.0,1233275.0,1,0,0,0,0,1.0093,-0.8776087166898392,0.4793776594606945,-0.8414120250581577,-0.5403941192199728,0,0,0,0,0,0,0
2023-11-06,gujarat,185485.0,66702.0,28262.0,102590.0,3320.0,95804.0,1366103.0,0,1,0,0,0,0.9911,-0.8136678304455991,0.5813300798152042,-0.9460191696320084,-0.32411067660409654,0,0,0,0,0,0,0
2023-11-13,gujarat,220714.0,48681.0,25946.0,82171.0,3659.0,0.0,1140842.0,0,0,0,0,0,1.0013,-0.7379428103031386,0.6748632518680403,-0.9960209693076331,-0.08911918255618792,0,0,0,0,0,0,0
2023-11-20,gujarat,196733.0,50853.0,20027.0,118860.0,3148.0,0.0,1059463.0,0,0,0,0,0,1.0111,-0.6515303615068021,0.75862255966641,-0.9885312610933433,0.15101637606963153,0,0,0,0,0,0,0
2023-11-27,gujarat,214877.0,42202.0,21433.0,75103.0,3007.0,0.0,1128010.0,1,0,0,0,0,1.0069,-0.5556819724760489,0.8313949395234058,-0.9239823598019431,0.3824350909302552,0,0,0,0,0,0,0
2023-12-04,gujarat,130386.0,46891.0,21321.0,87279.0,3596.0,0.0,1089696.0,0,0,0,0,0,0.9926,-0.451785789832884,0.8921264484954345,-0.8061001043286311,0.5917792002101544,0,0,0,0,0,0,0
2023-12-11,gujarat,136176.0,42076.0,19659.0,62847.0,2425.0,0.0,1009351.0,0,0,0,0,0,1.0191,-0.34134651424503615,0.9399375283564133,-0.641688797825113,0.7669651144255266,0,0,0,0,0,0,0
2023-12-18,gujarat,134230.0,45396.0,29712.0,90687.0,2655.0,0.0,1038963.0,0,0,0,0,0,1.004,-0.22596360824801906,0.974135744004672,-0.4402384552773285,0.8978808954950716,0,0,0,0,0,0,0
2023-12-25,gujarat,164690.0,52058.0,33183.0,66357.0,2830.0,0.0,1043048.0,0,0,0,0,0,1.0026,-0.10730813165636247,0.9942258118156161,-0.21337702862092797,0.9769699297608415,0,0,0,0,0,0,0
2024-01-01,gujarat,140446.0,51144.0,32802.0,139223.0,2306.0,0.0,1130379.0,0,0,0,1,0,1.0338,0.017201575418260506,0.9998520419557735,0.03439806061360801,0.9994082116062598,0,0,0,0,0,0,0
2024-01-08,gujarat,124588.0,44431.0,26652.0,63581.0,3142.0,0.0,1017333.0,0,0,0,0,0,1.0485,0.13718540405660057,0.9905453876091833,0.2717767384711357,0.9623603298276545,0,0,0,0,0,0,0
2024-01-15,gujarat,150050.0,51124.0,27518.0,59702.0,2520.0,0.0,1024482.0,0,0,0,0,0,1.0512,0.2551824131233728,0.9668929289391521,0.49346814167723735,0.8697638720650646,0,0,0,0,0,0,0
2024-01-22,gujarat,120882.0,48374.0,24483.0,59531.0,2472.0,0.0,1039982.0,0,0,0,0,0,1.0363,0.3694836834473831,0.9292372181882051,0.6866759803451553,0.726963615332308,0,0,0,0,0,0,0
2024-01-29,gujarat,97407.0,49932.0,26603.0,109998.0,2821.0,0.0,1027673.0,0,0,0,0,0,1.0443,0.4784338202547012,0.8781236129591848,0.8402480696078469,0.5422021592729844,0,0,0,0,0,0,0
2024-02-05,gujarat,128738.0,55498.0,27005.0,81975.0,2308.0,0.0,1116445.0,1,0,0,0,0,1.0473,0.580454927809098,0.8142923779467267,0.945320046913132,0.3261441535642696,0,0,0,0,0,0,0
2024-02-12,gujarat,121130.0,49903.0,19337.0,128543.0,2696.0,0.0,1048799.0,0,0,0,0,0,1.0376,0.6740694616546161,0.7386679638813748,0.9958270335100595,0.09126072172931188,0,0,0,0,0,0,0
2024-02-19,gujarat,92225.0,67657.0,20133.0,58358.0,2694.0,0.0,1052804.0,0,0,0,0,0,1.0431,0.7579216274973472,0.6523456189565257,0.9888537064205885,-0.1488903868564548,0,0,0,0,0,0,0
2024-02-26,gujarat,126635.0,45414.0,22647.0,86426.0,2982.0,0.0,1034118.0,0,0,0,0,0,1.0377,0.8307970168121247,0.5565755266413303,0.9248025743285089,-0.38044736628785164,0,0,0,0,0,0,0
2024-03-04,gujarat,115459.0,53681.0,21177.0,52233.0,2378.0,0.0,1014474.0,0,0,0,0,0,1.0367,0.8916401947968874,0.45274469960737107,0.8073707443023492,-0.5900444739548627,0,0,0,0,0,0,0
2024-03-11,gujarat,118425.0,45209.0,23442.0,47704.0,2821.0,0.0,1021731.0,0,0,0,0,0,1.0292,0.9395699859530622,0.342356891994542,0.6433365204044917,-0.765583517007675,0,0,0,0,0,0,0
2024-03-18,gujarat,114679.0,66554.0,17016.0,51399.0,2134.0,0.0,1117929.0,1,0,0,0,0,1.0498,0.9738922359149924,0.22701082094141847,0.44216815196707204,-0.8969321743510065,0,0,0,0,0,0,0
2024-03-25,gujarat,134691.0,54883.0,23564.0,76980.0,2706.0,0.0,1047922.0,0,0,0,0,0,1.0343,0.9941098647022418,0.10837701279187609,0.21547731504673012,-0.976508846196619,0,0,0,0,0,0,0
2024-04-01,gujarat,140811.0,48461.0,23325.0,43276.0,2813.0,0.0,1045224.0,0,0,0,0,0,1.0436,0.9999300657962057,-0.011826390691832589,-0.023651127245231586,-0.9997202729664083,0,0,0,0,0,0,0
2024-04-08,gujarat,143791.0,49685.0,31762.0,93565.0,2320.0,0.0,1048595.0,0,0,0,0,0,1.0355,0.9912685467787256,-0.13185851571739118,-0.2614143985111562,-0.965226663665613,0,0,0,0,0,0,0
2024-04-15,gujarat,129874.0,44024.0,26380.0,38494.0,2701.0,0.0,1062179.0,0,0,0,0,0,1.0412,0.9682507501166718,-0.2499809690726521,-0.48408852163897587,-0.8750190302029955,0,0,0,0,0,0,0
2024-04-22,gujarat,109300.0,48012.0,23208.0,74649.0,2802.0,0.0,1064815.0,0,0,0,0,0,1.0393,0.9312100364121947,-0.3644830148102912,-0.6788204829862355,-0.734304263829602,0,0,0,0,0,0,0
2024-04-29,gujarat,130837.0,49397.0,19914.0,72256.0,2255.0,0.0,1100333.0,0,0,0,0,0,1.0382,0.8806828564301475,-0.47370635037968,-0.8343701235229537,-0.5512045872199277,0,0,0,0,0,0,0
2024-05-06,gujarat,163442.0,48553.0,21240.0,68773.0,2167.0,0.0,1070578.0,0,0,0,0,0,1.0486,0.8174009818249189,-0.5760691233798758,-0.9417589340994617,-0.33628873017668287,0,0,0,0,0,0,0
2024-05-13,gujarat,144321.0,52388.0,20949.0,58956.0,2325.0,0.0,1121392.0,0,0,0,0,0,1.0442,0.742280907086982,-0.6700888411055113,-0.994788305609327,-0.10196189005174576,0,0,0,0,0,0,0
2024-05-20,gujarat,142122.0,47455.0,34283.0,37274.0,3049.0,0.0,1110621.0,0,0,0,0,0,1.0354,0.6564105761979381,-0.7544038410927472,-0.9903973200352558,0.1382503109109819,0,0,0,0,0,0,0
2024-05-27,gujarat,115122.0,55356.0,20191.0,59140.0,2705.0,0.0,1074138.0,0,0,0,0,0,1.0275,0.5610336262283677,-0.8277930117131022,-0.9288394302558068,0.3704825404820963,0,0,0,0,0,0,0
2024-06-03,gujarat,114765.0,50291.0,29434.0,89123.0,2457.0,0.0,1159647.0,1,0,0,0,0,1.0385,0.4575313760742512,-0.8891934772070711,-0.8136678304455991,0.5813300798152042,0,0,0,0,0,0,0
2024-06-10,gujarat,125182.0,57162.0,35377.0,90527.0,2339.0,0.0,1133040.0,0,0,0,0,0,1.0379,0.3474028211842774,-0.9377159910299093,-0.6515303615068021,0.75862255966641,0,0,0,0,0,0,0
2024-06-17,gujarat,117398.0,52777.0,23945.0,41631.0,2581.0,0.0,1077451.0,0,0,0,0,0,1.0543,0.23224292400907015,-0.9726578145718654,-0.451785789832884,0.8921264484954345,0,0,0,0,0,0,0
2024-06-24,gujarat,138640.0,56830.0,27314.0,71250.0,2967.0,0.0,1084561.0,0,0,0,0,0,1.0527,0.11371951458594969,-0.9935128947338007,-0.22596360824801906,0.974135744004672,0,0,0,0,0,0,0
2024-07-01,gujarat,108946.0,66965.0,19993.0,43117.0,2829.0,0.0,1090958.0,0,0,0,0,0,1.0436,-0.00645086419810515,-0.9999791929590823,0.012901459949419653,0.9999167727021953,0,0,0,0,0,0,0
2024-07-08,gujarat,105805.0,55191.0,21369.0,35774.0,2521.0,0.0,1069069.0,0,0,0,0,0,1.0317,-0.12652781683868314,-0.9919630595773397,0.2510218406258827,0.9679814231320734,0,0,0,0,0,0,0
2024-07-15,gujarat,133907.0,46934.0,29208.0,34683.0,2633.0,0.0,1088954.0,0,0,0,0,0,1.0269,-0.24477230089725957,-0.9695805901076308,0.47465294389193496,0.8801730414269229,0,0,0,0,0,0,0
2024-07-22,gujarat,112529.0,58709.0,20859.0,65347.0,2303.0,0.0,1045831.0,0,0,0,0,0,1.033,-0.3594718130884232,-0.9331559438780432,0.6708865180801582,0.7415600311898435,0,0,0,0,0,0,0
2024-07-29,gujarat,171446.0,54746.0,25812.0,87972.0,2964.0,0.0,1135208.0,0,0,0,0,0,1.0343,-0.46896519100763184,-0.8832166493127127,0.8283957292921138,0.5601432992463508,0,0,0,0,0,0,0
2024-08-05,gujarat,157648.0,54825.0,39851.0,43053.0,2767.0,0.0,1110111.0,0,0,0,0,0,1.0233,-0.5716666713027052,-0.8204859638785327,0.9380889596420647,0.3463944338433696,0,0,0,0,0,0,0
2024-08-12,gujarat,126505.0,45445.0,29100.0,81973.0,2988.0,0.0,1060485.0,0,0,0,0,0,1.0371,-0.666088855860977,-0.7458723993404063,0.993634586189866,0.11265127219562909,0,0,0,0,0,0,0
2024-08-19,gujarat,139524.0,49905.0,30358.0,77569.0,3004.0,0.0,1049881.0,0,0,0,0,0,1.0348,-0.7508642533989489,-0.6604565640279754,0.9918264497026016,-0.12759425406472188,0,0,0,0,0,0,0
2024-08-26,gujarat,121801.0,57600.0,33745.0,80491.0,2688.0,84668.0,1146956.0,0,0,0,0,0,1.0413,-0.8247650844733614,-0.5654755126737576,0.9327689179559782,-0.3604748891327019,0,0,0,0,0,0,0
2024-09-02,gujarat,139941.0,54888.0,18280.0,70510.0,3346.0,95245.0,1082980.0,0,0,0,0,0,1.0527,-0.886721063082993,-0.46230483047981086,0.8198708615029215,-0.5725484874300667,0,0,0,0,0,0,0
2024-09-09,gujarat,154616.0,54986.0,31370.0,91529.0,2814.0,98658.0,1155464.0,0,0,0,0,0,1.0289,-0.9358348973349941,-0.35243871088460327,0.6596488896351408,-0.7515739101399981,0,0,0,0,0,0,0
2024-09-16,gujarat,176031.0,53165.0,28489.0,71453.0,3520.0,105896.0,1161704.0,0,0,0,0,0,1.0404,-0.97139528468375,-0.23746831555846842,0.461351203990578,-0.8872175982116474,0,0,0,0,0,0,0
2024-09-23,gujarat,267312.0,77045.0,31690.0,215704.0,3723.0,113648.0,1324549.0,0,0,1,0,0,1.0442,-0.9928872135356962,-0.11905873003404988,0.23642378142121298,-0.9716500376053585,0,0,0,0,0,0,0
2024-09-30,gujarat,312717.0,50915.0,50973.0,453110.0,4645.0,119956.0,1370594.0,0,0,0,0,0,1.0489,-0.9999994220246925,0.001075151282798226,-0.0021503013227746654,-0.9999976880994382,0,0,0,1,0,0,0
2024-10-07,gujarat,252042.0,59220.0,48388.0,90287.0,5197.0,108918.0,1286444.0,0,0,0,0,0,1.0343,-0.9926289059345095,0.121193461470736,-0.2406002661322256,-0.9706242897934825,0,0,0,0,0,0,0
2024-10-14,gujarat,232995.0,44084.0,39344.0,146906.0,3768.0,144451.0,1226965.0,0,0,0,0,0,1.0404,-0.9708824104813836,0.23955655912092708,-0.46516249913190355,-0.8852253099642835,0,0,0,0,0,0,0
2024-10-21,gujarat,212016.0,45706.0,43836.0,143222.0,3239.0,120427.0,1256666.0,0,0,0,0,0,1.0605,-0.9350748843515574,0.3544502230989869,-0.6628750027453377,-0.7487300786901568,0,0,0,0,0,0,0
2024-10-28,gujarat,186872.0,70280.0,44125.0,90148.0,3326.0,127158.0,1518761.0,1,1,0,0,0,1.0353,-0.8857249183835637,0.4642104791518923,-0.8223255775192096,-0.5690172620911411,0,0,0,0,0,0,0
2024-11-04,gujarat,212298.0,51809.0,38626.0,112834.0,3642.0,0.0,1220542.0,0,0,0,0,0,1.0367,-0.8235472349556007,0.5672476988027229,-0.9343105477678196,-0.3564600964060307,0,0,0,0,0,0,0
2024-11-11,gujarat,189952.0,59407.0,33750.0,193889.0,3554.0,0.0,1152028.0,0,0,0,0,0,1.0299,-0.7494423368521953,0.6620696215153815,-0.9923660086146721,-0.12332763253295889,0,0,0,0,0,0,0
2024-11-18,gujarat,175317.0,53166.0,41537.0,115215.0,3545.0,0.0,1155480.0,0,0,0,0,0,1.0276,-0.6644834655228552,0.7473029667054297,-0.9931409302238695,0.11692344809347308,0,0,0,0,0,0,0
2024-11-25,gujarat,182400.0,49204.0,30901.0,89800.0,3310.0,0.0,1135041.0,0,0,0,0,0,1.0478,-0.5699010576127624,0.821713322596059,-0.936590583203982,0.3504255690637097,0,0,0,0,0,0,0
2024-12-02,gujarat,152600.0,52699.0,32178.0,46776.0,3059.0,0.0,1207328.0,1,0,0,0,0,1.0291,-0.46706492487743034,0.8842230238742036,-0.8259791204413983,0.5637007118984807,0,0,0,0,0,0,0
2024-12-09,gujarat,148029.0,39926.0,32590.0,78903.0,2910.0,0.0,1076454.0,0,0,0,0,0,1.0562,-0.3574644155648614,0.9339267592294762,-0.6676911663366994,0.7444383832097442,0,0,0,0,0,0,0
2024-12-16,gujarat,157122.0,46877.0,30912.0,154746.0,2757.0,0.0,1133928.0,0,0,0,0,0,1.0353,-0.2426868445825954,0.9701046827361175,-0.4708632887360563,0.8822061909330864,0,0,0,0,0,0,0
2024-12-23,gujarat,138000.0,63858.0,20418.0,117995.0,3081.0,0.0,1107325.0,0,0,0,0,0,1.0423,-0.12439450483979998,0.9922328391893008,-0.2468566254334839,0.9690520143313219,0,0,0,0,0,0,0
2024-12-30,gujarat,160368.0,52907.0,34613.0,89705.0,3352.0,0.0,1195017.0,0,0,0,1,0,1.0252,-0.004300592702981974,0.9999907524084426,-0.008601105865714402,0.9999630098048061,0,0,0,0,0,0,0
2025-01-06,gujarat,149772.0,68154.0,27920.0,56104.0,3429.0,0.0,1107668.0,0,0,0,0,0,1.0858,0.10303137904317879,0.9946781061893646,0.20496611396949532,0.9787690698649216,0,0,0,0,0,0,0
2025-01-13,gujarat,172661.0,62984.0,26772.0,88341.0,2973.0,0.0,1130784.0,0,0,0,0,0,1.0713,0.22177215755648186,0.975098513039961,0.4324994021339788,0.901634220265486,0,0,0,0,0,0,0
2025-01-20,gujarat,121305.0,53528.0,27491.0,53252.0,3085.0,0.0,1050629.0,0,0,0,0,0,1.0683,0.3373010691361842,0.9413968285264122,0.6350683134867438,0.7724559775191742,0,0,0,0,0,0,0
2025-01-27,gujarat,144606.0,51104.0,32318.0,70852.0,3089.0,0.0,1176041.0,0,0,0,0,0,1.0528,0.44794493940789115,0.8940611451454876,0.8009803309782905,0.5986906625177214,0,0,0,0,0,0,0
2025-02-03,gujarat,103327.0,56966.0,26790.0,63738.0,2778.0,0.0,1110424.0,0,0,0,0,0,1.0831,0.5521013427459208,0.8337770129585915,0.9206588168102428,0.3903682146763026,0,0,0,0,0,0,0
2025-02-10,gujarat,128021.0,52435.0,18970.0,117565.0,2856.0,0.0,1099116.0,0,0,0,0,0,1.0797,0.6482618097757122,0.7614175109532997,0.9871957872910085,0.15951325197263655,0,0,0,0,0,0,0
2025-02-17,gujarat,157967.0,51900.0,33729.0,65282.0,2866.0,0.0,1138117.0,0,0,0,0,0,1.082,0.7350336741329412,0.6780306024735382,0.9967506498213929,-0.08054900421874167,0,0,0,0,0,0,0
2025-02-24,gujarat,117485.0,76447.0,35547.0,89429.0,3290.0,0.0,1247823.0,1,0,0,0,0,1.0903,0.8111602420785621,0.5848239578463322,0.9487718864399473,-0.31596187665790293,0,0,0,0,0,0,0
2025-03-03,gujarat,206767.0,70382.0,28610.0,90518.0,2442.0,0.0,1287277.0,1,0,0,0,0,1.0811,0.8755389928586302,0.4831474640149687,0.8460288880917339,-0.533137056031809,0,0,0,0,0,0,0
2025-03-10,gujarat,151983.0,60565.0,24632.0,109534.0,3152.0,0.0,1150548.0,0,0,0,0,0,1.0976,0.9272375462179537,0.374473674486883,0.6944521021088763,-0.719538934232584,0,0,0,0,0,0,0
2025-03-17,gujarat,135161.0,53431.0,25696.0,43835.0,3207.0,0.0,1125065.0,0,0,0,0,0,1.0863,0.9655071658143364,0.2603764827344581,0.5027907197793043,-0.8644081744776648,0,0,0,0,0,0,0
2025-03-24,gujarat,154182.0,59447.0,23501.0,60744.0,3174.0,0.0,1140586.0,0,0,0,0,0,1.0704,0.9897936029670716,0.14250832791617088,0.2821076626819194,-0.9593827529490743,0,0,0,0,0,0,0
2025-03-31,gujarat,146963.0,61109.0,29882.0,87500.0,3002.0,0.0,1094657.0,0,0,0,0,0,1.0807,0.9997451236925734,0.022576263041545485,0.04514101777397193,-0.9989806246941579,0,0,0,0,0,0,0
2025-04-07,gujarat,140030.0,52183.0,35006.0,125952.0,3192.0,0.0,1161806.0,0,0,0,0,0,1.1001,0.9952176027737294,-0.09768276782171598,-0.19443122004766195,-0.9809161537413774,0,0,0,0,0,0,0
2025-04-14,gujarat,125770.0,51474.0,26824.0,44046.0,3262.0,0.0,1098921.0,0,0,0,0,0,1.0813,0.9762766110869321,-0.21652708524481437,-0.4227806579826773,-0.9062320427107697,0,0,0,0,0,0,0
2025-04-21,gujarat,182436.0,70790.0,23837.0,60576.0,2654.0,0.0,1195192.0,0,0,0,0,0,1.098,0.9431964659565866,-0.33223549871590435,-0.6267266965083301,-0.7792391467859886,0,0,0,0,0,0,0
2025-04-28,gujarat,184700.0,56724.0,24976.0,29898.0,3044.0,0.0,1175546.0,0,0,0,0,0,1.0817,0.8964562582905575,-0.44313223418263453,-0.7944973291665992,-0.6072676460566135,0,0,0,0,0,0,0
2025-05-05,gujarat,155022.0,69666.0,24628.0,88289.0,3086.0,0.0,1153421.0,0,0,0,0,0,1.1,0.8367329140344921,-0.5476112038402312,-0.9164086366943458,-0.4002439388573056,0,0,0,0,0,0,0
2025-05-12,gujarat,140964.0,74637.0,23781.0,75293.0,2764.0,0.0,1257500.0,1,0,0,0,0,1.0714,0.7648913904341226,-0.6441592666722685,-0.9854237542919524,-0.17011767832049052,0,0,0,0,0,0,0
2025-05-19,gujarat,154784.0,69968.0,25959.0,61260.0,3064.0,0.0,1214080.0,0,0,0,0,0,1.0828,0.6819721490904629,-0.7313781428679254,-0.9975590477788613,0.06982797572987089,0,0,0,0,0,0,0
2025-05-26,gujarat,164694.0,49703.0,33851.0,86426.0,2737.0,0.0,1162131.0,0,0,0,0,0,1.0839,0.5891760872322963,-0.8080046647350754,-0.9521140536681102,0.3057430764672831,0,0,0,0,0,0,0
2025-06-02,gujarat,147726.0,55227.0,31865.0,99056.0,2588.0,0.0,1213124.0,0,0,0,0,0,1.0627,0.4878471454423119,-0.8729290708206411,-0.8517119107469189,0.5240103253675756,0,0,0,0,0,0,0
2025-06-09,gujarat,183240.0,60200.0,29581.0,83611.0,3401.0,0.0,1198780.0,0,0,0,0,0,1.0642,0.37945284372454435,-0.925211078289358,-0.7021479494046978,0.7120310787787131,0,0,0,0,0,0,0
2025-06-16,gujarat,176105.0,70862.0,30124.0,75438.0,3060.0,0.0,1184088.0,0,0,0,0,0,1.1008,0.26556302780405594,-0.9640935007889755,-0.5120551783114646,0.8589525565270845,0,0,0,0,0,0,0
2025-06-23,gujarat,147528.0,69675.0,29534.0,55024.0,2827.0,0.0,1180097.0,0,0,0,0,0,1.081,0.14782713347053048,-0.9890132145779883,-0.29240597695107734,0.9562942772197719,0,0,0,0,0,0,0
2025-06-30,gujarat,210364.0,65464.0,33980.0,79124.0,2558.0,0.0,1335301.0,1,0,0,0,0,1.0895,0.02795029824021032,-0.999609314096404,-0.05587875690537313,0.9984375616565666,0,0,0,0,0,0,0
2025-07-07,gujarat,135179.0,43959.0,31657.0,139749.0,3252.0,0.0,1203266.0,0,0,0,0,0,1.0653,-0.09233133369539122,-0.9957283388645872,0.18387385105132759,0.9829498496360606,0,0,0,0,0,0,0
2025-07-14,gujarat,147548.0,64241.0,28679.0,55971.0,3029.0,0.0,1147772.0,0,0,0,0,0,1.091,-0.2112757555821793,-0.9774264960104055,0.4130130429412807,0.9107251102063585,0,0,0,0,0,0,0
2025-07-21,gujarat,151090.0,65291.0,21256.0,119560.0,2819.0,0.0,1158333.0,0,0,0,0,0,1.0834,-0.3271603271220951,-0.9449688462364056,0.6183126337097825,0.7859322407147274,0,0,0,0,0,0,0
2025-07-28,gujarat,208140.0,56004.0,31627.0,74616.0,2967.0,0.0,1214852.0,0,0,0,0,0,1.0878,-0.4383067230125192,-0.898825465016444,0.7879224882631226,0.6157744331240536,0,0,0,0,0,0,0
2025-08-04,gujarat,135795.0,56161.0,28277.0,87895.0,2612.0,0.0,1163281.0,0,0,0,0,0,1.0661,-0.5431052396834317,-0.8396646346181327,0.912052525275964,0.41007339725680436,0,0,0,0,0,0,0
2025-08-11,gujarat,119481.0,59971.0,26437.0,90188.0,3039.0,0.0,1084870.0,0,0,0,0,0,1.0912,-0.6400381082043503,-0.7683431655492202,0.9835378122597296,0.18070244009239297,0,0,0,0,0,0,0
2025-08-18,gujarat,174413.0,65488.0,31297.0,86842.0,2521.0,77122.0,1226486.0,0,0,0,0,0,1.0667,-0.7277014757264236,-0.6858939875998223,0.9982521339365441,-0.0590988755488295,0,0,0,0,0,0,0
2025-08-25,gujarat,137740.0,62465.0,31320.0,130799.0,3192.0,96398.0,1184084.0,0,0,0,0,0,1.0716,-0.8048257371083452,-0.593511190196115,0.9553461622632788,-0.29548893422398215,0,0,0,0,0,0,0
2025-09-01,gujarat,171855.0,47393.0,36938.0,85934.0,3470.0,97301.0,1219252.0,0,0,0,0,0,1.0792,-0.8702939222685674,-0.49253272872205434,0.8572964806503138,-0.5148230222752145,0,0,0,0,0,0,0
2025-09-08,gujarat,282779.0,66933.0,36026.0,161560.0,3720.0,130691.0,1298148.0,0,0,0,0,0,1.0945,-0.9231578729647039,-0.38442104726885545,0.709762632639161,-0.7044409168334328,0,0,0,0,0,0,0
2025-09-15,gujarat,294896.0,49868.0,57515.0,243350.0,4821.0,134729.0,1319192.0,0,0,0,0,0,1.0731,-0.9626519747161487,-0.2707418984477642,0.5212604463582784,-0.8533976488498011,0,0,0,0,0,0,0
2025-09-22,gujarat,346594.0,94113.0,57985.0,210205.0,4773.0,142452.0,1594582.0,0,0,1,0,0,1.0742,-0.9882042449941422,-0.15314166701312007,0.30267049085568926,-0.9530952596488853,0,0,0,1,0,0,0
2025-09-29,gujarat,289074.0,52688.0,66037.0,186903.0,4424.0,119621.0,1329630.0,0,0,0,0,0,1.0814,-0.9994446170919858,-0.033323525711631344,0.06661003679003268,-0.9977790852682925,0,0,0,0,0,0,0
2025-10-06,gujarat,249250.0,62939.0,52715.0,169681.0,4406.0,129689.0,1345099.0,0,0,0,0,0,1.0934,-0.9962102997023297,0.0869772313136861,-0.17329522734857217,-0.9848699224660111,0,0,0,0,0,0,0
2025-10-13,gujarat,282796.0,65909.0,58058.0,148592.0,4827.0,141563.0,1353194.0,0,0,0,0,0,1.0916,-0.9785481345802031,0.20601832032517084,-0.40319768608708534,-0.9151129033807907,0,0,0,0,0,0,0
2025-10-20,gujarat,260964.0,78288.0,43205.0,133525.0,4208.0,123904.0,1516917.0,0,1,0,0,0,1.08,-0.9467139181463862,0.3220757010206104,-0.6098270977059321,-0.7925344856241648,0,0,0,0,0,0,0
2025-10-27,gujarat,288553.0,55653.0,49406.0,182959.0,4184.0,0.0,1354865.0,0,0,0,0,0,1.0801,-0.9011686968561569,0.4334685453485363,-0.7812565682797488,-0.6242100403868479,0,0,0,0,0,0,0
2025-11-03,gujarat,262672.0,65336.0,40613.0,142813.0,3361.0,0.0,1304074.0,0,0,0,0,0,1.0685,-0.8425720899866032,0.5385835804920232,-0.9075909860952637,-0.4198554536487849,0,0,0,0,0,0,0
2025-11-10,gujarat,212791.0,60968.0,38771.0,150250.0,3277.0,0.0,1212723.0,0,0,0,0,0,1.0809,-0.7717727365467837,0.6358984534680745,-0.9815381791978468,-0.19126631375382222,0,0,0,0,0,0,0
2025-11-17,gujarat,193041.0,66457.0,36626.0,88477.0,3877.0,0.0,1190131.0,0,0,0,0,0,1.0904,-0.6897960046655887,0.7240037789593305,-0.9988298281778684,0.04836294389478229,0,0,0,0,0,0,0
2025-11-24,gujarat,171377.0,58973.0,32836.0,76522.0,3356.0,0.0,1172060.0,0,0,0,0,0,1.0881,-0.5978291414589552,0.801623551065242,-0.9584678386132249,0.28520063524489725,0,0,0,0,0,0,0
2025-12-01,gujarat,165422.0,64383.0,42246.0,88327.0,2944.0,0.0,1152614.0,0,0,0,0,0,1.0889,-0.4972040784469378,0.8676336233547726,-0.8627819522593745,0.5055762087514626,0,0,0,0,0,0,0
2025-12-08,gujarat,175467.0,70792.0,38255.0,68485.0,3157.0,0.0,1168138.0,0,0,0,0,0,1.085,-0.3893781415452015,0.9210779895789526,-0.717295271600886,0.6967693257736101,0,0,0,0,0,0,0
2025-12-15,gujarat,169258.0,58330.0,38394.0,105420.0,3047.0,0.0,1163358.0,0,0,0,0,0,1.0687,-0.27591294500296043,0.9611826292540837,-0.5304054598463659,0.8477440935595867,0,0,0,0,0,0,0
2025-12-22,gujarat,225634.0,46428.0,31035.0,74615.0,3499.0,0.0,1204542.0,0,0,0,0,0,1.0889,-0.15845177496083632,0.9873667175937016,-0.3129000178799537,0.949786070023521,0,0,0,0,0,0,0
2023-01-02,uttar_pradesh,66531.0,47955.0,45492.0,33520.0,4174.0,0.0,681654.0,0,0,0,0,0,1.0022,0.03439806061360801,0.9994082116062598,0.06875540848113941,0.9976335468520451,0,0,0,0,0,0,0
2023-01-09,uttar_pradesh,58128.0,47259.0,42263.0,40152.0,4232.0,0.0,728912.0,0,0,0,0,0,0.9829,0.1542040475626894,0.988039023376751,0.3047192331091634,0.9524422234305676,0,0,0,0,0,0,0
2023-01-16,uttar_pradesh,47227.0,46168.0,34978.0,13433.0,3799.0,0.0,745593.0,0,0,0,0,0,0.9924,0.2717767384711357,0.9623603298276545,0.5230943033491326,0.8522748088519838,0,0,0,0,0,0,0
2023-01-23,uttar_pradesh,52831.0,36380.0,37210.0,22654.0,3736.0,0.0,737561.0,0,0,0,0,0,1.0066,0.38541335945432564,0.9227440286201427,0.7112757519738152,0.7029130847082615,0,0,0,0,0,0,0
2023-01-30,uttar_pradesh,40862.0,41685.0,38781.0,39848.0,4444.0,0.0,736677.0,0,0,0,0,0,1.0096,0.49346814167723735,0.8697638720650646,0.8584015232918917,0.512978386299228,0,0,0,0,0,0,0
2023-02-06,uttar_pradesh,54082.0,55173.0,25022.0,30570.0,4011.0,0.0,715237.0,0,0,0,0,0,1.001,0.5943761565849831,0.804187157621448,0.9559793438440766,0.2934339689665273,0,0,0,0,0,0,0
2023-02-13,uttar_pradesh,54695.0,43985.0,28472.0,30828.0,4244.0,0.0,739695.0,0,0,0,0,0,1.0149,0.6866759803451553,0.726963615332308,0.998376906467142,0.056952196034039754,0,0,0,0,0,0,0
2023-02-20,uttar_pradesh,53591.0,49830.0,30409.0,42967.0,4220.0,0.0,752476.0,0,0,0,0,0,0.9875,0.7690308592589181,0.6392116531380588,0.9831469737221499,-0.1828169249850199,0,0,0,0,0,0,0
2023-02-27,uttar_pradesh,51001.0,50835.0,32499.0,28454.0,3374.0,0.0,824658.0,1,0,0,0,0,0.9913,0.8402480696078469,0.5422021592729844,0.9111686353326631,-0.41203363695942635,0,0,0,0,0,0,0
2023-03-06,uttar_pradesh,51611.0,42542.0,27788.0,28305.0,4353.0,0.0,787563.0,0,0,0,0,0,0.9891,0.8992961915530253,0.4373400963303323,0.7865965660866021,-0.6174672802835514,0,0,0,0,0,0,0
2023-03-13,uttar_pradesh,49732.0,64893.0,34776.0,20754.0,3628.0,0.0,837972.0,1,0,0,0,0,0.9916,0.945320046913132,0.3261441535642696,0.6166212130956382,-0.7872599821916922,0,0,0,0,0,0,0
2023-03-20,uttar_pradesh,51680.0,42764.0,44698.0,23446.0,3697.0,0.0,781175.0,0,0,0,0,0,1.0095,0.9776530844816641,0.2102247521189836,0.4110537546870351,-0.9116111071930239,0,0,0,0,0,0,0
2023-03-27,uttar_pradesh,41996.0,47589.0,35854.0,35018.0,3707.0,0.0,802826.0,0,0,0,0,0,1.0019,0.9958270335100595,0.09126072172931188,0.18175978759137534,-0.9833429613388902,0,0,0,0,0,0,0
2023-04-03,uttar_pradesh,48817.0,49125.0,31193.0,20456.0,4111.0,0.0,818217.0,1,0,0,0,0,1.0063,0.9995786855478958,-0.029025013321975237,-0.05802556932878035,-0.9983150972033183,0,0,0,0,0,0,0
2023-04-10,uttar_pradesh,53083.0,37306.0,48122.0,35985.0,3805.0,0.0,716057.0,0,0,0,0,0,1.0072,0.9888537064205885,-0.1488903868564548,-0.2944616217868012,-0.9556633054034704,0,0,0,0,0,0,0
2023-04-17,uttar_pradesh,62462.0,52631.0,33064.0,35842.0,4313.0,0.0,774706.0,0,0,0,0,0,1.0087,0.9638074231367307,-0.26659942067929354,-0.5139010013093103,-0.8578494977869301,0,0,0,0,0,0,0
2023-04-24,uttar_pradesh,68063.0,48437.0,35941.0,26767.0,3550.0,0.0,788279.0,0,0,0,0,0,0.9911,0.9248025743285089,-0.38044736628785164,-0.7036774074790128,-0.7105196029692745,0,0,0,0,0,0,0
2023-05-01,uttar_pradesh,63959.0,59141.0,60563.0,17686.0,3918.0,0.0,907792.0,1,0,0,0,0,0.9862,0.8724040568049612,-0.48878539428899265,-0.8528367217694595,-0.522177676659508,0,0,0,0,0,0,0
2023-05-08,uttar_pradesh,52271.0,48017.0,31172.0,27377.0,3897.0,0.0,767555.0,0,0,0,0,0,1.0002,0.8073707443023492,-0.5900444739548627,-0.9527692922168511,-0.30369503751065885,0,0,0,0,0,0,0
2023-05-15,uttar_pradesh,54106.0,43060.0,37045.0,30639.0,4316.0,0.0,750635.0,0,0,0,0,0,0.9857,0.7306444969184916,-0.6827580970759147,-0.9977068927101168,-0.06768276175455162,0,0,0,0,0,0,0
2023-05-22,uttar_pradesh,87210.0,51743.0,34516.0,29962.0,4264.0,0.0,824903.0,0,0,0,0,0,0.9958,0.6433365204044917,-0.765583517007675,-0.9850556718215013,0.172236243027682,0,0,0,0,0,0,0
2023-05-29,uttar_pradesh,61413.0,52294.0,42090.0,29630.0,3394.0,0.0,805904.0,0,0,0,0,0,1.006,0.5467112728685939,-0.8373211953118121,-0.9155458729775467,0.40221356823680365,0,0,0,0,0,0,0
2023-06-05,uttar_pradesh,58785.0,56439.0,39117.0,21052.0,3951.0,0.0,800701.0,0,0,0,0,0,1.0009,0.44216815196707204,-0.8969321743510065,-0.7931896839451843,0.6089746507720486,0,0,0,0,0,0,0
2023-06-12,uttar_pradesh,45215.0,52255.0,35409.0,46442.0,3562.0,0.0,811684.0,0,0,0,0,0,0.9904,0.3312212278016865,-0.9435531242349544,-0.6250496486104377,0.7805849965070866,0,0,0,0,0,0,0
2023-06-19,uttar_pradesh,52307.0,53278.0,47739.0,44703.0,4058.0,0.0,755933.0,0,0,0,0,0,0.9904,0.21547731504673012,-0.976508846196619,-0.42083100859565564,0.9071390534005044,0,0,0,0,0,0,0
2023-06-26,uttar_pradesh,57825.0,56841.0,35218.0,19918.0,3754.0,0.0,777986.0,0,0,0,0,0,1.0193,0.0966127018812031,-0.9953220513156602,-0.19232150523909483,0.9813319716704275,0,0,0,0,0,0,0
2023-07-03,uttar_pradesh,48322.0,51399.0,29782.0,40829.0,4651.0,0.0,757755.0,0,0,0,0,0,1.0086,-0.023651127245231586,-0.9997202729664083,0.04728902277113235,0.9988812483600598,0,0,0,0,0,0,0
2023-07-10,uttar_pradesh,65431.0,66596.0,34327.0,59203.0,3739.0,0.0,843043.0,0,0,0,0,0,0.9824,-0.1435724234118113,-0.9896398128792412,0.2841699724797683,0.9587739184713191,0,0,0,0,0,0,0
2023-07-17,uttar_pradesh,58186.0,53184.0,35070.0,48272.0,4222.0,0.0,817567.0,0,0,0,0,0,0.995,-0.2614143985111562,-0.965226663665613,0.5046482954181526,0.8633250245021008,0,0,0,0,0,0,0
2023-07-24,uttar_pradesh,56668.0,47393.0,37007.0,35186.0,4378.0,0.0,786439.0,0,0,0,0,0,1.0049,-0.3754703786876202,-0.9268343944460494,0.6959977221267386,0.7180439894563502,0,0,0,0,0,0,0
2023-07-31,uttar_pradesh,50530.0,53108.0,37735.0,44675.0,3992.0,0.0,794039.0,0,0,0,0,0,0.9863,-0.48408852163897587,-0.8750190302029955,0.847173337473877,0.5313166064347815,0,0,0,0,0,0,0
2023-08-07,uttar_pradesh,58670.0,57603.0,46542.0,59663.0,3977.0,0.0,815508.0,0,0,0,0,0,0.9977,-0.5856957398073508,-0.8105309990194823,0.9494491062150135,0.31392100074304014,0,0,0,0,0,0,0
2023-08-14,uttar_pradesh,53414.0,52443.0,31949.0,34018.0,4024.0,0.0,794661.0,0,0,0,0,0,1.0121,-0.6788204829862355,-0.734304263829602,0.9969215500633253,0.07840550375666766,0,0,0,0,0,0,0
2023-08-21,uttar_pradesh,73595.0,49849.0,76649.0,69662.0,4778.0,0.0,777349.0,0,0,0,0,0,0.999,-0.7621140503891487,-0.6474427960827475,0.9868505034357966,-0.16163565160110782,0,0,0,0,0,0,0
2023-08-28,uttar_pradesh,62937.0,47574.0,30802.0,40409.0,3853.0,0.0,769262.0,0,0,0,0,0,0.9848,-0.8343701235229537,-0.5512045872199277,0.9198172790502196,-0.3923470060554182,0,0,0,0,0,0,0
2023-09-04,uttar_pradesh,61908.0,49525.0,42018.0,36978.0,3781.0,0.0,733654.0,0,0,0,0,0,0.9924,-0.8945422369764496,-0.4469834295196741,0.7996911138678691,-0.600411627469661,0,0,0,0,0,0,0
2023-09-11,uttar_pradesh,49231.0,49607.0,47205.0,57143.0,3980.0,0.0,742161.0,0,0,0,0,0,0.992,-0.9417589340994617,-0.33628873017668287,0.6334058321617086,-0.7738197799123084,0,0,0,0,0,0,0
2023-09-18,uttar_pradesh,55338.0,57944.0,41103.0,54434.0,4752.0,0.0,833529.0,1,0,0,0,0,0.9933,-0.9753363880767837,-0.2207236509605022,0.4305596169818739,-0.9025621398133328,0,0,0,0,0,0,0
2023-09-25,uttar_pradesh,70474.0,47280.0,43609.0,60785.0,4551.0,0.0,792967.0,0,0,0,0,0,1.013,-0.994788305609327,-0.10196189005174576,0.2028609916826013,-0.9792075459541514,0,0,0,0,0,0,0
2023-10-02,uttar_pradesh,86336.0,70789.0,56512.0,49989.0,6304.0,169934.0,988124.0,0,0,1,0,0,0.9993,-0.999832969770105,0.018276557681691223,-0.03654700988811993,-0.9993319348786156,0,0,0,0,0,0,0
2023-10-09,uttar_pradesh,111101.0,47156.0,53128.0,59907.0,5259.0,177813.0,867619.0,0,0,0,0,0,1.0047,-0.9903973200352558,0.1382503109109819,-0.2738454748405547,-0.9617737030660337,0,0,0,0,0,0,0
2023-10-16,uttar_pradesh,119796.0,40403.0,56667.0,89886.0,5449.0,175422.0,901883.0,0,0,0,0,0,1.014,-0.9666180104000972,0.2562218218071163,-0.49533725523256594,-0.8687007560596847,0,0,0,0,0,0,0
2023-10-23,uttar_pradesh,96421.0,50148.0,52870.0,81862.0,5507.0,165154.0,886533.0,0,0,0,0,0,1.0069,-0.9288394302558068,0.3704825404820963,-0.6882375836422284,-0.7254853743958638,0,0,0,0,0,0,0
2023-10-30,uttar_pradesh,93121.0,49490.0,61016.0,56478.0,6773.0,166043.0,858922.0,0,0,0,0,0,0.9799,-0.8776087166898392,0.4793776594606945,-0.8414120250581577,-0.5403941192199728,0,0,0,0,0,0,0
2023-11-06,uttar_pradesh,102805.0,71956.0,63644.0,85438.0,6232.0,210418.0,1117249.0,0,1,0,0,0,1.0002,-0.8136678304455991,0.5813300798152042,-0.9460191696320084,-0.32411067660409654,0,0,0,0,0,0,0
2023-11-13,uttar_pradesh,111387.0,64807.0,81476.0,74935.0,6056.0,207386.0,1038532.0,0,0,0,0,0,1.0162,-0.7379428103031386,0.6748632518680403,-0.9960209693076331,-0.08911918255618792,0,0,0,0,1,0,0
2023-11-20,uttar_pradesh,119686.0,60766.0,78633.0,58626.0,7453.0,0.0,948799.0,0,0,0,0,0,1.0002,-0.6515303615068021,0.75862255966641,-0.9885312610933433,0.15101637606963153,0,0,0,0,0,0,0
2023-11-27,uttar_pradesh,95181.0,59240.0,60745.0,90774.0,6799.0,0.0,948906.0,0,0,0,0,0,0.9905,-0.5556819724760489,0.8313949395234058,-0.9239823598019431,0.3824350909302552,0,0,0,0,0,0,0
2023-12-04,uttar_pradesh,70489.0,56250.0,69226.0,54914.0,5487.0,0.0,864424.0,0,0,0,0,0,0.995,-0.451785789832884,0.8921264484954345,-0.8061001043286311,0.5917792002101544,0,0,0,0,0,0,0
2023-12-11,uttar_pradesh,69135.0,59507.0,43074.0,50281.0,4705.0,0.0,862872.0,0,0,0,0,0,1.0003,-0.34134651424503615,0.9399375283564133,-0.641688797825113,0.7669651144255266,0,0,0,0,0,0,0
2023-12-18,uttar_pradesh,58372.0,50736.0,49921.0,65278.0,5321.0,0.0,907449.0,1,0,0,0,0,1.0039,-0.22596360824801906,0.974135744004672,-0.4402384552773285,0.8978808954950716,0,0,0,0,0,0,0
2023-12-25,uttar_pradesh,55024.0,64622.0,69660.0,50365.0,4077.0,0.0,842610.0,0,0,0,0,0,1.0095,-0.10730813165636247,0.9942258118156161,-0.21337702862092797,0.9769699297608415,0,0,0,0,0,0,0
2024-01-01,uttar_pradesh,79661.0,47858.0,45302.0,52706.0,5003.0,0.0,871128.0,0,0,0,1,0,1.0476,0.017201575418260506,0.9998520419557735,0.03439806061360801,0.9994082116062598,0,0,0,0,0,0,0
2024-01-08,uttar_pradesh,66575.0,45906.0,56954.0,100320.0,4250.0,0.0,803370.0,0,0,0,0,0,1.0368,0.13718540405660057,0.9905453876091833,0.2717767384711357,0.9623603298276545,0,0,0,0,0,0,0
2024-01-15,uttar_pradesh,54407.0,51176.0,37243.0,34828.0,4589.0,0.0,829077.0,0,0,0,0,0,1.0471,0.2551824131233728,0.9668929289391521,0.49346814167723735,0.8697638720650646,0,0,0,0,0,0,0
2024-01-22,uttar_pradesh,64304.0,52884.0,56020.0,37345.0,3902.0,0.0,810595.0,0,0,0,0,0,1.0452,0.3694836834473831,0.9292372181882051,0.6866759803451553,0.726963615332308,0,0,0,0,0,0,0
2024-01-29,uttar_pradesh,64584.0,46229.0,40636.0,58524.0,4366.0,0.0,825868.0,0,0,0,0,0,1.0298,0.4784338202547012,0.8781236129591848,0.8402480696078469,0.5422021592729844,0,0,0,0,0,0,0
2024-02-05,uttar_pradesh,66390.0,49200.0,38945.0,23910.0,4223.0,0.0,846859.0,0,0,0,0,0,1.0507,0.580454927809098,0.8142923779467267,0.945320046913132,0.3261441535642696,0,0,0,0,0,0,0
2024-02-12,uttar_pradesh,58521.0,51004.0,48673.0,30053.0,4788.0,0.0,809624.0,0,0,0,0,0,1.0312,0.6740694616546161,0.7386679638813748,0.9958270335100595,0.09126072172931188,0,0,0,0,0,0,0
2024-02-19,uttar_pradesh,70514.0,59018.0,57590.0,58663.0,4264.0,0.0,938038.0,1,0,0,0,0,1.055,0.7579216274973472,0.6523456189565257,0.9888537064205885,-0.1488903868564548,0,0,0,0,0,0,0
2024-02-26,uttar_pradesh,65737.0,54122.0,40089.0,78040.0,4513.0,0.0,835268.0,0,0,0,0,0,1.0431,0.8307970168121247,0.5565755266413303,0.9248025743285089,-0.38044736628785164,0,0,0,0,0,0,0
2024-03-04,uttar_pradesh,55075.0,55060.0,48513.0,65401.0,3957.0,0.0,846660.0,0,0,0,0,0,1.0194,0.8916401947968874,0.45274469960737107,0.8073707443023492,-0.5900444739548627,0,0,0,0,0,0,0
2024-03-11,uttar_pradesh,66844.0,47039.0,33080.0,17077.0,5109.0,0.0,875755.0,0,0,0,0,0,1.0327,0.9395699859530622,0.342356891994542,0.6433365204044917,-0.765583517007675,0,0,0,0,0,0,0
2024-03-18,uttar_pradesh,87369.0,57023.0,48802.0,40787.0,3791.0,0.0,847286.0,0,0,0,0,0,1.0242,0.9738922359149924,0.22701082094141847,0.44216815196707204,-0.8969321743510065,0,0,0,0,0,0,0
2024-03-25,uttar_pradesh,59082.0,63382.0,46541.0,37286.0,3989.0,0.0,827854.0,0,0,0,0,0,1.042,0.9941098647022418,0.10837701279187609,0.21547731504673012,-0.976508846196619,0,0,0,0,0,0,0
2024-04-01,uttar_pradesh,78349.0,55318.0,56454.0,46146.0,3791.0,0.0,895689.0,0,0,0,0,0,1.0531,0.9999300657962057,-0.011826390691832589,-0.023651127245231586,-0.9997202729664083,0,0,0,0,0,0,0
2024-04-08,uttar_pradesh,62642.0,62191.0,52376.0,43251.0,3990.0,0.0,815970.0,0,0,0,0,0,1.065,0.9912685467787256,-0.13185851571739118,-0.2614143985111562,-0.965226663665613,0,0,0,0,0,0,0
2024-04-15,uttar_pradesh,52629.0,57170.0,45785.0,40266.0,4270.0,0.0,866510.0,0,0,0,0,0,1.0443,0.9682507501166718,-0.2499809690726521,-0.48408852163897587,-0.8750190302029955,0,0,0,0,0,0,0
2024-04-22,uttar_pradesh,71662.0,56753.0,37640.0,40108.0,4627.0,0.0,809601.0,0,0,0,0,0,1.0315,0.9312100364121947,-0.3644830148102912,-0.6788204829862355,-0.734304263829602,0,0,0,0,0,0,0
2024-04-29,uttar_pradesh,64015.0,61965.0,53062.0,37688.0,5294.0,0.0,814123.0,0,0,0,0,0,1.0189,0.8806828564301475,-0.47370635037968,-0.8343701235229537,-0.5512045872199277,0,0,0,0,0,0,0
2024-05-06,uttar_pradesh,78543.0,51785.0,50123.0,79318.0,4792.0,0.0,813362.0,0,0,0,0,0,1.0401,0.8174009818249189,-0.5760691233798758,-0.9417589340994617,-0.33628873017668287,0,0,0,0,0,0,0
2024-05-13,uttar_pradesh,65944.0,65014.0,41388.0,66485.0,4781.0,0.0,848676.0,0,0,0,0,0,1.0322,0.742280907086982,-0.6700888411055113,-0.994788305609327,-0.10196189005174576,0,0,0,0,0,0,0
2024-05-20,uttar_pradesh,63763.0,60447.0,52269.0,52793.0,5008.0,0.0,867522.0,0,0,0,0,0,1.0419,0.6564105761979381,-0.7544038410927472,-0.9903973200352558,0.1382503109109819,0,0,0,0,0,0,0
2024-05-27,uttar_pradesh,70620.0,51218.0,69572.0,53064.0,4845.0,0.0,855929.0,0,0,0,0,0,1.0456,0.5610336262283677,-0.8277930117131022,-0.9288394302558068,0.3704825404820963,0,0,0,0,0,0,0
2024-06-03,uttar_pradesh,53871.0,61936.0,51654.0,30575.0,4683.0,0.0,857162.0,0,0,0,0,0,1.0489,0.4575313760742512,-0.8891934772070711,-0.8136678304455991,0.5813300798152042,0,0,0,0,0,0,0
2024-06-10,uttar_pradesh,68237.0,48240.0,50683.0,51192.0,4489.0,0.0,837057.0,0,0,0,0,0,1.0515,0.3474028211842774,-0.9377159910299093,-0.6515303615068021,0.75862255966641,0,0,0,0,0,0,0
2024-06-17,uttar_pradesh,45643.0,58561.0,61540.0,35331.0,4365.0,0.0,851147.0,0,0,0,0,0,1.0366,0.23224292400907015,-0.9726578145718654,-0.451785789832884,0.8921264484954345,0,0,0,0,0,0,0
2024-06-24,uttar_pradesh,65952.0,48367.0,47601.0,87456.0,4530.0,0.0,910613.0,0,0,0,0,0,1.0459,0.11371951458594969,-0.9935128947338007,-0.22596360824801906,0.974135744004672,0,0,0,0,0,0,0
2024-07-01,uttar_pradesh,74613.0,63671.0,45595.0,30109.0,3963.0,0.0,864196.0,0,0,0,0,0,1.0473,-0.00645086419810515,-0.9999791929590823,0.012901459949419653,0.9999167727021953,0,0,0,0,0,0,0
2024-07-08,uttar_pradesh,67004.0,56450.0,65207.0,32043.0,4494.0,0.0,882612.0,0,0,0,0,0,1.05,-0.12652781683868314,-0.9919630595773397,0.2510218406258827,0.9679814231320734,0,0,0,0,0,0,0
2024-07-15,uttar_pradesh,86950.0,50610.0,78611.0,76218.0,5047.0,0.0,895514.0,0,0,0,0,0,1.0289,-0.24477230089725957,-0.9695805901076308,0.47465294389193496,0.8801730414269229,0,0,0,0,0,0,0
2024-07-22,uttar_pradesh,71430.0,56459.0,49382.0,42652.0,4906.0,0.0,947235.0,1,0,0,0,0,1.0509,-0.3594718130884232,-0.9331559438780432,0.6708865180801582,0.7415600311898435,0,0,0,0,0,0,0
2024-07-29,uttar_pradesh,64889.0,54170.0,42209.0,43215.0,4428.0,0.0,849713.0,0,0,0,0,0,1.0449,-0.46896519100763184,-0.8832166493127127,0.8283957292921138,0.5601432992463508,0,0,0,0,0,0,0
2024-08-05,uttar_pradesh,87754.0,60924.0,62971.0,21099.0,5282.0,0.0,865176.0,0,0,0,0,0,1.0449,-0.5716666713027052,-0.8204859638785327,0.9380889596420647,0.3463944338433696,0,0,0,0,0,0,0
2024-08-12,uttar_pradesh,52847.0,50060.0,51680.0,52673.0,5073.0,0.0,865996.0,0,0,0,0,0,1.0276,-0.666088855860977,-0.7458723993404063,0.993634586189866,0.11265127219562909,0,0,0,0,0,0,0
2024-08-19,uttar_pradesh,64658.0,61821.0,45133.0,37090.0,4787.0,0.0,870810.0,1,0,0,0,0,1.0525,-0.7508642533989489,-0.6604565640279754,0.9918264497026016,-0.12759425406472188,0,0,0,0,0,0,0
2024-08-26,uttar_pradesh,58096.0,60846.0,38639.0,36587.0,4638.0,0.0,830006.0,0,0,0,0,0,1.0215,-0.8247650844733614,-0.5654755126737576,0.9327689179559782,-0.3604748891327019,0,0,0,0,0,0,0
2024-09-02,uttar_pradesh,74015.0,52142.0,34679.0,43082.0,5300.0,0.0,828550.0,0,0,0,0,0,1.0303,-0.886721063082993,-0.46230483047981086,0.8198708615029215,-0.5725484874300667,0,0,0,0,0,0,0
2024-09-09,uttar_pradesh,70953.0,51744.0,58605.0,83047.0,4832.0,0.0,801714.0,0,0,0,0,0,1.0363,-0.9358348973349941,-0.35243871088460327,0.6596488896351408,-0.7515739101399981,0,0,0,0,0,0,0
2024-09-16,uttar_pradesh,74206.0,59000.0,75715.0,54419.0,6327.0,0.0,887220.0,1,0,0,0,0,1.0357,-0.97139528468375,-0.23746831555846842,0.461351203990578,-0.8872175982116474,0,0,0,0,0,0,0
2024-09-23,uttar_pradesh,140640.0,91401.0,56571.0,96373.0,6490.0,161803.0,1046200.0,0,0,1,0,0,1.052,-0.9928872135356962,-0.11905873003404988,0.23642378142121298,-0.9716500376053585,0,0,0,0,0,0,0
2024-09-30,uttar_pradesh,106197.0,54226.0,76322.0,86306.0,7094.0,188841.0,939704.0,0,0,0,0,0,1.0449,-0.9999994220246925,0.001075151282798226,-0.0021503013227746654,-0.9999976880994382,0,0,0,0,0,0,0
2024-10-07,uttar_pradesh,117725.0,65243.0,62863.0,61423.0,6866.0,193974.0,984110.0,0,0,0,0,0,1.0548,-0.9926289059345095,0.121193461470736,-0.2406002661322256,-0.9706242897934825,0,0,0,0,0,0,0
2024-10-14,uttar_pradesh,96732.0,57588.0,64605.0,122832.0,6554.0,169796.0,1009863.0,0,0,0,0,0,1.0391,-0.9708824104813836,0.23955655912092708,-0.46516249913190355,-0.8852253099642835,0,0,0,0,0,0,0
2024-10-21,uttar_pradesh,117831.0,56256.0,75198.0,87915.0,6584.0,200860.0,970306.0,0,0,0,0,0,1.0296,-0.9350748843515574,0.3544502230989869,-0.6628750027453377,-0.7487300786901568,0,0,0,0,0,0,0
2024-10-28,uttar_pradesh,92836.0,79454.0,62807.0,108930.0,7241.0,212855.0,1171190.0,0,1,0,0,0,1.0388,-0.8857249183835637,0.4642104791518923,-0.8223255775192096,-0.5690172620911411,0,0,0,0,0,0,0
2024-11-04,uttar_pradesh,157543.0,70395.0,117297.0,129804.0,6830.0,224450.0,1125704.0,0,0,0,0,0,1.0415,-0.8235472349556007,0.5672476988027229,-0.9343105477678196,-0.3564600964060307,0,0,0,0,1,0,0
2024-11-11,uttar_pradesh,152587.0,51199.0,127225.0,167817.0,8002.0,0.0,1050541.0,0,0,0,0,0,1.0263,-0.7494423368521953,0.6620696215153815,-0.9923660086146721,-0.12332763253295889,0,0,0,0,0,0,0
2024-11-18,uttar_pradesh,134591.0,52193.0,66481.0,133048.0,6122.0,0.0,992999.0,0,0,0,0,0,1.042,-0.6644834655228552,0.7473029667054297,-0.9931409302238695,0.11692344809347308,0,0,0,0,0,0,0
2024-11-25,uttar_pradesh,83294.0,72848.0,63162.0,51980.0,5306.0,0.0,954601.0,0,0,0,0,0,1.0341,-0.5699010576127624,0.821713322596059,-0.936590583203982,0.3504255690637097,0,0,0,0,0,0,0
2024-12-02,uttar_pradesh,95562.0,56287.0,77639.0,40628.0,4604.0,0.0,895437.0,0,0,0,0,0,1.0402,-0.46706492487743034,0.8842230238742036,-0.8259791204413983,0.5637007118984807,0,0,0,0,0,0,0
2024-12-09,uttar_pradesh,89208.0,49300.0,64898.0,60277.0,4664.0,0.0,864729.0,0,0,0,0,0,1.0641,-0.3574644155648614,0.9339267592294762,-0.6676911663366994,0.7444383832097442,0,0,0,0,0,0,0
2024-12-16,uttar_pradesh,85588.0,56503.0,48961.0,44640.0,5198.0,0.0,907234.0,0,0,0,0,0,1.0244,-0.2426868445825954,0.9701046827361175,-0.4708632887360563,0.8822061909330864,0,0,0,0,0,0,0
2024-12-23,uttar_pradesh,69467.0,62025.0,71088.0,91719.0,5110.0,0.0,925070.0,0,0,0,0,0,1.0376,-0.12439450483979998,0.9922328391893008,-0.2468566254334839,0.9690520143313219,0,0,0,0,0,0,0
2024-12-30,uttar_pradesh,100488.0,62844.0,61014.0,88976.0,4598.0,0.0,941615.0,0,0,0,1,0,1.0442,-0.004300592702981974,0.9999907524084426,-0.008601105865714402,0.9999630098048061,0,0,0,0,0,0,0
2025-01-06,uttar_pradesh,80650.0,56343.0,47625.0,71000.0,5013.0,0.0,866842.0,0,0,0,0,0,1.0705,0.10303137904317879,0.9946781061893646,0.20496611396949532,0.9787690698649216,0,0,0,0,0,0,0
2025-01-13,uttar_pradesh,84293.0,66375.0,44912.0,30543.0,5131.0,0.0,884854.0,0,0,0,0,0,1.074,0.22177215755648186,0.975098513039961,0.4324994021339788,0.901634220265486,0,0,0,0,0,0,0
2025-01-20,uttar_pradesh,100869.0,61613.0,57281.0,60652.0,5164.0,0.0,890647.0,0,0,0,0,0,1.0757,0.3373010691361842,0.9413968285264122,0.6350683134867438,0.7724559775191742,0,0,0,0,0,0,0
2025-01-27,uttar_pradesh,71754.0,64439.0,64249.0,36924.0,4270.0,0.0,955769.0,1,0,0,0,0,1.0662,0.44794493940789115,0.8940611451454876,0.8009803309782905,0.5986906625177214,0,0,0,0,0,0,0
2025-02-03,uttar_pradesh,101968.0,64033.0,60061.0,40194.0,4886.0,0.0,906460.0,0,0,0,0,0,1.0693,0.5521013427459208,0.8337770129585915,0.9206588168102428,0.3903682146763026,0,0,0,0,0,0,0
2025-02-10,uttar_pradesh,82188.0,63001.0,50561.0,101874.0,4733.0,0.0,898321.0,0,0,0,0,0,1.0756,0.6482618097757122,0.7614175109532997,0.9871957872910085,0.15951325197263655,0,0,0,0,0,0,0
2025-02-17,uttar_pradesh,82680.0,81144.0,50073.0,56878.0,5608.0,0.0,909916.0,0,0,0,0,0,1.0917,0.7350336741329412,0.6780306024735382,0.9967506498213929,-0.08054900421874167,0,0,0,0,0,0,0
2025-02-24,uttar_pradesh,74338.0,71993.0,57399.0,102512.0,5656.0,0.0,973880.0,0,0,0,0,0,1.0842,0.8111602420785621,0.5848239578463322,0.9487718864399473,-0.31596187665790293,0,0,0,0,0,0,0
2025-03-03,uttar_pradesh,80046.0,73264.0,69328.0,80901.0,4408.0,0.0,927077.0,0,0,0,0,0,1.076,0.8755389928586302,0.4831474640149687,0.8460288880917339,-0.533137056031809,0,0,0,0,0,0,0
2025-03-10,uttar_pradesh,79498.0,65367.0,78456.0,101864.0,5220.0,0.0,877865.0,0,0,0,0,0,1.089,0.9272375462179537,0.374473674486883,0.6944521021088763,-0.719538934232584,0,0,0,0,0,0,0
2025-03-17,uttar_pradesh,69164.0,59943.0,60116.0,19949.0,5390.0,0.0,875791.0,0,0,0,0,0,1.0975,0.9655071658143364,0.2603764827344581,0.5027907197793043,-0.8644081744776648,0,0,0,0,0,0,0
2025-03-24,uttar_pradesh,72717.0,60137.0,68907.0,36604.0,5109.0,0.0,970534.0,0,0,0,0,0,1.0953,0.9897936029670716,0.14250832791617088,0.2821076626819194,-0.9593827529490743,0,0,0,0,0,0,0
2025-03-31,uttar_pradesh,122767.0,68877.0,58995.0,180605.0,4708.0,0.0,948700.0,0,0,0,0,0,1.0986,0.9997451236925734,0.022576263041545485,0.04514101777397193,-0.9989806246941579,0,0,0,0,0,0,0
2025-04-07,uttar_pradesh,73248.0,59004.0,53637.0,117079.0,5186.0,0.0,918831.0,0,0,0,0,0,1.089,0.9952176027737294,-0.09768276782171598,-0.19443122004766195,-0.9809161537413774,0,0,0,0,0,0,0
2025-04-14,uttar_pradesh,89502.0,58974.0,61041.0,51511.0,6031.0,0.0,980588.0,0,0,0,0,0,1.0769,0.9762766110869321,-0.21652708524481437,-0.4227806579826773,-0.9062320427107697,0,0,0,0,0,0,0
2025-04-21,uttar_pradesh,71826.0,74197.0,57246.0,99406.0,5112.0,0.0,973427.0,0,0,0,0,0,1.0732,0.9431964659565866,-0.33223549871590435,-0.6267266965083301,-0.7792391467859886,0,0,0,0,0,0,0
2025-04-28,uttar_pradesh,80152.0,74691.0,59831.0,92956.0,4967.0,0.0,894562.0,0,0,0,0,0,1.074,0.8964562582905575,-0.44313223418263453,-0.7944973291665992,-0.6072676460566135,0,0,0,0,0,0,0
2025-05-05,uttar_pradesh,82848.0,67071.0,65633.0,68769.0,4043.0,0.0,935033.0,0,0,0,0,0,1.0759,0.8367329140344921,-0.5476112038402312,-0.9164086366943458,-0.4002439388573056,0,0,0,0,0,0,0
2025-05-12,uttar_pradesh,62298.0,63510.0,52335.0,41345.0,5086.0,0.0,925147.0,0,0,0,0,0,1.0967,0.7648913904341226,-0.6441592666722685,-0.9854237542919524,-0.17011767832049052,0,0,0,0,0,0,0
2025-05-19,uttar_pradesh,84663.0,76311.0,62495.0,79862.0,4336.0,0.0,1030315.0,1,0,0,0,0,1.0711,0.6819721490904629,-0.7313781428679254,-0.9975590477788613,0.06982797572987089,0,0,0,0,0,0,0
2025-05-26,uttar_pradesh,73576.0,79550.0,65703.0,57424.0,4677.0,0.0,954360.0,0,0,0,0,0,1.09,0.5891760872322963,-0.8080046647350754,-0.9521140536681102,0.3057430764672831,0,0,0,0,0,0,0
2025-06-02,uttar_pradesh,78713.0,72026.0,64952.0,35767.0,4623.0,0.0,954039.0,0,0,0,0,0,1.0926,0.4878471454423119,-0.8729290708206411,-0.8517119107469189,0.5240103253675756,0,0,0,0,0,0,0
2025-06-09,uttar_pradesh,87065.0,52992.0,56848.0,65542.0,4941.0,0.0,946493.0,0,0,0,0,0,1.0839,0.37945284372454435,-0.925211078289358,-0.7021479494046978,0.7120310787787131,0,0,0,0,0,0,0
2025-06-16,uttar_pradesh,89294.0,65570.0,60881.0,37863.0,5338.0,0.0,985127.0,0,0,0,0,0,1.0792,0.26556302780405594,-0.9640935007889755,-0.5120551783114646,0.8589525565270845,0,0,0,0,0,0,0
2025-06-23,uttar_pradesh,81090.0,75399.0,67952.0,72327.0,5057.0,0.0,976633.0,1,0,0,0,0,1.0832,0.14782713347053048,-0.9890132145779883,-0.29240597695107734,0.9562942772197719,0,0,0,0,0,0,0
2025-06-30,uttar_pradesh,106549.0,63269.0,51727.0,93884.0,5609.0,0.0,942784.0,0,0,0,0,0,1.069,0.02795029824021032,-0.999609314096404,-0.05587875690537313,0.9984375616565666,0,0,0,0,0,0,0
2025-07-07,uttar_pradesh,82512.0,91034.0,59330.0,72098.0,4613.0,0.0,1027104.0,1,0,0,0,0,1.0715,-0.09233133369539122,-0.9957283388645872,0.18387385105132759,0.9829498496360606,0,0,0,0,0,0,0
2025-07-14,uttar_pradesh,80761.0,65587.0,68968.0,53742.0,4840.0,0.0,956275.0,0,0,0,0,0,1.0659,-0.2112757555821793,-0.9774264960104055,0.4130130429412807,0.9107251102063585,0,0,0,0,0,0,0
2025-07-21,uttar_pradesh,88971.0,64052.0,79323.0,51004.0,4715.0,0.0,929968.0,0,0,0,0,0,1.0703,-0.3271603271220951,-0.9449688462364056,0.6183126337097825,0.7859322407147274,0,0,0,0,0,0,0
2025-07-28,uttar_pradesh,66185.0,54117.0,76952.0,89346.0,4778.0,0.0,928778.0,0,0,0,0,0,1.0759,-0.4383067230125192,-0.898825465016444,0.7879224882631226,0.6157744331240536,0,0,0,0,0,0,0
2025-08-04,uttar_pradesh,79069.0,75183.0,56812.0,77410.0,4953.0,0.0,895891.0,0,0,0,0,0,1.0809,-0.5431052396834317,-0.8396646346181327,0.912052525275964,0.41007339725680436,0,0,0,0,0,0,0
2025-08-11,uttar_pradesh,84584.0,58872.0,58813.0,87527.0,5582.0,0.0,924442.0,0,0,0,0,0,1.0878,-0.6400381082043503,-0.7683431655492202,0.9835378122597296,0.18070244009239297,0,0,0,0,0,0,0
2025-08-18,uttar_pradesh,88092.0,72192.0,74349.0,66677.0,5262.0,0.0,972105.0,0,0,0,0,0,1.0696,-0.7277014757264236,-0.6858939875998223,0.9982521339365441,-0.0590988755488295,0,0,0,0,0,0,0
2025-08-25,uttar_pradesh,91386.0,62763.0,65337.0,70477.0,5343.0,0.0,890422.0,0,0,0,0,0,1.0713,-0.8048257371083452,-0.593511190196115,0.9553461622632788,-0.29548893422398215,0,0,0,0,0,0,0
2025-09-01,uttar_pradesh,81628.0,63873.0,49569.0,47652.0,4695.0,0.0,926447.0,0,0,0,0,0,1.0831,-0.8702939222685674,-0.49253272872205434,0.8572964806503138,-0.5148230222752145,0,0,0,0,0,0,0
2025-09-08,uttar_pradesh,107525.0,61692.0,73770.0,71114.0,5524.0,0.0,906435.0,0,0,0,0,0,1.0844,-0.9231578729647039,-0.38442104726885545,0.709762632639161,-0.7044409168334328,0,0,0,0,0,0,0
2025-09-15,uttar_pradesh,138935.0,67564.0,72251.0,96934.0,5773.0,169157.0,989181.0,0,0,0,0,0,1.0892,-0.9626519747161487,-0.2707418984477642,0.5212604463582784,-0.8533976488498011,0,0,0,0,0,0,0
2025-09-22,uttar_pradesh,122289.0,88662.0,98192.0,113594.0,6839.0,189237.0,1152591.0,0,0,1,0,0,1.0799,-0.9882042449941422,-0.15314166701312007,0.30267049085568926,-0.9530952596488853,0,0,0,0,0,0,0
2025-09-29,uttar_pradesh,124297.0,80442.0,132569.0,187491.0,7050.0,195901.0,1161061.0,1,0,0,0,0,1.0665,-0.9994446170919858,-0.033323525711631344,0.06661003679003268,-0.9977790852682925,0,0,0,0,0,0,0
2025-10-06,uttar_pradesh,161323.0,48769.0,146175.0,160918.0,7609.0,199126.0,1087979.0,0,0,0,0,0,1.0967,-0.9962102997023297,0.0869772313136861,-0.17329522734857217,-0.9848699224660111,0,0,0,0,0,0,0
2025-10-13,uttar_pradesh,158058.0,65686.0,116939.0,84288.0,9497.0,204465.0,1038862.0,0,0,0,0,0,1.07,-0.9785481345802031,0.20601832032517084,-0.40319768608708534,-0.9151129033807907,0,0,0,0,0,0,0
2025-10-20,uttar_pradesh,136019.0,86266.0,88731.0,161914.0,8043.0,251723.0,1273237.0,0,1,0,0,0,1.0774,-0.9467139181463862,0.3220757010206104,-0.6098270977059321,-0.7925344856241648,0,0,0,0,0,0,0
2025-10-27,uttar_pradesh,180982.0,106461.0,139936.0,241983.0,7690.0,192584.0,1186603.0,0,0,0,0,0,1.0967,-0.9011686968561569,0.4334685453485363,-0.7812565682797488,-0.6242100403868479,0,0,0,0,1,0,0
2025-11-03,uttar_pradesh,145188.0,66853.0,148637.0,104724.0,8534.0,0.0,1027974.0,0,0,0,0,0,1.0743,-0.8425720899866032,0.5385835804920232,-0.9075909860952637,-0.4198554536487849,0,0,0,0,0,0,0
2025-11-10,uttar_pradesh,119791.0,70015.0,113364.0,163701.0,6922.0,0.0,1043941.0,0,0,0,0,0,1.0883,-0.7717727365467837,0.6358984534680745,-0.9815381791978468,-0.19126631375382222,0,0,0,0,0,0,0
2025-11-17,uttar_pradesh,117821.0,67873.0,75318.0,66736.0,5936.0,0.0,1040607.0,0,0,0,0,0,1.082,-0.6897960046655887,0.7240037789593305,-0.9988298281778684,0.04836294389478229,0,0,0,0,0,0,0
2025-11-24,uttar_pradesh,135596.0,66312.0,92255.0,79474.0,5948.0,0.0,997500.0,0,0,0,0,0,1.1002,-0.5978291414589552,0.801623551065242,-0.9584678386132249,0.28520063524489725,0,0,0,0,0,0,0
2025-12-01,uttar_pradesh,105589.0,75568.0,60058.0,94180.0,5192.0,0.0,989173.0,0,0,0,0,0,1.0999,-0.4972040784469378,0.8676336233547726,-0.8627819522593745,0.5055762087514626,0,0,0,0,0,0,0
2025-12-08,uttar_pradesh,75844.0,58960.0,63492.0,55969.0,5220.0,0.0,888857.0,0,0,0,0,0,1.0677,-0.3893781415452015,0.9210779895789526,-0.717295271600886,0.6967693257736101,0,0,0,0,0,0,0
2025-12-15,uttar_pradesh,113198.0,60030.0,66866.0,130377.0,5438.0,0.0,940213.0,0,0,0,0,0,1.0967,-0.27591294500296043,0.9611826292540837,-0.5304054598463659,0.8477440935595867,0,0,0,0,0,0,0
2025-12-22,uttar_pradesh,93967.0,61146.0,85088.0,61787.0,5659.0,0.0,925490.0,0,0,0,0,0,1.0839,-0.15845177496083632,0.9873667175937016,-0.3129000178799537,0.949786070023521,0,0,0,0,0,0,0
2023-01-02,kerala,78510.0,22873.0,12669.0,23741.0,2719.0,0.0,611919.0,1,0,0,0,0,1.0067,0.03439806061360801,0.9994082116062598,0.06875540848113941,0.9976335468520451,0,0,0,0,0,0,0
2023-01-09,kerala,99220.0,16620.0,15082.0,25624.0,2409.0,0.0,543481.0,0,0,0,0,0,1.0234,0.1542040475626894,0.988039023376751,0.3047192331091634,0.9524422234305676,0,0,0,0,0,0,0
2023-01-16,kerala,80868.0,22404.0,11909.0,37264.0,3014.0,0.0,604663.0,0,0,0,0,0,0.9994,0.2717767384711357,0.9623603298276545,0.5230943033491326,0.8522748088519838,0,0,0,0,0,0,0
2023-01-23,kerala,118838.0,18677.0,14779.0,62259.0,2606.0,0.0,577266.0,0,0,0,0,0,0.9943,0.38541335945432564,0.9227440286201427,0.7112757519738152,0.7029130847082615,0,0,0,0,0,0,0
2023-01-30,kerala,72444.0,16887.0,11598.0,34311.0,2586.0,0.0,565809.0,0,0,0,0,0,0.9976,0.49346814167723735,0.8697638720650646,0.8584015232918917,0.512978386299228,0,0,0,0,0,0,0
2023-02-06,kerala,74555.0,18925.0,11407.0,28171.0,2433.0,0.0,586039.0,0,0,0,0,0,1.0014,0.5943761565849831,0.804187157621448,0.9559793438440766,0.2934339689665273,0,0,0,0,0,0,0
2023-02-13,kerala,73345.0,15871.0,9930.0,23629.0,2698.0,0.0,565154.0,0,0,0,0,0,1.0007,0.6866759803451553,0.726963615332308,0.998376906467142,0.056952196034039754,0,0,0,0,0,0,0
2023-02-20,kerala,94663.0,16246.0,11726.0,18671.0,2735.0,0.0,617069.0,0,0,0,0,0,0.9932,0.7690308592589181,0.6392116531380588,0.9831469737221499,-0.1828169249850199,0,0,0,0,0,0,0
2023-02-27,kerala,68430.0,17649.0,12835.0,15738.0,2560.0,0.0,563689.0,0,0,0,0,0,1.0028,0.8402480696078469,0.5422021592729844,0.9111686353326631,-0.41203363695942635,0,0,0,0,0,0,0
2023-03-06,kerala,93635.0,18879.0,9108.0,32939.0,2719.0,0.0,598805.0,0,0,0,0,0,1.0034,0.8992961915530253,0.4373400963303323,0.7865965660866021,-0.6174672802835514,0,0,0,0,0,0,0
2023-03-13,kerala,81440.0,25110.0,11312.0,10290.0,2401.0,0.0,682171.0,1,0,0,0,0,0.9886,0.945320046913132,0.3261441535642696,0.6166212130956382,-0.7872599821916922,0,0,0,0,0,0,0
2023-03-20,kerala,58130.0,20001.0,13233.0,14319.0,2291.0,0.0,591984.0,0,0,0,0,0,0.9936,0.9776530844816641,0.2102247521189836,0.4110537546870351,-0.9116111071930239,0,0,0,0,0,0,0
2023-03-27,kerala,56130.0,21277.0,13652.0,31618.0,2398.0,0.0,617186.0,0,0,0,0,0,1.0002,0.9958270335100595,0.09126072172931188,0.18175978759137534,-0.9833429613388902,0,0,0,0,0,0,0
2023-04-03,kerala,78972.0,16202.0,19280.0,13752.0,2927.0,0.0,609414.0,0,0,0,0,0,1.0105,0.9995786855478958,-0.029025013321975237,-0.05802556932878035,-0.9983150972033183,0,0,0,0,0,0,0
2023-04-10,kerala,76244.0,19906.0,12399.0,36210.0,2586.0,0.0,577620.0,0,0,0,0,0,0.9985,0.9888537064205885,-0.1488903868564548,-0.2944616217868012,-0.9556633054034704,0,0,0,0,0,0,0
2023-04-17,kerala,77823.0,16137.0,10260.0,15275.0,2333.0,0.0,577448.0,0,0,0,0,0,0.9951,0.9638074231367307,-0.26659942067929354,-0.5139010013093103,-0.8578494977869301,0,0,0,0,0,0,0
2023-04-24,kerala,72389.0,18823.0,9011.0,24913.0,2789.0,0.0,619089.0,0,0,0,0,0,0.9984,0.9248025743285089,-0.38044736628785164,-0.7036774074790128,-0.7105196029692745,0,0,0,0,0,0,0
2023-05-01,kerala,85865.0,20039.0,12512.0,19084.0,2381.0,0.0,600242.0,0,0,0,0,0,1.0296,0.8724040568049612,-0.48878539428899265,-0.8528367217694595,-0.522177676659508,0,0,0,0,0,0,0
2023-05-08,kerala,73288.0,16379.0,12816.0,31159.0,2709.0,0.0,612338.0,0,0,0,0,0,1.0062,0.8073707443023492,-0.5900444739548627,-0.9527692922168511,-0.30369503751065885,0,0,0,0,0,0,0
2023-05-15,kerala,70788.0,21715.0,15225.0,16695.0,3249.0,0.0,640159.0,0,0,0,0,0,0.997,0.7306444969184916,-0.6827580970759147,-0.9977068927101168,-0.06768276175455162,0,0,0,0,0,0,0
2023-05-22,kerala,74005.0,19019.0,14338.0,39061.0,2315.0,0.0,607675.0,0,0,0,0,0,0.9848,0.6433365204044917,-0.765583517007675,-0.9850556718215013,0.172236243027682,0,0,0,0,0,0,0
2023-05-29,kerala,65792.0,21157.0,9328.0,26250.0,2491.0,0.0,626368.0,0,0,0,0,0,1.0006,0.5467112728685939,-0.8373211953118121,-0.9155458729775467,0.40221356823680365,0,0,0,0,0,0,0
2023-06-05,kerala,87102.0,15837.0,12827.0,31298.0,2499.0,0.0,644050.0,0,0,0,0,0,0.989,0.44216815196707204,-0.8969321743510065,-0.7931896839451843,0.6089746507720486,0,0,0,0,0,0,0
2023-06-12,kerala,98069.0,18576.0,12463.0,20207.0,2713.0,0.0,641936.0,0,0,0,0,0,1.0166,0.3312212278016865,-0.9435531242349544,-0.6250496486104377,0.7805849965070866,0,0,0,0,0,0,0
2023-06-19,kerala,71611.0,21552.0,10165.0,15519.0,2592.0,0.0,571364.0,0,0,0,0,0,0.9993,0.21547731504673012,-0.976508846196619,-0.42083100859565564,0.9071390534005044,0,0,0,0,0,0,0
2023-06-26,kerala,73427.0,19279.0,12522.0,24631.0,3365.0,0.0,624268.0,0,0,0,0,0,1.0055,0.0966127018812031,-0.9953220513156602,-0.19232150523909483,0.9813319716704275,0,0,0,0,0,0,0
2023-07-03,kerala,93269.0,23537.0,14593.0,18564.0,2476.0,0.0,623877.0,0,0,0,0,0,1.0029,-0.023651127245231586,-0.9997202729664083,0.04728902277113235,0.9988812483600598,0,0,0,0,0,0,0
2023-07-10,kerala,89572.0,18592.0,12415.0,47989.0,2438.0,0.0,636464.0,0,0,0,0,0,1.0183,-0.1435724234118113,-0.9896398128792412,0.2841699724797683,0.9587739184713191,0,0,0,0,0,0,0
2023-07-17,kerala,68894.0,18337.0,13478.0,29498.0,2933.0,0.0,601036.0,0,0,0,0,0,0.9888,-0.2614143985111562,-0.965226663665613,0.5046482954181526,0.8633250245021008,0,0,0,0,0,0,0
2023-07-24,kerala,78536.0,19978.0,20457.0,29097.0,2718.0,114145.0,681959.0,0,0,0,0,0,0.993,-0.3754703786876202,-0.9268343944460494,0.6959977221267386,0.7180439894563502,0,0,0,0,0,0,0
2023-07-31,kerala,79722.0,19152.0,15829.0,24726.0,2487.0,104293.0,699791.0,0,0,0,0,0,1.0006,-0.48408852163897587,-0.8750190302029955,0.847173337473877,0.5313166064347815,0,0,0,0,0,0,0
2023-08-07,kerala,65702.0,17365.0,15896.0,37845.0,2914.0,110693.0,681337.0,0,0,0,0,0,1.0024,-0.5856957398073508,-0.8105309990194823,0.9494491062150135,0.31392100074304014,0,0,0,0,0,0,0
2023-08-14,kerala,105662.0,15826.0,15135.0,19456.0,3111.0,121456.0,700190.0,0,0,0,0,0,1.0016,-0.6788204829862355,-0.734304263829602,0.9969215500633253,0.07840550375666766,0,0,0,0,0,0,0
2023-08-21,kerala,101260.0,22084.0,13410.0,48904.0,3574.0,151510.0,778761.0,1,0,0,0,0,0.9861,-0.7621140503891487,-0.6474427960827475,0.9868505034357966,-0.16163565160110782,0,0,0,0,0,0,0
2023-08-28,kerala,135856.0,21739.0,20416.0,36536.0,3262.0,122559.0,831109.0,0,0,0,0,0,1.0087,-0.8343701235229537,-0.5512045872199277,0.9198172790502196,-0.3923470060554182,0,0,0,0,0,1,0
2023-09-04,kerala,112428.0,24453.0,14939.0,85824.0,4413.0,0.0,762688.0,1,0,0,0,0,0.9879,-0.8945422369764496,-0.4469834295196741,0.7996911138678691,-0.600411627469661,0,0,0,0,0,0,0
2023-09-11,kerala,106013.0,20594.0,24817.0,35797.0,3459.0,0.0,668747.0,0,0,0,0,0,0.9899,-0.9417589340994617,-0.33628873017668287,0.6334058321617086,-0.7738197799123084,0,0,0,0,0,0,0
2023-09-18,kerala,92067.0,18474.0,15605.0,37942.0,2644.0,0.0,637543.0,0,0,0,0,0,0.9963,-0.9753363880767837,-0.2207236509605022,0.4305596169818739,-0.9025621398133328,0,0,0,0,0,0,0
2023-09-25,kerala,113078.0,16619.0,20459.0,36496.0,2963.0,0.0,579620.0,0,0,0,0,0,1.014,-0.994788305609327,-0.10196189005174576,0.2028609916826013,-0.9792075459541514,0,0,0,0,0,0,0
2023-10-02,kerala,97782.0,24115.0,19410.0,34723.0,3428.0,128183.0,767560.0,0,0,1,0,0,1.013,-0.999832969770105,0.018276557681691223,-0.03654700988811993,-0.9993319348786156,0,0,0,0,0,0,0
2023-10-09,kerala,143247.0,19902.0,20666.0,51365.0,3660.0,136902.0,679854.0,0,0,0,0,0,1.0061,-0.9903973200352558,0.1382503109109819,-0.2738454748405547,-0.9617737030660337,0,0,0,0,0,0,0
2023-10-16,kerala,124152.0,23052.0,18221.0,63523.0,3461.0,128887.0,711030.0,0,0,0,0,0,0.9851,-0.9666180104000972,0.2562218218071163,-0.49533725523256594,-0.8687007560596847,0,0,0,0,0,0,0
2023-10-23,kerala,135432.0,13372.0,19481.0,87429.0,4047.0,135954.0,695965.0,0,0,0,0,0,0.9929,-0.9288394302558068,0.3704825404820963,-0.6882375836422284,-0.7254853743958638,0,0,0,0,0,0,0
2023-10-30,kerala,105710.0,20932.0,17058.0,70846.0,3848.0,135553.0,667768.0,0,0,0,0,0,0.9893,-0.8776087166898392,0.4793776594606945,-0.8414120250581577,-0.5403941192199728,0,0,0,0,0,0,0
2023-11-06,kerala,145177.0,23831.0,23211.0,70019.0,3484.0,145331.0,826163.0,0,1,0,0,0,0.994,-0.8136678304455991,0.5813300798152042,-0.9460191696320084,-0.32411067660409654,0,0,0,0,0,0,0
2023-11-13,kerala,130010.0,22965.0,27230.0,35205.0,3677.0,0.0,771670.0,1,0,0,0,0,0.9961,-0.7379428103031386,0.6748632518680403,-0.9960209693076331,-0.08911918255618792,0,0,0,0,0,0,0
2023-11-20,kerala,107432.0,21504.0,18317.0,30123.0,4046.0,0.0,687749.0,0,0,0,0,0,1.0136,-0.6515303615068021,0.75862255966641,-0.9885312610933433,0.15101637606963153,0,0,0,0,0,0,0
2023-11-27,kerala,161784.0,18574.0,21048.0,35477.0,3931.0,0.0,659924.0,0,0,0,0,0,0.9985,-0.5556819724760489,0.8313949395234058,-0.9239823598019431,0.3824350909302552,0,0,0,0,0,0,0
2023-12-04,kerala,110107.0,20934.0,13967.0,44610.0,3136.0,0.0,684433.0,0,0,0,0,0,0.9858,-0.451785789832884,0.8921264484954345,-0.8061001043286311,0.5917792002101544,0,0,0,0,0,0,0
2023-12-11,kerala,94542.0,18048.0,12329.0,47788.0,3061.0,0.0,609618.0,0,0,0,0,0,1.0162,-0.34134651424503615,0.9399375283564133,-0.641688797825113,0.7669651144255266,0,0,0,0,0,0,0
2023-12-18,kerala,93354.0,18663.0,15075.0,20480.0,3159.0,0.0,618174.0,0,0,0,0,0,1.0041,-0.22596360824801906,0.974135744004672,-0.4402384552773285,0.8978808954950716,0,0,0,0,0,0,0
2023-12-25,kerala,98662.0,23110.0,19114.0,32950.0,3188.0,0.0,629996.0,0,0,0,0,0,0.9924,-0.10730813165636247,0.9942258118156161,-0.21337702862092797,0.9769699297608415,0,0,0,0,0,0,0
2024-01-01,kerala,94381.0,22928.0,17579.0,39536.0,3391.0,0.0,698679.0,0,0,0,1,0,1.0457,0.017201575418260506,0.9998520419557735,0.03439806061360801,0.9994082116062598,0,0,0,0,0,0,0
2024-01-08,kerala,108371.0,22492.0,17419.0,17527.0,2875.0,0.0,678294.0,1,0,0,0,0,1.0295,0.13718540405660057,0.9905453876091833,0.2717767384711357,0.9623603298276545,0,0,0,0,0,0,0
2024-01-15,kerala,77332.0,17833.0,17865.0,24888.0,3205.0,0.0,641237.0,0,0,0,0,0,1.02,0.2551824131233728,0.9668929289391521,0.49346814167723735,0.8697638720650646,0,0,0,0,0,0,0
2024-01-22,kerala,78572.0,25087.0,17199.0,50429.0,2866.0,0.0,598617.0,0,0,0,0,0,1.054,0.3694836834473831,0.9292372181882051,0.6866759803451553,0.726963615332308,0,0,0,0,0,0,0
2024-01-29,kerala,69807.0,23313.0,13345.0,40286.0,2528.0,0.0,634609.0,0,0,0,0,0,1.0401,0.4784338202547012,0.8781236129591848,0.8402480696078469,0.5422021592729844,0,0,0,0,0,0,0
2024-02-05,kerala,83405.0,18915.0,12308.0,30421.0,2573.0,0.0,613638.0,0,0,0,0,0,1.0571,0.580454927809098,0.8142923779467267,0.945320046913132,0.3261441535642696,0,0,0,0,0,0,0
2024-02-12,kerala,84325.0,18399.0,14052.0,26366.0,2787.0,0.0,626489.0,0,0,0,0,0,1.0437,0.6740694616546161,0.7386679638813748,0.9958270335100595,0.09126072172931188,0,0,0,0,0,0,0
2024-02-19,kerala,80378.0,19036.0,11372.0,23306.0,2577.0,0.0,620918.0,0,0,0,0,0,1.0428,0.7579216274973472,0.6523456189565257,0.9888537064205885,-0.1488903868564548,0,0,0,0,0,0,0
2024-02-26,kerala,80226.0,18695.0,17339.0,46253.0,3094.0,0.0,643212.0,0,0,0,0,0,1.0492,0.8307970168121247,0.5565755266413303,0.9248025743285089,-0.38044736628785164,0,0,0,0,0,0,0
2024-03-04,kerala,99429.0,26777.0,14639.0,25309.0,2600.0,0.0,679829.0,1,0,0,0,0,1.0433,0.8916401947968874,0.45274469960737107,0.8073707443023492,-0.5900444739548627,0,0,0,0,0,0,0
2024-03-11,kerala,64360.0,22691.0,14076.0,24563.0,2952.0,0.0,618801.0,0,0,0,0,0,1.0402,0.9395699859530622,0.342356891994542,0.6433365204044917,-0.765583517007675,0,0,0,0,0,0,0
2024-03-18,kerala,101263.0,21734.0,18146.0,21302.0,2810.0,0.0,636639.0,0,0,0,0,0,1.0495,0.9738922359149924,0.22701082094141847,0.44216815196707204,-0.8969321743510065,0,0,0,0,0,0,0
2024-03-25,kerala,89154.0,25752.0,13371.0,36563.0,3509.0,0.0,700041.0,1,0,0,0,0,1.0519,0.9941098647022418,0.10837701279187609,0.21547731504673012,-0.976508846196619,0,0,0,0,0,0,0
2024-04-01,kerala,91286.0,20506.0,21521.0,42003.0,2898.0,0.0,674523.0,0,0,0,0,0,1.0407,0.9999300657962057,-0.011826390691832589,-0.023651127245231586,-0.9997202729664083,0,0,0,0,0,0,0
2024-04-08,kerala,135855.0,18347.0,9744.0,29060.0,2605.0,0.0,622484.0,0,0,0,0,0,1.0432,0.9912685467787256,-0.13185851571739118,-0.2614143985111562,-0.965226663665613,0,0,0,0,0,0,0
2024-04-15,kerala,96470.0,21499.0,18904.0,34937.0,2618.0,0.0,656123.0,0,0,0,0,0,1.0386,0.9682507501166718,-0.2499809690726521,-0.48408852163897587,-0.8750190302029955,0,0,0,0,0,0,0
2024-04-22,kerala,89555.0,25363.0,17935.0,28926.0,2551.0,0.0,695788.0,0,0,0,0,0,1.0367,0.9312100364121947,-0.3644830148102912,-0.6788204829862355,-0.734304263829602,0,0,0,0,0,0,0
2024-04-29,kerala,77378.0,19746.0,17092.0,25547.0,2933.0,0.0,654954.0,0,0,0,0,0,1.0322,0.8806828564301475,-0.47370635037968,-0.8343701235229537,-0.5512045872199277,0,0,0,0,0,0,0
2024-05-06,kerala,82924.0,24515.0,16239.0,29031.0,3397.0,0.0,723453.0,1,0,0,0,0,1.0361,0.8174009818249189,-0.5760691233798758,-0.9417589340994617,-0.33628873017668287,0,0,0,0,0,0,0
2024-05-13,kerala,85274.0,20259.0,16367.0,26860.0,2991.0,0.0,651075.0,0,0,0,0,0,1.0392,0.742280907086982,-0.6700888411055113,-0.994788305609327,-0.10196189005174576,0,0,0,0,0,0,0
2024-05-20,kerala,91185.0,25474.0,24960.0,30686.0,3158.0,0.0,685837.0,0,0,0,0,0,1.0217,0.6564105761979381,-0.7544038410927472,-0.9903973200352558,0.1382503109109819,0,0,0,0,0,0,0
2024-05-27,kerala,80264.0,25479.0,17258.0,21520.0,2840.0,0.0,651528.0,0,0,0,0,0,1.0478,0.5610336262283677,-0.8277930117131022,-0.9288394302558068,0.3704825404820963,0,0,0,0,0,0,0
2024-06-03,kerala,131847.0,20560.0,12709.0,49003.0,2976.0,0.0,682422.0,0,0,0,0,0,1.034,0.4575313760742512,-0.8891934772070711,-0.8136678304455991,0.5813300798152042,0,0,0,0,0,0,0
2024-06-10,kerala,81001.0,19033.0,17507.0,22350.0,3302.0,0.0,682169.0,0,0,0,0,0,1.0409,0.3474028211842774,-0.9377159910299093,-0.6515303615068021,0.75862255966641,0,0,0,0,0,0,0
2024-06-17,kerala,84940.0,24142.0,13473.0,33374.0,3462.0,0.0,692249.0,0,0,0,0,0,1.0419,0.23224292400907015,-0.9726578145718654,-0.451785789832884,0.8921264484954345,0,0,0,0,0,0,0
2024-06-24,kerala,119308.0,18828.0,15664.0,24860.0,3471.0,0.0,689734.0,0,0,0,0,0,1.0406,0.11371951458594969,-0.9935128947338007,-0.22596360824801906,0.974135744004672,0,0,0,0,0,0,0
2024-07-01,kerala,103692.0,20043.0,17856.0,37411.0,2886.0,0.0,698392.0,0,0,0,0,0,1.0449,-0.00645086419810515,-0.9999791929590823,0.012901459949419653,0.9999167727021953,0,0,0,0,0,0,0
2024-07-08,kerala,103203.0,25380.0,18731.0,68642.0,2903.0,0.0,688201.0,0,0,0,0,0,1.0488,-0.12652781683868314,-0.9919630595773397,0.2510218406258827,0.9679814231320734,0,0,0,0,0,0,0
2024-07-15,kerala,79833.0,26620.0,13597.0,26779.0,3432.0,0.0,742512.0,1,0,0,0,0,1.0474,-0.24477230089725957,-0.9695805901076308,0.47465294389193496,0.8801730414269229,0,0,0,0,0,0,0
2024-07-22,kerala,75327.0,30779.0,19271.0,60323.0,3196.0,0.0,696159.0,0,0,0,0,0,1.041,-0.3594718130884232,-0.9331559438780432,0.6708865180801582,0.7415600311898435,0,0,0,0,0,0,0
2024-07-29,kerala,106987.0,22859.0,15705.0,29970.0,2981.0,0.0,664853.0,0,0,0,0,0,1.0405,-0.46896519100763184,-0.8832166493127127,0.8283957292921138,0.5601432992463508,0,0,0,0,0,0,0
2024-08-05,kerala,126588.0,24139.0,22780.0,62609.0,2698.0,123334.0,787191.0,1,0,0,0,0,1.0191,-0.5716666713027052,-0.8204859638785327,0.9380889596420647,0.3463944338433696,0,0,0,0,0,0,0
2024-08-12,kerala,97047.0,23749.0,14975.0,24803.0,3213.0,139562.0,717985.0,0,0,0,0,0,1.0447,-0.666088855860977,-0.7458723993404063,0.993634586189866,0.11265127219562909,0,0,0,0,0,0,0
2024-08-19,kerala,104942.0,24115.0,18134.0,34680.0,3322.0,130365.0,808011.0,0,0,0,0,0,1.041,-0.7508642533989489,-0.6604565640279754,0.9918264497026016,-0.12759425406472188,0,0,0,0,0,0,0
2024-08-26,kerala,79758.0,20278.0,28996.0,31498.0,2914.0,127983.0,744100.0,0,0,0,0,0,1.0428,-0.8247650844733614,-0.5654755126737576,0.9327689179559782,-0.3604748891327019,0,0,0,0,0,0,0
2024-09-02,kerala,122674.0,19988.0,21617.0,45669.0,3404.0,125209.0,761483.0,0,0,0,0,0,1.0314,-0.886721063082993,-0.46230483047981086,0.8198708615029215,-0.5725484874300667,0,0,0,0,0,0,0
2024-09-09,kerala,135732.0,33558.0,32045.0,74835.0,3924.0,129516.0,905793.0,1,0,0,0,0,1.0609,-0.9358348973349941,-0.35243871088460327,0.6596488896351408,-0.7515739101399981,0,0,0,0,0,1,0
2024-09-16,kerala,146011.0,25944.0,21473.0,37219.0,4685.0,0.0,773208.0,0,0,0,0,0,1.0447,-0.97139528468375,-0.23746831555846842,0.461351203990578,-0.8872175982116474,0,0,0,0,0,0,0
2024-09-23,kerala,108797.0,29925.0,24587.0,97252.0,4527.0,185788.0,854317.0,0,0,1,0,0,1.027,-0.9928872135356962,-0.11905873003404988,0.23642378142121298,-0.9716500376053585,0,0,0,0,0,0,0
2024-09-30,kerala,244009.0,25568.0,31941.0,109642.0,4263.0,187584.0,852489.0,1,0,0,0,0,1.031,-0.9999994220246925,0.001075151282798226,-0.0021503013227746654,-0.9999976880994382,0,0,0,0,0,0,0
2024-10-07,kerala,139413.0,19187.0,45353.0,93020.0,4673.0,139364.0,753835.0,0,0,0,0,0,1.0408,-0.9926289059345095,0.121193461470736,-0.2406002661322256,-0.9706242897934825,0,0,0,0,0,0,0
2024-10-14,kerala,134210.0,21170.0,27819.0,36688.0,4288.0,201013.0,751864.0,0,0,0,0,0,1.0351,-0.9708824104813836,0.23955655912092708,-0.46516249913190355,-0.8852253099642835,0,0,0,0,0,0,0
2024-10-21,kerala,188142.0,23437.0,18619.0,81546.0,3994.0,155977.0,790086.0,0,0,0,0,0,1.0408,-0.9350748843515574,0.3544502230989869,-0.6628750027453377,-0.7487300786901568,0,0,0,0,0,0,0
2024-10-28,kerala,224616.0,34419.0,25539.0,50447.0,3553.0,157302.0,909274.0,0,1,0,0,0,1.0503,-0.8857249183835637,0.4642104791518923,-0.8223255775192096,-0.5690172620911411,0,0,0,0,0,0,0
2024-11-04,kerala,149624.0,22179.0,23881.0,51757.0,5323.0,0.0,754383.0,0,0,0,0,0,1.0448,-0.8235472349556007,0.5672476988027229,-0.9343105477678196,-0.3564600964060307,0,0,0,0,0,0,0
2024-11-11,kerala,205813.0,19222.0,21879.0,48666.0,3946.0,0.0,758548.0,0,0,0,0,0,1.0372,-0.7494423368521953,0.6620696215153815,-0.9923660086146721,-0.12332763253295889,0,0,0,0,0,0,0
2024-11-18,kerala,144827.0,25493.0,23488.0,60969.0,3819.0,0.0,733295.0,0,0,0,0,0,1.0252,-0.6644834655228552,0.7473029667054297,-0.9931409302238695,0.11692344809347308,0,0,0,0,0,0,0
2024-11-25,kerala,101825.0,24031.0,22049.0,30648.0,3400.0,0.0,685557.0,0,0,0,0,0,1.0472,-0.5699010576127624,0.821713322596059,-0.936590583203982,0.3504255690637097,0,0,0,0,0,0,0
2024-12-02,kerala,92971.0,17341.0,20444.0,26747.0,3066.0,0.0,666983.0,0,0,0,0,0,1.0441,-0.46706492487743034,0.8842230238742036,-0.8259791204413983,0.5637007118984807,0,0,0,0,0,0,0
2024-12-09,kerala,130271.0,19289.0,19071.0,65091.0,3185.0,0.0,658690.0,0,0,0,0,0,1.0326,-0.3574644155648614,0.9339267592294762,-0.6676911663366994,0.7444383832097442,0,0,0,0,0,0,0
2024-12-16,kerala,104970.0,20808.0,16459.0,52891.0,3420.0,0.0,659094.0,0,0,0,0,0,1.0508,-0.2426868445825954,0.9701046827361175,-0.4708632887360563,0.8822061909330864,0,0,0,0,0,0,0
2024-12-23,kerala,126797.0,22678.0,19379.0,23415.0,3299.0,0.0,679813.0,0,0,0,0,0,1.0271,-0.12439450483979998,0.9922328391893008,-0.2468566254334839,0.9690520143313219,0,0,0,0,0,0,0
2024-12-30,kerala,134993.0,32886.0,21506.0,53533.0,3667.0,0.0,829737.0,1,0,0,1,0,1.0304,-0.004300592702981974,0.9999907524084426,-0.008601105865714402,0.9999630098048061,0,0,0,0,0,0,0
2025-01-06,kerala,131302.0,21414.0,22530.0,33034.0,3259.0,0.0,696120.0,0,0,0,0,0,1.0826,0.10303137904317879,0.9946781061893646,0.20496611396949532,0.9787690698649216,0,0,0,0,0,0,0
2025-01-13,kerala,113271.0,22924.0,22713.0,48398.0,3961.0,0.0,680961.0,0,0,0,0,0,1.078,0.22177215755648186,0.975098513039961,0.4324994021339788,0.901634220265486,0,0,0,0,0,0,0
2025-01-20,kerala,83090.0,23627.0,17252.0,39381.0,3721.0,0.0,687678.0,0,0,0,0,0,1.0971,0.3373010691361842,0.9413968285264122,0.6350683134867438,0.7724559775191742,0,0,0,0,0,0,0
2025-01-27,kerala,102908.0,21488.0,20660.0,44914.0,3315.0,0.0,654574.0,0,0,0,0,0,1.0827,0.44794493940789115,0.8940611451454876,0.8009803309782905,0.5986906625177214,0,0,0,0,0,0,0
2025-02-03,kerala,131037.0,24476.0,28529.0,25906.0,3147.0,0.0,677501.0,0,0,0,0,0,1.0741,0.5521013427459208,0.8337770129585915,0.9206588168102428,0.3903682146763026,0,0,0,0,0,0,0
2025-02-10,kerala,85202.0,20745.0,28692.0,37898.0,2760.0,0.0,678689.0,0,0,0,0,0,1.1053,0.6482618097757122,0.7614175109532997,0.9871957872910085,0.15951325197263655,0,0,0,0,0,0,0
2025-02-17,kerala,74385.0,25058.0,22627.0,57213.0,3579.0,0.0,731142.0,0,0,0,0,0,1.0885,0.7350336741329412,0.6780306024735382,0.9967506498213929,-0.08054900421874167,0,0,0,0,0,0,0
2025-02-24,kerala,122873.0,25630.0,20270.0,52873.0,3070.0,0.0,707512.0,0,0,0,0,0,1.084,0.8111602420785621,0.5848239578463322,0.9487718864399473,-0.31596187665790293,0,0,0,0,0,0,0
2025-03-03,kerala,98191.0,20359.0,15675.0,44991.0,2635.0,0.0,688742.0,0,0,0,0,0,1.0796,0.8755389928586302,0.4831474640149687,0.8460288880917339,-0.533137056031809,0,0,0,0,0,0,0
2025-03-10,kerala,97314.0,22534.0,17855.0,36584.0,3080.0,0.0,674548.0,0,0,0,0,0,1.08,0.9272375462179537,0.374473674486883,0.6944521021088763,-0.719538934232584,0,0,0,0,0,0,0
2025-03-17,kerala,102445.0,24498.0,14386.0,49598.0,3616.0,0.0,670005.0,0,0,0,0,0,1.0839,0.9655071658143364,0.2603764827344581,0.5027907197793043,-0.8644081744776648,0,0,0,0,0,0,0
2025-03-24,kerala,147913.0,24128.0,21946.0,33376.0,3177.0,0.0,702890.0,0,0,0,0,0,1.0808,0.9897936029670716,0.14250832791617088,0.2821076626819194,-0.9593827529490743,0,0,0,0,0,0,0
2025-03-31,kerala,106880.0,23490.0,21075.0,25129.0,2923.0,0.0,698724.0,0,0,0,0,0,1.0841,0.9997451236925734,0.022576263041545485,0.04514101777397193,-0.9989806246941579,0,0,0,0,0,0,0
2025-04-07,kerala,84238.0,25435.0,20864.0,20861.0,3157.0,0.0,662395.0,0,0,0,0,0,1.0934,0.9952176027737294,-0.09768276782171598,-0.19443122004766195,-0.9809161537413774,0,0,0,0,0,0,0
2025-04-14,kerala,111830.0,25734.0,21831.0,46738.0,3364.0,0.0,755555.0,1,0,0,0,0,1.0855,0.9762766110869321,-0.21652708524481437,-0.4227806579826773,-0.9062320427107697,0,0,0,0,0,0,0
2025-04-21,kerala,124287.0,29106.0,24672.0,31560.0,2904.0,0.0,690523.0,0,0,0,0,0,1.0857,0.9431964659565866,-0.33223549871590435,-0.6267266965083301,-0.7792391467859886,0,0,0,0,0,0,0
2025-04-28,kerala,107859.0,32413.0,18783.0,39826.0,3008.0,0.0,717295.0,0,0,0,0,0,1.0833,0.8964562582905575,-0.44313223418263453,-0.7944973291665992,-0.6072676460566135,0,0,0,0,0,0,0
2025-05-05,kerala,122722.0,27527.0,12298.0,25362.0,3112.0,0.0,759675.0,0,0,0,0,0,1.0746,0.8367329140344921,-0.5476112038402312,-0.9164086366943458,-0.4002439388573056,0,0,0,0,0,0,0
2025-05-12,kerala,82777.0,22305.0,21445.0,55650.0,3219.0,0.0,688458.0,0,0,0,0,0,1.0847,0.7648913904341226,-0.6441592666722685,-0.9854237542919524,-0.17011767832049052,0,0,0,0,0,0,0
2025-05-19,kerala,121199.0,30392.0,18334.0,46223.0,3361.0,0.0,741867.0,0,0,0,0,0,1.0751,0.6819721490904629,-0.7313781428679254,-0.9975590477788613,0.06982797572987089,0,0,0,0,0,0,0
2025-05-26,kerala,102436.0,21416.0,19236.0,75159.0,3747.0,0.0,733586.0,0,0,0,0,0,1.0871,0.5891760872322963,-0.8080046647350754,-0.9521140536681102,0.3057430764672831,0,0,0,0,0,0,0
2025-06-02,kerala,136186.0,29844.0,17499.0,64448.0,3238.0,0.0,707430.0,0,0,0,0,0,1.0806,0.4878471454423119,-0.8729290708206411,-0.8517119107469189,0.5240103253675756,0,0,0,0,0,0,0
2025-06-09,kerala,122569.0,24961.0,19111.0,59761.0,3564.0,0.0,689864.0,0,0,0,0,0,1.0764,0.37945284372454435,-0.925211078289358,-0.7021479494046978,0.7120310787787131,0,0,0,0,0,0,0
2025-06-16,kerala,88792.0,27126.0,18186.0,59785.0,2884.0,0.0,745919.0,0,0,0,0,0,1.0803,0.26556302780405594,-0.9640935007889755,-0.5120551783114646,0.8589525565270845,0,0,0,0,0,0,0
2025-06-23,kerala,118842.0,30087.0,17412.0,57131.0,2715.0,0.0,720534.0,0,0,0,0,0,1.0827,0.14782713347053048,-0.9890132145779883,-0.29240597695107734,0.9562942772197719,0,0,0,0,0,0,0
2025-06-30,kerala,98773.0,22473.0,24957.0,56864.0,2786.0,0.0,736319.0,0,0,0,0,0,1.0629,0.02795029824021032,-0.999609314096404,-0.05587875690537313,0.9984375616565666,0,0,0,0,0,0,0
2025-07-07,kerala,105005.0,23418.0,25945.0,46709.0,3700.0,0.0,717464.0,0,0,0,0,0,1.0835,-0.09233133369539122,-0.9957283388645872,0.18387385105132759,0.9829498496360606,0,0,0,0,0,0,0
2025-07-14,kerala,114992.0,27056.0,23016.0,51269.0,3235.0,0.0,744058.0,0,0,0,0,0,1.0865,-0.2112757555821793,-0.9774264960104055,0.4130130429412807,0.9107251102063585,0,0,0,0,0,0,0
2025-07-21,kerala,108693.0,27750.0,23241.0,39097.0,2879.0,0.0,732282.0,0,0,0,0,0,1.0873,-0.3271603271220951,-0.9449688462364056,0.6183126337097825,0.7859322407147274,0,0,0,0,0,0,0
2025-07-28,kerala,144979.0,35121.0,17389.0,23453.0,2840.0,134005.0,850056.0,1,0,0,0,0,1.0783,-0.4383067230125192,-0.898825465016444,0.7879224882631226,0.6157744331240536,0,0,0,0,0,0,0
2025-08-04,kerala,103664.0,22503.0,16275.0,61541.0,3645.0,126702.0,768544.0,0,0,0,0,0,1.0782,-0.5431052396834317,-0.8396646346181327,0.912052525275964,0.41007339725680436,0,0,0,0,0,0,0
2025-08-11,kerala,110435.0,26183.0,16709.0,42057.0,3381.0,154800.0,797080.0,0,0,0,0,0,1.0888,-0.6400381082043503,-0.7683431655492202,0.9835378122597296,0.18070244009239297,0,0,0,0,0,0,0
2025-08-18,kerala,103724.0,31592.0,20514.0,59294.0,3475.0,159472.0,878870.0,1,0,0,0,0,1.0875,-0.7277014757264236,-0.6858939875998223,0.9982521339365441,-0.0590988755488295,0,0,0,0,0,0,0
2025-08-25,kerala,178726.0,25362.0,27455.0,63392.0,3264.0,141769.0,849632.0,0,0,0,0,0,1.0731,-0.8048257371083452,-0.593511190196115,0.9553461622632788,-0.29548893422398215,0,0,0,0,0,0,0
2025-09-01,kerala,165653.0,31881.0,23052.0,55252.0,4097.0,181506.0,914508.0,0,0,0,0,0,1.0726,-0.8702939222685674,-0.49253272872205434,0.8572964806503138,-0.5148230222752145,0,0,0,0,0,1,0
2025-09-08,kerala,174599.0,22147.0,36370.0,113962.0,4831.0,0.0,805298.0,0,0,0,0,0,1.0914,-0.9231578729647039,-0.38442104726885545,0.709762632639161,-0.7044409168334328,0,0,0,0,0,0,0
2025-09-15,kerala,189111.0,30070.0,30301.0,58713.0,4284.0,198858.0,821594.0,0,0,0,0,0,1.0715,-0.9626519747161487,-0.2707418984477642,0.5212604463582784,-0.8533976488498011,0,0,0,0,0,0,0
2025-09-22,kerala,233426.0,36666.0,31136.0,61108.0,5574.0,195358.0,906853.0,0,0,1,0,0,1.0984,-0.9882042449941422,-0.15314166701312007,0.30267049085568926,-0.9530952596488853,0,0,0,0,0,0,0
2025-09-29,kerala,233144.0,24292.0,58103.0,85152.0,4898.0,183761.0,827411.0,0,0,0,0,0,1.0966,-0.9994446170919858,-0.033323525711631344,0.06661003679003268,-0.9977790852682925,0,0,0,0,0,0,0
2025-10-06,kerala,178084.0,20355.0,45389.0,62271.0,4775.0,204361.0,803771.0,0,0,0,0,0,1.0927,-0.9962102997023297,0.0869772313136861,-0.17329522734857217,-0.9848699224660111,0,0,0,0,0,0,0
2025-10-13,kerala,203039.0,32787.0,25028.0,91452.0,4629.0,181393.0,840494.0,0,0,0,0,0,1.0785,-0.9785481345802031,0.20601832032517084,-0.40319768608708534,-0.9151129033807907,0,0,0,0,0,0,0
2025-10-20,kerala,182806.0,33148.0,39991.0,100349.0,4942.0,149989.0,976034.0,0,1,0,0,0,1.0633,-0.9467139181463862,0.3220757010206104,-0.6098270977059321,-0.7925344856241648,0,0,0,0,0,0,0
2025-10-27,kerala,200976.0,23880.0,33765.0,77303.0,5110.0,0.0,804276.0,0,0,0,0,0,1.0868,-0.9011686968561569,0.4334685453485363,-0.7812565682797488,-0.6242100403868479,0,0,0,0,0,0,0
2025-11-03,kerala,180771.0,25721.0,26356.0,57833.0,4294.0,0.0,797750.0,0,0,0,0,0,1.0963,-0.8425720899866032,0.5385835804920232,-0.9075909860952637,-0.4198554536487849,0,0,0,0,0,0,0
2025-11-10,kerala,124324.0,24878.0,27321.0,59964.0,3644.0,0.0,749754.0,0,0,0,0,0,1.0773,-0.7717727365467837,0.6358984534680745,-0.9815381791978468,-0.19126631375382222,0,0,0,0,0,0,0
2025-11-17,kerala,157257.0,24186.0,24215.0,70303.0,3649.0,0.0,730533.0,0,0,0,0,0,1.0907,-0.6897960046655887,0.7240037789593305,-0.9988298281778684,0.04836294389478229,0,0,0,0,0,0,0
2025-11-24,kerala,112647.0,20205.0,26604.0,111782.0,3976.0,0.0,730882.0,0,0,0,0,0,1.0938,-0.5978291414589552,0.801623551065242,-0.9584678386132249,0.28520063524489725,0,0,0,0,0,0,0
2025-12-01,kerala,148351.0,22456.0,23241.0,74023.0,3237.0,0.0,723457.0,0,0,0,0,0,1.0864,-0.4972040784469378,0.8676336233547726,-0.8627819522593745,0.5055762087514626,0,0,0,0,0,0,0
2025-12-08,kerala,137019.0,23177.0,24574.0,74881.0,3281.0,0.0,738393.0,0,0,0,0,0,1.0864,-0.3893781415452015,0.9210779895789526,-0.717295271600886,0.6967693257736101,0,0,0,0,0,0,0
2025-12-15,kerala,138183.0,24218.0,23041.0,40924.0,3377.0,0.0,740813.0,0,0,0,0,0,1.0723,-0.27591294500296043,0.9611826292540837,-0.5304054598463659,0.8477440935595867,0,0,0,0,0,0,0
2025-12-22,kerala,142141.0,28232.0,21789.0,85370.0,3298.0,0.0,744666.0,0,0,0,0,0,1.0976,-0.15845177496083632,0.9873667175937016,-0.3129000178799537,0.949786070023521,0,0,0,0,0,0,0
2023-01-02,telangana,92808.0,25932.0,21018.0,26352.0,2932.0,0.0,706849.0,0,0,0,0,0,1.0008,0.03439806061360801,0.9994082116062598,0.06875540848113941,0.9976335468520451,0,0,0,0,0,0,0
2023-01-09,telangana,93553.0,22699.0,29344.0,24032.0,3099.0,0.0,770802.0,0,0,0,0,0,1.0036,0.1542040475626894,0.988039023376751,0.3047192331091634,0.9524422234305676,0,0,0,0,0,0,0
2023-01-16,telangana,79115.0,26684.0,22825.0,19609.0,2705.0,0.0,760140.0,0,0,0,0,0,1.0062,0.2717767384711357,0.9623603298276545,0.5230943033491326,0.8522748088519838,0,0,0,0,0,0,0
2023-01-23,telangana,107972.0,32876.0,24063.0,16941.0,2686.0,0.0,815227.0,0,0,0,0,0,1.0119,0.38541335945432564,0.9227440286201427,0.7112757519738152,0.7029130847082615,0,0,0,0,0,0,0
2023-01-30,telangana,77940.0,27439.0,15585.0,12986.0,2669.0,0.0,796980.0,0,0,0,0,0,0.9888,0.49346814167723735,0.8697638720650646,0.8584015232918917,0.512978386299228,0,0,0,0,0,0,0
2023-02-06,telangana,65723.0,34184.0,17113.0,13411.0,2530.0,0.0,854842.0,1,0,0,0,0,1.0105,0.5943761565849831,0.804187157621448,0.9559793438440766,0.2934339689665273,0,0,0,0,0,0,0
2023-02-13,telangana,107655.0,31539.0,15891.0,30406.0,2552.0,130847.0,853175.0,0,0,0,0,0,1.0065,0.6866759803451553,0.726963615332308,0.998376906467142,0.056952196034039754,0,0,0,0,0,0,0
2023-02-20,telangana,128033.0,26373.0,18453.0,20549.0,2567.0,146166.0,872928.0,0,0,0,0,0,1.0005,0.7690308592589181,0.6392116531380588,0.9831469737221499,-0.1828169249850199,0,0,0,0,0,0,0
2023-02-27,telangana,102052.0,37890.0,17726.0,21659.0,2506.0,156978.0,982026.0,1,0,0,0,0,1.0035,0.8402480696078469,0.5422021592729844,0.9111686353326631,-0.41203363695942635,0,0,0,0,0,0,0
2023-03-06,telangana,104843.0,30089.0,23571.0,29499.0,3071.0,142625.0,913557.0,0,0,0,0,0,0.9979,0.8992961915530253,0.4373400963303323,0.7865965660866021,-0.6174672802835514,0,0,0,0,0,0,0
2023-03-13,telangana,117665.0,24800.0,29302.0,26095.0,3400.0,131420.0,924289.0,0,0,0,0,0,1.0,0.945320046913132,0.3261441535642696,0.6166212130956382,-0.7872599821916922,0,0,0,0,0,0,0
2023-03-20,telangana,145437.0,30136.0,32481.0,44425.0,2953.0,209739.0,1016093.0,0,0,0,0,0,1.0051,0.9776530844816641,0.2102247521189836,0.4110537546870351,-0.9116111071930239,1,0,0,0,0,0,0
2023-03-27,telangana,129336.0,24983.0,30945.0,22507.0,2858.0,0.0,926729.0,0,0,0,0,0,1.0006,0.9958270335100595,0.09126072172931188,0.18175978759137534,-0.9833429613388902,0,0,0,0,0,0,0
2023-04-03,telangana,141374.0,29756.0,31890.0,30670.0,2487.0,0.0,895288.0,0,0,0,0,0,1.0048,0.9995786855478958,-0.029025013321975237,-0.05802556932878035,-0.9983150972033183,0,0,0,0,0,0,0
2023-04-10,telangana,86743.0,31381.0,17265.0,24647.0,2748.0,0.0,853777.0,0,0,0,0,0,1.0045,0.9888537064205885,-0.1488903868564548,-0.2944616217868012,-0.9556633054034704,0,0,0,0,0,0,0
2023-04-17,telangana,105301.0,24483.0,16963.0,26482.0,2340.0,0.0,827724.0,0,0,0,0,0,1.0068,0.9638074231367307,-0.26659942067929354,-0.5139010013093103,-0.8578494977869301,0,0,0,0,0,0,0
2023-04-24,telangana,93280.0,39792.0,19256.0,29876.0,2652.0,0.0,908690.0,1,0,0,0,0,0.9999,0.9248025743285089,-0.38044736628785164,-0.7036774074790128,-0.7105196029692745,0,0,0,0,0,0,0
2023-05-01,telangana,99795.0,31265.0,22563.0,15397.0,2570.0,0.0,841452.0,0,0,0,0,0,1.003,0.8724040568049612,-0.48878539428899265,-0.8528367217694595,-0.522177676659508,0,0,0,0,0,0,0
2023-05-08,telangana,88400.0,25183.0,21014.0,43094.0,2520.0,0.0,801563.0,0,0,0,0,0,1.0015,0.8073707443023492,-0.5900444739548627,-0.9527692922168511,-0.30369503751065885,0,0,0,0,0,0,0
2023-05-15,telangana,128402.0,32075.0,21502.0,45007.0,2139.0,0.0,884240.0,0,0,0,0,0,1.0243,0.7306444969184916,-0.6827580970759147,-0.9977068927101168,-0.06768276175455162,0,0,0,0,0,0,0
2023-05-22,telangana,111690.0,38725.0,16103.0,31954.0,2578.0,0.0,956272.0,1,0,0,0,0,1.0105,0.6433365204044917,-0.765583517007675,-0.9850556718215013,0.172236243027682,0,0,0,0,0,0,0
2023-05-29,telangana,90946.0,34112.0,19716.0,56764.0,2440.0,0.0,890529.0,0,0,0,0,0,1.0027,0.5467112728685939,-0.8373211953118121,-0.9155458729775467,0.40221356823680365,0,0,0,0,0,0,0
2023-06-05,telangana,83915.0,29307.0,20765.0,27643.0,2626.0,0.0,839577.0,0,0,0,0,0,1.0065,0.44216815196707204,-0.8969321743510065,-0.7931896839451843,0.6089746507720486,0,0,0,0,0,0,0
2023-06-12,telangana,102087.0,28037.0,27929.0,47585.0,2506.0,0.0,920464.0,0,0,0,0,0,0.999,0.3312212278016865,-0.9435531242349544,-0.6250496486104377,0.7805849965070866,0,0,0,0,0,0,0
2023-06-19,telangana,83149.0,29931.0,18093.0,24491.0,2987.0,0.0,844545.0,0,0,0,0,0,0.9986,0.21547731504673012,-0.976508846196619,-0.42083100859565564,0.9071390534005044,0,0,0,0,0,0,0
2023-06-26,telangana,90516.0,27907.0,22507.0,14024.0,3033.0,0.0,852476.0,0,0,0,0,0,1.0027,0.0966127018812031,-0.9953220513156602,-0.19232150523909483,0.9813319716704275,0,0,0,0,0,0,0
2023-07-03,telangana,95627.0,27966.0,21676.0,52682.0,2432.0,0.0,874654.0,0,0,0,0,0,0.9936,-0.023651127245231586,-0.9997202729664083,0.04728902277113235,0.9988812483600598,0,0,0,0,0,0,0
2023-07-10,telangana,81753.0,27841.0,22663.0,19999.0,2689.0,0.0,854898.0,0,0,0,0,0,1.0089,-0.1435724234118113,-0.9896398128792412,0.2841699724797683,0.9587739184713191,0,0,0,0,0,0,0
2023-07-17,telangana,98549.0,25757.0,27635.0,24364.0,2216.0,0.0,933129.0,1,0,0,0,0,1.0115,-0.2614143985111562,-0.965226663665613,0.5046482954181526,0.8633250245021008,0,0,0,0,0,0,0
2023-07-24,telangana,96784.0,29070.0,20796.0,51045.0,2628.0,0.0,864516.0,0,0,0,0,0,1.0067,-0.3754703786876202,-0.9268343944460494,0.6959977221267386,0.7180439894563502,0,0,0,0,0,0,0
2023-07-31,telangana,82409.0,27936.0,23932.0,31274.0,2827.0,0.0,842011.0,0,0,0,0,0,0.9889,-0.48408852163897587,-0.8750190302029955,0.847173337473877,0.5313166064347815,0,0,0,0,0,0,0
2023-08-07,telangana,84977.0,29307.0,27764.0,36919.0,3147.0,0.0,886733.0,1,0,0,0,0,1.0073,-0.5856957398073508,-0.8105309990194823,0.9494491062150135,0.31392100074304014,0,0,0,0,0,0,0
2023-08-14,telangana,104597.0,28103.0,29707.0,22801.0,2616.0,0.0,846255.0,0,0,0,0,0,1.0068,-0.6788204829862355,-0.734304263829602,0.9969215500633253,0.07840550375666766,0,0,0,0,0,0,0
2023-08-21,telangana,81828.0,34472.0,18747.0,30395.0,2509.0,0.0,836857.0,0,0,0,0,0,0.9941,-0.7621140503891487,-0.6474427960827475,0.9868505034357966,-0.16163565160110782,0,0,0,0,0,0,0
2023-08-28,telangana,87095.0,27575.0,24730.0,16077.0,3029.0,0.0,756854.0,0,0,0,0,0,0.9957,-0.8343701235229537,-0.5512045872199277,0.9198172790502196,-0.3923470060554182,0,0,0,0,0,0,0
2023-09-04,telangana,102285.0,25032.0,23038.0,41531.0,2747.0,0.0,843218.0,0,0,0,0,0,0.9965,-0.8945422369764496,-0.4469834295196741,0.7996911138678691,-0.600411627469661,0,0,0,0,0,0,0
2023-09-11,telangana,82576.0,31718.0,28510.0,31212.0,2664.0,0.0,886364.0,1,0,0,0,0,0.998,-0.9417589340994617,-0.33628873017668287,0.6334058321617086,-0.7738197799123084,0,0,0,0,0,0,0
2023-09-18,telangana,114627.0,28301.0,21561.0,33560.0,2660.0,0.0,824995.0,0,0,0,0,0,0.9917,-0.9753363880767837,-0.2207236509605022,0.4305596169818739,-0.9025621398133328,0,0,0,0,0,0,0
2023-09-25,telangana,146050.0,26658.0,29181.0,34341.0,2922.0,0.0,877187.0,0,0,0,0,0,0.9828,-0.994788305609327,-0.10196189005174576,0.2028609916826013,-0.9792075459541514,0,0,0,0,0,0,0
2023-10-02,telangana,171864.0,32213.0,28515.0,50037.0,3015.0,205526.0,962758.0,0,0,1,0,0,1.0124,-0.999832969770105,0.018276557681691223,-0.03654700988811993,-0.9993319348786156,0,0,0,0,0,0,0
2023-10-09,telangana,182500.0,27604.0,33708.0,40141.0,3411.0,205563.0,913669.0,0,0,0,0,0,0.9887,-0.9903973200352558,0.1382503109109819,-0.2738454748405547,-0.9617737030660337,0,0,0,0,0,0,0
2023-10-16,telangana,144592.0,26133.0,30332.0,69532.0,4453.0,204249.0,923718.0,0,0,0,0,0,0.9998,-0.9666180104000972,0.2562218218071163,-0.49533725523256594,-0.8687007560596847,0,0,0,0,0,0,0
2023-10-23,telangana,157475.0,27183.0,42539.0,17927.0,3964.0,192897.0,878499.0,0,0,0,0,0,1.0047,-0.9288394302558068,0.3704825404820963,-0.6882375836422284,-0.7254853743958638,0,0,0,0,0,0,0
2023-10-30,telangana,147338.0,30569.0,37418.0,48661.0,2677.0,156224.0,945759.0,0,0,0,0,0,0.9965,-0.8776087166898392,0.4793776594606945,-0.8414120250581577,-0.5403941192199728,0,0,0,0,0,0,0
2023-11-06,telangana,140602.0,37510.0,27419.0,59739.0,3669.0,171915.0,1121283.0,0,1,0,0,0,1.0035,-0.8136678304455991,0.5813300798152042,-0.9460191696320084,-0.32411067660409654,0,0,0,0,0,0,0
2023-11-13,telangana,218034.0,26165.0,30038.0,45997.0,3947.0,0.0,967489.0,0,0,0,0,0,1.0016,-0.7379428103031386,0.6748632518680403,-0.9960209693076331,-0.08911918255618792,0,0,0,0,0,0,0
2023-11-20,telangana,176629.0,28166.0,37161.0,65352.0,3514.0,0.0,929942.0,0,0,0,0,0,1.0018,-0.6515303615068021,0.75862255966641,-0.9885312610933433,0.15101637606963153,0,0,0,0,0,0,0
2023-11-27,telangana,137335.0,25725.0,44610.0,41266.0,3651.0,0.0,921035.0,0,0,0,0,0,1.0004,-0.5556819724760489,0.8313949395234058,-0.9239823598019431,0.3824350909302552,0,0,0,0,0,0,0
2023-12-04,telangana,139935.0,27420.0,41817.0,27168.0,3112.0,0.0,901086.0,0,0,0,0,0,1.0045,-0.451785789832884,0.8921264484954345,-0.8061001043286311,0.5917792002101544,0,0,0,0,0,0,0
2023-12-11,telangana,145897.0,28260.0,24457.0,24694.0,3258.0,0.0,897377.0,0,0,0,0,0,0.9939,-0.34134651424503615,0.9399375283564133,-0.641688797825113,0.7669651144255266,0,0,0,0,0,0,0
2023-12-18,telangana,136606.0,25705.0,32673.0,29969.0,3113.0,0.0,886769.0,0,0,0,0,0,1.0064,-0.22596360824801906,0.974135744004672,-0.4402384552773285,0.8978808954950716,0,0,0,0,0,0,0
2023-12-25,telangana,159102.0,32862.0,28839.0,76359.0,3041.0,0.0,890457.0,0,0,0,0,0,1.004,-0.10730813165636247,0.9942258118156161,-0.21337702862092797,0.9769699297608415,0,0,0,0,0,0,0
2024-01-01,telangana,128399.0,29351.0,27440.0,21521.0,3477.0,0.0,917151.0,0,0,0,1,0,1.0273,0.017201575418260506,0.9998520419557735,0.03439806061360801,0.9994082116062598,0,0,0,0,0,0,0
2024-01-08,telangana,122309.0,30701.0,32503.0,48358.0,2870.0,0.0,873029.0,0,0,0,0,0,1.0342,0.13718540405660057,0.9905453876091833,0.2717767384711357,0.9623603298276545,0,0,0,0,0,0,0
2024-01-15,telangana,104265.0,31061.0,25813.0,47304.0,3224.0,0.0,827096.0,0,0,0,0,0,1.0236,0.2551824131233728,0.9668929289391521,0.49346814167723735,0.8697638720650646,0,0,0,0,0,0,0
2024-01-22,telangana,108424.0,30932.0,25986.0,29798.0,3143.0,0.0,939295.0,1,0,0,0,0,1.0413,0.3694836834473831,0.9292372181882051,0.6866759803451553,0.726963615332308,0,0,0,0,0,0,0
2024-01-29,telangana,142914.0,33366.0,21509.0,24467.0,2612.0,0.0,950041.0,0,0,0,0,0,1.0532,0.4784338202547012,0.8781236129591848,0.8402480696078469,0.5422021592729844,0,0,0,0,0,0,0
2024-02-05,telangana,88575.0,30589.0,23500.0,27730.0,2963.0,0.0,825123.0,0,0,0,0,0,1.0348,0.580454927809098,0.8142923779467267,0.945320046913132,0.3261441535642696,0,0,0,0,0,0,0
2024-02-12,telangana,143937.0,28933.0,25127.0,23215.0,2466.0,0.0,859438.0,0,0,0,0,0,1.0459,0.6740694616546161,0.7386679638813748,0.9958270335100595,0.09126072172931188,0,0,0,0,0,0,0
2024-02-19,telangana,107809.0,29045.0,22360.0,34722.0,2944.0,0.0,878485.0,0,0,0,0,0,1.0488,0.7579216274973472,0.6523456189565257,0.9888537064205885,-0.1488903868564548,0,0,0,0,0,0,0
2024-02-26,telangana,117202.0,26531.0,33044.0,26160.0,3171.0,0.0,852903.0,0,0,0,0,0,1.048,0.8307970168121247,0.5565755266413303,0.9248025743285089,-0.38044736628785164,0,0,0,0,0,0,0
2024-03-04,telangana,106434.0,29905.0,22008.0,29935.0,2976.0,159247.0,924418.0,0,0,0,0,0,1.0417,0.8916401947968874,0.45274469960737107,0.8073707443023492,-0.5900444739548627,0,0,0,0,0,0,0
2024-03-11,telangana,123177.0,35507.0,34042.0,37095.0,2662.0,149848.0,944328.0,0,0,0,0,0,1.0424,0.9395699859530622,0.342356891994542,0.6433365204044917,-0.765583517007675,0,0,0,0,0,0,0
2024-03-18,telangana,100424.0,35483.0,28331.0,39055.0,3064.0,190718.0,1053950.0,1,0,0,0,0,1.0403,0.9738922359149924,0.22701082094141847,0.44216815196707204,-0.8969321743510065,0,0,0,0,0,0,0
2024-03-25,telangana,104696.0,29848.0,21915.0,67391.0,2862.0,159130.0,997320.0,0,0,0,0,0,1.0481,0.9941098647022418,0.10837701279187609,0.21547731504673012,-0.976508846196619,0,0,0,0,0,0,0
2024-04-01,telangana,137622.0,36259.0,33932.0,33348.0,3359.0,149359.0,1013990.0,0,0,0,0,0,1.0326,0.9999300657962057,-0.011826390691832589,-0.023651127245231586,-0.9997202729664083,0,0,0,0,0,0,0
2024-04-08,telangana,165973.0,36822.0,35866.0,45340.0,3678.0,134586.0,1102587.0,0,0,0,0,0,1.0118,0.9912685467787256,-0.13185851571739118,-0.2614143985111562,-0.965226663665613,1,0,0,0,0,0,0
2024-04-15,telangana,99903.0,33817.0,30339.0,43630.0,3599.0,0.0,975974.0,0,0,0,0,0,1.0532,0.9682507501166718,-0.2499809690726521,-0.48408852163897587,-0.8750190302029955,0,0,0,0,0,0,0
2024-04-22,telangana,133845.0,43480.0,29877.0,24229.0,3432.0,0.0,1050097.0,1,0,0,0,0,1.0192,0.9312100364121947,-0.3644830148102912,-0.6788204829862355,-0.734304263829602,0,0,0,0,0,0,0
2024-04-29,telangana,103789.0,30767.0,25360.0,43778.0,3102.0,0.0,982196.0,0,0,0,0,0,1.0375,0.8806828564301475,-0.47370635037968,-0.8343701235229537,-0.5512045872199277,0,0,0,0,0,0,0
2024-05-06,telangana,116384.0,37558.0,20965.0,49472.0,3410.0,0.0,947418.0,0,0,0,0,0,1.0456,0.8174009818249189,-0.5760691233798758,-0.9417589340994617,-0.33628873017668287,0,0,0,0,0,0,0
2024-05-13,telangana,115403.0,29710.0,20998.0,32860.0,2707.0,0.0,901743.0,0,0,0,0,0,1.0474,0.742280907086982,-0.6700888411055113,-0.994788305609327,-0.10196189005174576,0,0,0,0,0,0,0
2024-05-20,telangana,110865.0,27179.0,26856.0,34643.0,2843.0,0.0,919838.0,0,0,0,0,0,1.026,0.6564105761979381,-0.7544038410927472,-0.9903973200352558,0.1382503109109819,0,0,0,0,0,0,0
2024-05-27,telangana,107605.0,33917.0,40088.0,38682.0,2826.0,0.0,917907.0,0,0,0,0,0,1.0386,0.5610336262283677,-0.8277930117131022,-0.9288394302558068,0.3704825404820963,0,0,0,0,0,0,0
2024-06-03,telangana,122976.0,33574.0,30688.0,43492.0,2630.0,0.0,957958.0,0,0,0,0,0,1.0543,0.4575313760742512,-0.8891934772070711,-0.8136678304455991,0.5813300798152042,0,0,0,0,0,0,0
2024-06-10,telangana,98236.0,33233.0,33282.0,36747.0,2991.0,0.0,912615.0,0,0,0,0,0,1.0263,0.3474028211842774,-0.9377159910299093,-0.6515303615068021,0.75862255966641,0,0,0,0,0,0,0
2024-06-17,telangana,177864.0,27098.0,17482.0,33868.0,2665.0,0.0,962445.0,0,0,0,0,0,1.0356,0.23224292400907015,-0.9726578145718654,-0.451785789832884,0.8921264484954345,0,0,0,0,0,0,0
2024-06-24,telangana,104053.0,30750.0,16876.0,25280.0,3441.0,0.0,910994.0,0,0,0,0,0,1.0477,0.11371951458594969,-0.9935128947338007,-0.22596360824801906,0.974135744004672,0,0,0,0,0,0,0
2024-07-01,telangana,128935.0,30458.0,26984.0,26039.0,3002.0,0.0,954489.0,0,0,0,0,0,1.0246,-0.00645086419810515,-0.9999791929590823,0.012901459949419653,0.9999167727021953,0,0,0,0,0,0,0
2024-07-08,telangana,109771.0,38699.0,31354.0,59103.0,2779.0,0.0,917603.0,0,0,0,0,0,1.0521,-0.12652781683868314,-0.9919630595773397,0.2510218406258827,0.9679814231320734,0,0,0,0,0,0,0
2024-07-15,telangana,142637.0,36374.0,25623.0,33246.0,3278.0,0.0,937655.0,0,0,0,0,0,1.025,-0.24477230089725957,-0.9695805901076308,0.47465294389193496,0.8801730414269229,0,0,0,0,0,0,0
2024-07-22,telangana,114447.0,36017.0,25799.0,51116.0,3635.0,0.0,924827.0,0,0,0,0,0,1.0351,-0.3594718130884232,-0.9331559438780432,0.6708865180801582,0.7415600311898435,0,0,0,0,0,0,0
2024-07-29,telangana,126141.0,33446.0,26403.0,30663.0,3604.0,0.0,949301.0,1,0,0,0,0,1.0368,-0.46896519100763184,-0.8832166493127127,0.8283957292921138,0.5601432992463508,0,0,0,0,0,0,0
2024-08-05,telangana,87147.0,33339.0,27751.0,47339.0,2809.0,0.0,885426.0,0,0,0,0,0,1.0451,-0.5716666713027052,-0.8204859638785327,0.9380889596420647,0.3463944338433696,0,0,0,0,0,0,0
2024-08-12,telangana,130904.0,45064.0,26811.0,18515.0,3203.0,0.0,993304.0,1,0,0,0,0,1.0497,-0.666088855860977,-0.7458723993404063,0.993634586189866,0.11265127219562909,0,0,0,0,0,0,0
2024-08-19,telangana,131925.0,33881.0,26765.0,36149.0,2700.0,0.0,903957.0,0,0,0,0,0,1.042,-0.7508642533989489,-0.6604565640279754,0.9918264497026016,-0.12759425406472188,0,0,0,0,0,0,0
2024-08-26,telangana,188070.0,33148.0,26377.0,20212.0,2652.0,0.0,869001.0,0,0,0,0,0,1.0447,-0.8247650844733614,-0.5654755126737576,0.9327689179559782,-0.3604748891327019,0,0,0,0,0,0,0
2024-09-02,telangana,89897.0,41781.0,35390.0,37732.0,3488.0,0.0,944707.0,1,0,0,0,0,1.0249,-0.886721063082993,-0.46230483047981086,0.8198708615029215,-0.5725484874300667,0,0,0,0,0,0,0
2024-09-09,telangana,118623.0,28145.0,35610.0,36618.0,3346.0,0.0,862356.0,0,0,0,0,0,1.0374,-0.9358348973349941,-0.35243871088460327,0.6596488896351408,-0.7515739101399981,0,0,0,0,0,0,0
2024-09-16,telangana,219173.0,33828.0,49646.0,47755.0,3798.0,0.0,905710.0,0,0,0,0,0,1.0324,-0.97139528468375,-0.23746831555846842,0.461351203990578,-0.8872175982116474,0,0,0,0,0,0,0
2024-09-23,telangana,189948.0,43586.0,48495.0,59682.0,3619.0,211703.0,1132507.0,0,0,1,0,0,1.0401,-0.9928872135356962,-0.11905873003404988,0.23642378142121298,-0.9716500376053585,0,0,0,0,0,0,0
2024-09-30,telangana,186140.0,39716.0,51481.0,154533.0,4087.0,190196.0,1003087.0,0,0,0,0,0,1.0516,-0.9999994220246925,0.001075151282798226,-0.0021503013227746654,-0.9999976880994382,0,0,0,0,0,0,0
2024-10-07,telangana,152439.0,31028.0,30248.0,96079.0,3652.0,207433.0,1016707.0,0,0,0,0,0,1.0461,-0.9926289059345095,0.121193461470736,-0.2406002661322256,-0.9706242897934825,0,0,0,0,0,0,0
2024-10-14,telangana,177384.0,29794.0,48726.0,71474.0,4044.0,222754.0,1024638.0,0,0,0,0,0,1.0364,-0.9708824104813836,0.23955655912092708,-0.46516249913190355,-0.8852253099642835,0,0,0,0,0,0,0
2024-10-21,telangana,201030.0,26176.0,33263.0,105328.0,4160.0,214310.0,990220.0,0,0,0,0,0,1.0539,-0.9350748843515574,0.3544502230989869,-0.6628750027453377,-0.7487300786901568,0,0,0,0,0,0,0
2024-10-28,telangana,197712.0,39479.0,61411.0,79411.0,3703.0,220959.0,1215375.0,0,1,0,0,0,1.0454,-0.8857249183835637,0.4642104791518923,-0.8223255775192096,-0.5690172620911411,0,0,0,0,0,0,0
2024-11-04,telangana,184137.0,44075.0,40627.0,146411.0,4566.0,0.0,1146794.0,1,0,0,0,0,1.0339,-0.8235472349556007,0.5672476988027229,-0.9343105477678196,-0.3564600964060307,0,0,0,0,0,0,0
2024-11-11,telangana,168995.0,32981.0,42043.0,69127.0,3803.0,0.0,1037216.0,0,0,0,0,0,1.0208,-0.7494423368521953,0.6620696215153815,-0.9923660086146721,-0.12332763253295889,0,0,0,0,0,0,0
2024-11-18,telangana,133279.0,35397.0,34933.0,83743.0,4092.0,0.0,947200.0,0,0,0,0,0,1.0379,-0.6644834655228552,0.7473029667054297,-0.9931409302238695,0.11692344809347308,0,0,0,0,0,0,0
2024-11-25,telangana,157893.0,37664.0,36018.0,55521.0,3922.0,0.0,979955.0,0,0,0,0,0,1.0382,-0.5699010576127624,0.821713322596059,-0.936590583203982,0.3504255690637097,0,0,0,0,0,0,0
2024-12-02,telangana,139856.0,30174.0,40351.0,46400.0,3133.0,0.0,955852.0,0,0,0,0,0,1.0344,-0.46706492487743034,0.8842230238742036,-0.8259791204413983,0.5637007118984807,0,0,0,0,0,0,0
2024-12-09,telangana,123733.0,29300.0,35476.0,45288.0,2787.0,0.0,929107.0,0,0,0,0,0,1.0347,-0.3574644155648614,0.9339267592294762,-0.6676911663366994,0.7444383832097442,0,0,0,0,0,0,0
2024-12-16,telangana,123667.0,29311.0,44596.0,24845.0,3376.0,0.0,903102.0,0,0,0,0,0,1.0392,-0.2426868445825954,0.9701046827361175,-0.4708632887360563,0.8822061909330864,0,0,0,0,0,0,0
2024-12-23,telangana,135060.0,37491.0,38337.0,57136.0,2908.0,0.0,930758.0,0,0,0,0,0,1.0339,-0.12439450483979998,0.9922328391893008,-0.2468566254334839,0.9690520143313219,0,0,0,0,0,0,0
2024-12-30,telangana,150458.0,42721.0,66819.0,38203.0,3335.0,0.0,1079592.0,1,0,0,1,0,1.027,-0.004300592702981974,0.9999907524084426,-0.008601105865714402,0.9999630098048061,0,0,0,0,0,0,0
2025-01-06,telangana,150342.0,39401.0,29300.0,48707.0,3009.0,0.0,954355.0,0,0,0,0,0,1.0913,0.10303137904317879,0.9946781061893646,0.20496611396949532,0.9787690698649216,0,0,0,0,0,0,0
2025-01-13,telangana,132723.0,29969.0,30530.0,75668.0,3275.0,0.0,970905.0,0,0,0,0,0,1.071,0.22177215755648186,0.975098513039961,0.4324994021339788,0.901634220265486,0,0,0,0,0,0,0
2025-01-20,telangana,154986.0,33909.0,33690.0,48237.0,3665.0,0.0,968113.0,0,0,0,0,0,1.0928,0.3373010691361842,0.9413968285264122,0.6350683134867438,0.7724559775191742,0,0,0,0,0,0,0
2025-01-27,telangana,126016.0,48284.0,24454.0,29162.0,3268.0,0.0,1029230.0,1,0,0,0,0,1.0758,0.44794493940789115,0.8940611451454876,0.8009803309782905,0.5986906625177214,0,0,0,0,0,0,0
2025-02-03,telangana,127111.0,38876.0,36031.0,26488.0,3134.0,0.0,953604.0,0,0,0,0,0,1.089,0.5521013427459208,0.8337770129585915,0.9206588168102428,0.3903682146763026,0,0,0,0,0,0,0
2025-02-10,telangana,105066.0,36463.0,32061.0,43394.0,3100.0,0.0,980235.0,0,0,0,0,0,1.0642,0.6482618097757122,0.7614175109532997,0.9871957872910085,0.15951325197263655,0,0,0,0,0,0,0
2025-02-17,telangana,123233.0,32520.0,30843.0,48745.0,2990.0,161827.0,942490.0,0,0,0,0,0,1.0938,0.7350336741329412,0.6780306024735382,0.9967506498213929,-0.08054900421874167,0,0,0,0,0,0,0
2025-02-24,telangana,134986.0,33099.0,36186.0,54388.0,3596.0,169665.0,1088667.0,1,0,0,0,0,1.0656,0.8111602420785621,0.5848239578463322,0.9487718864399473,-0.31596187665790293,0,0,0,0,0,0,0
2025-03-03,telangana,114257.0,44027.0,41671.0,56986.0,3509.0,186828.0,1039701.0,0,0,0,0,0,1.0946,0.8755389928586302,0.4831474640149687,0.8460288880917339,-0.533137056031809,0,0,0,0,0,0,0
2025-03-10,telangana,133589.0,47634.0,30528.0,58184.0,3586.0,175640.0,1073084.0,0,0,0,0,0,1.0773,0.9272375462179537,0.374473674486883,0.6944521021088763,-0.719538934232584,0,0,0,0,0,0,0
2025-03-17,telangana,183753.0,44419.0,29452.0,62960.0,3773.0,173859.0,1108412.0,0,0,0,0,0,1.0792,0.9655071658143364,0.2603764827344581,0.5027907197793043,-0.8644081744776648,0,0,0,0,0,0,0
2025-03-24,telangana,155171.0,43703.0,40848.0,125942.0,3773.0,198203.0,1206092.0,0,0,0,0,0,1.0819,0.9897936029670716,0.14250832791617088,0.2821076626819194,-0.9593827529490743,1,0,0,0,0,0,0
2025-03-31,telangana,177609.0,37509.0,38082.0,23356.0,3672.0,0.0,1024233.0,0,0,0,0,0,1.0856,0.9997451236925734,0.022576263041545485,0.04514101777397193,-0.9989806246941579,0,0,0,0,0,0,0
2025-04-07,telangana,168120.0,32370.0,48267.0,53635.0,4236.0,0.0,1031896.0,0,0,0,0,0,1.0854,0.9952176027737294,-0.09768276782171598,-0.19443122004766195,-0.9809161537413774,0,0,0,0,0,0,0
2025-04-14,telangana,142706.0,33043.0,40294.0,43544.0,2885.0,0.0,1004645.0,0,0,0,0,0,1.0749,0.9762766110869321,-0.21652708524481437,-0.4227806579826773,-0.9062320427107697,0,0,0,0,0,0,0
2025-04-21,telangana,145336.0,37136.0,32707.0,27539.0,3264.0,0.0,1017999.0,0,0,0,0,0,1.0818,0.9431964659565866,-0.33223549871590435,-0.6267266965083301,-0.7792391467859886,0,0,0,0,0,0,0
2025-04-28,telangana,134580.0,48139.0,27392.0,46203.0,3636.0,0.0,1016406.0,0,0,0,0,0,1.0706,0.8964562582905575,-0.44313223418263453,-0.7944973291665992,-0.6072676460566135,0,0,0,0,0,0,0
2025-05-05,telangana,144841.0,38038.0,31804.0,69861.0,3278.0,0.0,985026.0,0,0,0,0,0,1.09,0.8367329140344921,-0.5476112038402312,-0.9164086366943458,-0.4002439388573056,0,0,0,0,0,0,0
2025-05-12,telangana,138046.0,41484.0,32416.0,64961.0,3200.0,0.0,1098175.0,1,0,0,0,0,1.0623,0.7648913904341226,-0.6441592666722685,-0.9854237542919524,-0.17011767832049052,0,0,0,0,0,0,0
2025-05-19,telangana,148677.0,32036.0,33294.0,98445.0,2810.0,0.0,986176.0,0,0,0,0,0,1.0616,0.6819721490904629,-0.7313781428679254,-0.9975590477788613,0.06982797572987089,0,0,0,0,0,0,0
2025-05-26,telangana,129226.0,33418.0,28027.0,65729.0,3983.0,0.0,986785.0,0,0,0,0,0,1.0833,0.5891760872322963,-0.8080046647350754,-0.9521140536681102,0.3057430764672831,0,0,0,0,0,0,0
2025-06-02,telangana,127930.0,47749.0,43040.0,79378.0,3249.0,0.0,1041203.0,0,0,0,0,0,1.0784,0.4878471454423119,-0.8729290708206411,-0.8517119107469189,0.5240103253675756,0,0,0,0,0,0,0
2025-06-09,telangana,146968.0,41568.0,47665.0,32833.0,3076.0,0.0,1043958.0,1,0,0,0,0,1.0795,0.37945284372454435,-0.925211078289358,-0.7021479494046978,0.7120310787787131,0,0,0,0,0,0,0
2025-06-16,telangana,99348.0,34274.0,29505.0,60440.0,3490.0,0.0,1012155.0,0,0,0,0,0,1.0923,0.26556302780405594,-0.9640935007889755,-0.5120551783114646,0.8589525565270845,0,0,0,0,0,0,0
2025-06-23,telangana,185213.0,38043.0,27866.0,82844.0,3157.0,0.0,1027342.0,0,0,0,0,0,1.0727,0.14782713347053048,-0.9890132145779883,-0.29240597695107734,0.9562942772197719,0,0,0,0,0,0,0
2025-06-30,telangana,166533.0,44736.0,37428.0,92310.0,2723.0,0.0,1068561.0,1,0,0,0,0,1.0864,0.02795029824021032,-0.999609314096404,-0.05587875690537313,0.9984375616565666,0,0,0,0,0,0,0
2025-07-07,telangana,111730.0,38375.0,40483.0,53840.0,2666.0,0.0,1041493.0,0,0,0,0,0,1.0908,-0.09233133369539122,-0.9957283388645872,0.18387385105132759,0.9829498496360606,0,0,0,0,0,0,0
2025-07-14,telangana,130755.0,40077.0,45332.0,31207.0,3284.0,0.0,956854.0,0,0,0,0,0,1.0923,-0.2112757555821793,-0.9774264960104055,0.4130130429412807,0.9107251102063585,0,0,0,0,0,0,0
2025-07-21,telangana,141628.0,43000.0,23996.0,52846.0,2974.0,0.0,975557.0,0,0,0,0,0,1.0998,-0.3271603271220951,-0.9449688462364056,0.6183126337097825,0.7859322407147274,0,0,0,0,0,0,0
2025-07-28,telangana,135251.0,38291.0,35126.0,31047.0,3531.0,0.0,963428.0,0,0,0,0,0,1.0975,-0.4383067230125192,-0.898825465016444,0.7879224882631226,0.6157744331240536,0,0,0,0,0,0,0
2025-08-04,telangana,145405.0,43253.0,32080.0,34520.0,2838.0,0.0,1088887.0,1,0,0,0,0,1.0798,-0.5431052396834317,-0.8396646346181327,0.912052525275964,0.41007339725680436,0,0,0,0,0,0,0
2025-08-11,telangana,167587.0,42098.0,37320.0,63158.0,3448.0,0.0,992592.0,0,0,0,0,0,1.0866,-0.6400381082043503,-0.7683431655492202,0.9835378122597296,0.18070244009239297,0,0,0,0,0,0,0
2025-08-18,telangana,131143.0,40786.0,32629.0,31457.0,3293.0,0.0,925691.0,0,0,0,0,0,1.0881,-0.7277014757264236,-0.6858939875998223,0.9982521339365441,-0.0590988755488295,0,0,0,0,0,0,0
2025-08-25,telangana,177795.0,35758.0,26967.0,35125.0,2968.0,0.0,947300.0,0,0,0,0,0,1.0793,-0.8048257371083452,-0.593511190196115,0.9553461622632788,-0.29548893422398215,0,0,0,0,0,0,0
2025-09-01,telangana,205787.0,28705.0,39521.0,67258.0,3715.0,0.0,934055.0,0,0,0,0,0,1.0885,-0.8702939222685674,-0.49253272872205434,0.8572964806503138,-0.5148230222752145,0,0,0,0,0,0,0
2025-09-08,telangana,200244.0,32766.0,28730.0,63938.0,4199.0,0.0,998838.0,0,0,0,0,0,1.0772,-0.9231578729647039,-0.38442104726885545,0.709762632639161,-0.7044409168334328,0,0,0,0,0,0,0
2025-09-15,telangana,256497.0,45764.0,50363.0,87530.0,4158.0,203599.0,1155604.0,1,0,0,0,0,1.07,-0.9626519747161487,-0.2707418984477642,0.5212604463582784,-0.8533976488498011,0,0,0,0,0,0,0
2025-09-22,telangana,277365.0,55684.0,53216.0,44171.0,5481.0,240318.0,1254462.0,0,0,1,0,0,1.0784,-0.9882042449941422,-0.15314166701312007,0.30267049085568926,-0.9530952596488853,0,0,0,0,0,0,0
2025-09-29,telangana,263243.0,38739.0,60342.0,214796.0,5790.0,228929.0,1143358.0,0,0,0,0,0,1.0688,-0.9994446170919858,-0.033323525711631344,0.06661003679003268,-0.9977790852682925,0,0,0,0,0,0,0
2025-10-06,telangana,252061.0,43281.0,62963.0,60125.0,4453.0,235317.0,1072883.0,0,0,0,0,0,1.1066,-0.9962102997023297,0.0869772313136861,-0.17329522734857217,-0.9848699224660111,0,0,0,0,0,0,0
2025-10-13,telangana,210540.0,29468.0,65594.0,57205.0,4286.0,234760.0,1080230.0,0,0,0,0,0,1.0813,-0.9785481345802031,0.20601832032517084,-0.40319768608708534,-0.9151129033807907,0,0,0,0,0,0,0
2025-10-20,telangana,159355.0,63392.0,70560.0,63158.0,4528.0,267371.0,1309538.0,1,1,0,0,0,1.0864,-0.9467139181463862,0.3220757010206104,-0.6098270977059321,-0.7925344856241648,0,0,0,0,0,0,0
2025-10-27,telangana,206913.0,44927.0,60845.0,88745.0,5380.0,0.0,1112601.0,0,0,0,0,0,1.0796,-0.9011686968561569,0.4334685453485363,-0.7812565682797488,-0.6242100403868479,0,0,0,0,0,0,0
2025-11-03,telangana,203422.0,37440.0,51330.0,98028.0,4105.0,0.0,1075541.0,0,0,0,0,0,1.0846,-0.8425720899866032,0.5385835804920232,-0.9075909860952637,-0.4198554536487849,0,0,0,0,0,0,0
2025-11-10,telangana,172504.0,40553.0,55768.0,39788.0,4005.0,0.0,1050308.0,0,0,0,0,0,1.0781,-0.7717727365467837,0.6358984534680745,-0.9815381791978468,-0.19126631375382222,0,0,0,0,0,0,0
2025-11-17,telangana,133243.0,31046.0,55070.0,49343.0,4120.0,0.0,1030109.0,0,0,0,0,0,1.0873,-0.6897960046655887,0.7240037789593305,-0.9988298281778684,0.04836294389478229,0,0,0,0,0,0,0
2025-11-24,telangana,193768.0,31198.0,21947.0,42073.0,3637.0,0.0,991177.0,0,0,0,0,0,1.066,-0.5978291414589552,0.801623551065242,-0.9584678386132249,0.28520063524489725,0,0,0,0,0,0,0
2025-12-01,telangana,145158.0,38968.0,29019.0,83289.0,3333.0,0.0,991804.0,0,0,0,0,0,1.0846,-0.4972040784469378,0.8676336233547726,-0.8627819522593745,0.5055762087514626,0,0,0,0,0,0,0
2025-12-08,telangana,145042.0,34891.0,33542.0,39414.0,3923.0,0.0,1034579.0,0,0,0,0,0,1.0814,-0.3893781415452015,0.9210779895789526,-0.717295271600886,0.6967693257736101,0,0,0,0,0,0,0
2025-12-15,telangana,137810.0,38593.0,59667.0,65147.0,3385.0,0.0,994642.0,0,0,0,0,0,1.076,-0.27591294500296043,0.9611826292540837,-0.5304054598463659,0.8477440935595867,0,0,0,0,0,0,0
2025-12-22,telangana,180460.0,39614.0,37385.0,82720.0,3321.0,0.0,1003295.0,0,0,0,0,0,1.0846,-0.15845177496083632,0.9873667175937016,-0.3129000178799537,0.949786070023521,0,0,0,0,0,0,0
2023-01-02,punjab,70801.0,17688.0,26109.0,13966.0,3261.0,0.0,493967.0,0,0,0,0,0,0.9988,0.03439806061360801,0.9994082116062598,0.06875540848113941,0.9976335468520451,0,0,0,0,0,0,0
2023-01-09,punjab,62308.0,15606.0,18402.0,25058.0,2887.0,0.0,506186.0,0,0,0,0,0,0.9972,0.1542040475626894,0.988039023376751,0.3047192331091634,0.9524422234305676,0,0,0,0,0,0,0
2023-01-16,punjab,60404.0,15841.0,25659.0,6548.0,2891.0,0.0,534553.0,0,0,0,0,0,1.0073,0.2717767384711357,0.9623603298276545,0.5230943033491326,0.8522748088519838,0,0,0,0,0,0,0
2023-01-23,punjab,40092.0,17066.0,27471.0,8594.0,2309.0,0.0,505319.0,0,0,0,0,0,1.0295,0.38541335945432564,0.9227440286201427,0.7112757519738152,0.7029130847082615,0,0,0,0,0,0,0
2023-01-30,punjab,52590.0,18400.0,24439.0,5726.0,2455.0,0.0,528008.0,0,0,0,0,0,1.0046,0.49346814167723735,0.8697638720650646,0.8584015232918917,0.512978386299228,0,0,0,0,0,0,0
2023-02-06,punjab,54296.0,13651.0,37336.0,7447.0,2931.0,0.0,515435.0,0,0,0,0,0,1.0099,0.5943761565849831,0.804187157621448,0.9559793438440766,0.2934339689665273,0,0,0,0,0,0,0
2023-02-13,punjab,61764.0,15654.0,24144.0,7263.0,2488.0,0.0,530856.0,0,0,0,0,0,0.9965,0.6866759803451553,0.726963615332308,0.998376906467142,0.056952196034039754,0,0,0,0,0,0,0
2023-02-20,punjab,68282.0,15359.0,20551.0,14005.0,2810.0,0.0,610727.0,1,0,0,0,0,1.0121,0.7690308592589181,0.6392116531380588,0.9831469737221499,-0.1828169249850199,0,0,0,0,0,0,0
2023-02-27,punjab,65565.0,16282.0,29212.0,9980.0,2281.0,0.0,526832.0,0,0,0,0,0,0.992,0.8402480696078469,0.5422021592729844,0.9111686353326631,-0.41203363695942635,0,0,0,0,0,0,0
2023-03-06,punjab,56746.0,16240.0,21708.0,8303.0,2914.0,98504.0,577872.0,0,0,0,0,0,0.9854,0.8992961915530253,0.4373400963303323,0.7865965660866021,-0.6174672802835514,0,0,0,0,0,0,0
2023-03-13,punjab,56526.0,15258.0,29179.0,7879.0,2919.0,76107.0,592698.0,0,0,0,0,0,0.995,0.945320046913132,0.3261441535642696,0.6166212130956382,-0.7872599821916922,0,0,0,0,0,0,0
2023-03-20,punjab,44502.0,16548.0,23184.0,6609.0,2787.0,100708.0,598690.0,0,0,0,0,0,1.0146,0.9776530844816641,0.2102247521189836,0.4110537546870351,-0.9116111071930239,0,0,0,0,0,0,0
2023-03-27,punjab,46376.0,15550.0,24287.0,5609.0,2495.0,87870.0,603654.0,0,0,0,0,0,1.001,0.9958270335100595,0.09126072172931188,0.18175978759137534,-0.9833429613388902,0,0,0,0,0,0,0
2023-04-03,punjab,60243.0,17824.0,38167.0,9784.0,2858.0,89040.0,649133.0,0,0,0,0,0,1.0188,0.9995786855478958,-0.029025013321975237,-0.05802556932878035,-0.9983150972033183,0,0,0,0,0,0,0
2023-04-10,punjab,65910.0,20518.0,32818.0,18133.0,3489.0,103840.0,710146.0,0,0,0,0,0,0.9932,0.9888537064205885,-0.1488903868564548,-0.2944616217868012,-0.9556633054034704,0,0,0,0,0,0,1
2023-04-17,punjab,73861.0,19240.0,27862.0,11411.0,3366.0,0.0,674256.0,1,0,0,0,0,1.0088,0.9638074231367307,-0.26659942067929354,-0.5139010013093103,-0.8578494977869301,0,0,0,0,0,0,0
2023-04-24,punjab,58607.0,17581.0,30126.0,11823.0,2701.0,0.0,596876.0,0,0,0,0,0,0.9906,0.9248025743285089,-0.38044736628785164,-0.7036774074790128,-0.7105196029692745,0,0,0,0,0,0,0
2023-05-01,punjab,61260.0,17681.0,31856.0,6902.0,3116.0,0.0,552375.0,0,0,0,0,0,1.0003,0.8724040568049612,-0.48878539428899265,-0.8528367217694595,-0.522177676659508,0,0,0,0,0,0,0
2023-05-08,punjab,50407.0,17088.0,32818.0,6088.0,2632.0,0.0,555066.0,0,0,0,0,0,0.9926,0.8073707443023492,-0.5900444739548627,-0.9527692922168511,-0.30369503751065885,0,0,0,0,0,0,0
2023-05-15,punjab,67474.0,15972.0,31098.0,8673.0,2800.0,0.0,544600.0,0,0,0,0,0,0.9957,0.7306444969184916,-0.6827580970759147,-0.9977068927101168,-0.06768276175455162,0,0,0,0,0,0,0
2023-05-22,punjab,58769.0,16130.0,26789.0,5319.0,2843.0,0.0,566340.0,0,0,0,0,0,1.0017,0.6433365204044917,-0.765583517007675,-0.9850556718215013,0.172236243027682,0,0,0,0,0,0,0
2023-05-29,punjab,81494.0,17282.0,22440.0,7659.0,2567.0,0.0,535837.0,0,0,0,0,0,1.0053,0.5467112728685939,-0.8373211953118121,-0.9155458729775467,0.40221356823680365,0,0,0,0,0,0,0
2023-06-05,punjab,55089.0,17356.0,29957.0,6706.0,2332.0,0.0,573320.0,0,0,0,0,0,0.9954,0.44216815196707204,-0.8969321743510065,-0.7931896839451843,0.6089746507720486,0,0,0,0,0,0,0
2023-06-12,punjab,52836.0,18384.0,26263.0,10964.0,2555.0,0.0,545754.0,0,0,0,0,0,0.9988,0.3312212278016865,-0.9435531242349544,-0.6250496486104377,0.7805849965070866,0,0,0,0,0,0,0
2023-06-19,punjab,62888.0,17310.0,24678.0,10972.0,2140.0,0.0,536934.0,0,0,0,0,0,0.9982,0.21547731504673012,-0.976508846196619,-0.42083100859565564,0.9071390534005044,0,0,0,0,0,0,0
2023-06-26,punjab,62490.0,17896.0,20269.0,10278.0,2497.0,0.0,555989.0,0,0,0,0,0,0.9928,0.0966127018812031,-0.9953220513156602,-0.19232150523909483,0.9813319716704275,0,0,0,0,0,0,0
2023-07-03,punjab,78234.0,17404.0,28505.0,10385.0,2454.0,0.0,552396.0,0,0,0,0,0,0.9845,-0.023651127245231586,-0.9997202729664083,0.04728902277113235,0.9988812483600598,0,0,0,0,0,0,0
2023-07-10,punjab,42255.0,18055.0,31330.0,9388.0,2543.0,0.0,573369.0,0,0,0,0,0,0.982,-0.1435724234118113,-0.9896398128792412,0.2841699724797683,0.9587739184713191,0,0,0,0,0,0,0
2023-07-17,punjab,41035.0,19940.0,20134.0,15326.0,2498.0,0.0,566346.0,0,0,0,0,0,0.9963,-0.2614143985111562,-0.965226663665613,0.5046482954181526,0.8633250245021008,0,0,0,0,0,0,0
2023-07-24,punjab,50606.0,19782.0,27451.0,7566.0,2232.0,0.0,594800.0,1,0,0,0,0,1.0001,-0.3754703786876202,-0.9268343944460494,0.6959977221267386,0.7180439894563502,0,0,0,0,0,0,0
2023-07-31,punjab,63103.0,17821.0,29436.0,11328.0,2867.0,0.0,564385.0,0,0,0,0,0,1.0018,-0.48408852163897587,-0.8750190302029955,0.847173337473877,0.5313166064347815,0,0,0,0,0,0,0
2023-08-07,punjab,74218.0,16312.0,32386.0,6689.0,2906.0,0.0,551632.0,0,0,0,0,0,0.9902,-0.5856957398073508,-0.8105309990194823,0.9494491062150135,0.31392100074304014,0,0,0,0,0,0,0
2023-08-14,punjab,51480.0,16499.0,26226.0,12253.0,2719.0,0.0,560081.0,0,0,0,0,0,0.9972,-0.6788204829862355,-0.734304263829602,0.9969215500633253,0.07840550375666766,0,0,0,0,0,0,0
2023-08-21,punjab,50771.0,16960.0,40231.0,9038.0,2776.0,0.0,525046.0,0,0,0,0,0,1.0076,-0.7621140503891487,-0.6474427960827475,0.9868505034357966,-0.16163565160110782,0,0,0,0,0,0,0
2023-08-28,punjab,65661.0,14482.0,32470.0,7056.0,2711.0,0.0,553508.0,0,0,0,0,0,0.9994,-0.8343701235229537,-0.5512045872199277,0.9198172790502196,-0.3923470060554182,0,0,0,0,0,0,0
2023-09-04,punjab,72916.0,17321.0,20695.0,15929.0,2760.0,0.0,575039.0,0,0,0,0,0,1.0005,-0.8945422369764496,-0.4469834295196741,0.7996911138678691,-0.600411627469661,0,0,0,0,0,0,0
2023-09-11,punjab,79676.0,13898.0,24921.0,12814.0,2340.0,0.0,516536.0,0,0,0,0,0,0.9891,-0.9417589340994617,-0.33628873017668287,0.6334058321617086,-0.7738197799123084,0,0,0,0,0,0,0
2023-09-18,punjab,81789.0,18452.0,33881.0,10983.0,3250.0,0.0,514955.0,0,0,0,0,0,0.9901,-0.9753363880767837,-0.2207236509605022,0.4305596169818739,-0.9025621398133328,0,0,0,0,0,0,0
2023-09-25,punjab,72630.0,19472.0,35043.0,18565.0,2850.0,0.0,522758.0,0,0,0,0,0,0.9984,-0.994788305609327,-0.10196189005174576,0.2028609916826013,-0.9792075459541514,0,0,0,0,0,0,0
2023-10-02,punjab,93604.0,18986.0,42846.0,26450.0,3768.0,111783.0,666764.0,0,0,1,0,0,0.9937,-0.999832969770105,0.018276557681691223,-0.03654700988811993,-0.9993319348786156,0,0,0,0,0,0,0
2023-10-09,punjab,78177.0,16945.0,33195.0,15647.0,4252.0,138684.0,606202.0,0,0,0,0,0,1.0025,-0.9903973200352558,0.1382503109109819,-0.2738454748405547,-0.9617737030660337,0,0,0,0,0,0,0
2023-10-16,punjab,82149.0,19889.0,43223.0,18552.0,3701.0,111823.0,683682.0,1,0,0,0,0,1.0212,-0.9666180104000972,0.2562218218071163,-0.49533725523256594,-0.8687007560596847,0,0,0,0,0,0,0
2023-10-23,punjab,88835.0,17066.0,28687.0,27605.0,3273.0,135805.0,636551.0,0,0,0,0,0,0.9923,-0.9288394302558068,0.3704825404820963,-0.6882375836422284,-0.7254853743958638,0,0,0,0,0,0,0
2023-10-30,punjab,84122.0,18343.0,36077.0,15186.0,4663.0,133933.0,663931.0,0,0,0,0,0,1.0233,-0.8776087166898392,0.4793776594606945,-0.8414120250581577,-0.5403941192199728,0,0,0,0,0,0,0
2023-11-06,punjab,93697.0,18032.0,45692.0,16586.0,4537.0,129999.0,781498.0,0,1,0,0,0,0.9976,-0.8136678304455991,0.5813300798152042,-0.9460191696320084,-0.32411067660409654,0,0,0,0,0,0,0
2023-11-13,punjab,95899.0,16899.0,59471.0,22525.0,4315.0,0.0,638390.0,0,0,0,0,0,1.0134,-0.7379428103031386,0.6748632518680403,-0.9960209693076331,-0.08911918255618792,0,0,0,0,0,0,0
2023-11-20,punjab,85269.0,17270.0,37442.0,13309.0,3863.0,0.0,634505.0,0,0,0,0,0,0.9989,-0.6515303615068021,0.75862255966641,-0.9885312610933433,0.15101637606963153,0,0,0,0,0,0,0
2023-11-27,punjab,78367.0,22324.0,36857.0,30802.0,3748.0,0.0,581115.0,0,0,0,0,0,1.0032,-0.5556819724760489,0.8313949395234058,-0.9239823598019431,0.3824350909302552,0,0,0,0,0,0,0
2023-12-04,punjab,88099.0,16969.0,44361.0,9572.0,3221.0,0.0,582674.0,0,0,0,0,0,1.002,-0.451785789832884,0.8921264484954345,-0.8061001043286311,0.5917792002101544,0,0,0,0,0,0,0
2023-12-11,punjab,70969.0,18463.0,25659.0,11149.0,3175.0,0.0,557108.0,0,0,0,0,0,0.9882,-0.34134651424503615,0.9399375283564133,-0.641688797825113,0.7669651144255266,0,0,0,0,0,0,0
2023-12-18,punjab,64787.0,15542.0,41883.0,22194.0,3241.0,0.0,581828.0,0,0,0,0,0,1.0016,-0.22596360824801906,0.974135744004672,-0.4402384552773285,0.8978808954950716,0,0,0,0,0,0,0
2023-12-25,punjab,76143.0,15657.0,49623.0,16664.0,3743.0,0.0,583486.0,0,0,0,0,0,1.0062,-0.10730813165636247,0.9942258118156161,-0.21337702862092797,0.9769699297608415,0,0,0,0,0,0,0
2024-01-01,punjab,55257.0,19375.0,42381.0,36490.0,3579.0,0.0,620140.0,0,0,0,1,0,1.0505,0.017201575418260506,0.9998520419557735,0.03439806061360801,0.9994082116062598,0,0,0,0,0,0,0
2024-01-08,punjab,67820.0,20600.0,30950.0,24985.0,3378.0,0.0,565157.0,0,0,0,0,0,1.0245,0.13718540405660057,0.9905453876091833,0.2717767384711357,0.9623603298276545,0,0,0,0,0,0,0
2024-01-15,punjab,77945.0,19925.0,22966.0,7163.0,2593.0,0.0,597317.0,0,0,0,0,0,1.0286,0.2551824131233728,0.9668929289391521,0.49346814167723735,0.8697638720650646,0,0,0,0,0,0,0
2024-01-22,punjab,57357.0,16895.0,40346.0,17122.0,2724.0,0.0,552897.0,0,0,0,0,0,1.0451,0.3694836834473831,0.9292372181882051,0.6866759803451553,0.726963615332308,0,0,0,0,0,0,0
2024-01-29,punjab,67378.0,23295.0,29658.0,20274.0,2998.0,0.0,557449.0,0,0,0,0,0,1.0389,0.4784338202547012,0.8781236129591848,0.8402480696078469,0.5422021592729844,0,0,0,0,0,0,0
2024-02-05,punjab,50205.0,22224.0,33997.0,14353.0,2529.0,0.0,589475.0,0,0,0,0,0,1.0466,0.580454927809098,0.8142923779467267,0.945320046913132,0.3261441535642696,0,0,0,0,0,0,0
2024-02-12,punjab,87744.0,20069.0,35563.0,9122.0,3248.0,0.0,663563.0,1,0,0,0,0,1.0412,0.6740694616546161,0.7386679638813748,0.9958270335100595,0.09126072172931188,0,0,0,0,0,0,0
2024-02-19,punjab,73249.0,19669.0,35236.0,26909.0,3561.0,0.0,593521.0,0,0,0,0,0,1.0428,0.7579216274973472,0.6523456189565257,0.9888537064205885,-0.1488903868564548,0,0,0,0,0,0,0
2024-02-26,punjab,70828.0,19491.0,32614.0,17469.0,2494.0,0.0,608208.0,0,0,0,0,0,1.0164,0.8307970168121247,0.5565755266413303,0.9248025743285089,-0.38044736628785164,0,0,0,0,0,0,0
2024-03-04,punjab,68957.0,15820.0,27539.0,8479.0,3027.0,107789.0,617009.0,0,0,0,0,0,1.0463,0.8916401947968874,0.45274469960737107,0.8073707443023492,-0.5900444739548627,0,0,0,0,0,0,0
2024-03-11,punjab,73111.0,21538.0,39299.0,9467.0,2989.0,100099.0,646824.0,0,0,0,0,0,1.0294,0.9395699859530622,0.342356891994542,0.6433365204044917,-0.765583517007675,0,0,0,0,0,0,0
2024-03-18,punjab,65311.0,22410.0,30198.0,9091.0,2528.0,109390.0,659363.0,0,0,0,0,0,1.0442,0.9738922359149924,0.22701082094141847,0.44216815196707204,-0.8969321743510065,0,0,0,0,0,0,0
2024-03-25,punjab,74158.0,17740.0,37071.0,17460.0,3648.0,88775.0,695209.0,0,0,0,0,0,1.016,0.9941098647022418,0.10837701279187609,0.21547731504673012,-0.976508846196619,0,0,0,0,0,0,0
2024-04-01,punjab,71804.0,17583.0,42149.0,27413.0,3087.0,115407.0,703550.0,0,0,0,0,0,1.0347,0.9999300657962057,-0.011826390691832589,-0.023651127245231586,-0.9997202729664083,0,0,0,0,0,0,0
2024-04-08,punjab,99988.0,25430.0,51990.0,16024.0,3018.0,123033.0,772370.0,0,0,0,0,0,1.0343,0.9912685467787256,-0.13185851571739118,-0.2614143985111562,-0.965226663665613,0,0,0,0,0,0,1
2024-04-15,punjab,77631.0,19873.0,40617.0,17424.0,3774.0,0.0,649597.0,0,0,0,0,0,1.0475,0.9682507501166718,-0.2499809690726521,-0.48408852163897587,-0.8750190302029955,0,0,0,0,0,0,0
2024-04-22,punjab,97333.0,25720.0,46025.0,36087.0,3727.0,0.0,715504.0,1,0,0,0,0,1.0324,0.9312100364121947,-0.3644830148102912,-0.6788204829862355,-0.734304263829602,0,0,0,0,0,0,0
2024-04-29,punjab,65603.0,22242.0,36705.0,18971.0,3577.0,0.0,659977.0,0,0,0,0,0,1.0349,0.8806828564301475,-0.47370635037968,-0.8343701235229537,-0.5512045872199277,0,0,0,0,0,0,0
2024-05-06,punjab,64987.0,20840.0,31560.0,15119.0,2965.0,0.0,636043.0,0,0,0,0,0,1.0302,0.8174009818249189,-0.5760691233798758,-0.9417589340994617,-0.33628873017668287,0,0,0,0,0,0,0
2024-05-13,punjab,71872.0,22389.0,41825.0,11861.0,3200.0,0.0,626759.0,0,0,0,0,0,1.0389,0.742280907086982,-0.6700888411055113,-0.994788305609327,-0.10196189005174576,0,0,0,0,0,0,0
2024-05-20,punjab,63817.0,20177.0,40573.0,13370.0,2525.0,0.0,608236.0,0,0,0,0,0,1.0307,0.6564105761979381,-0.7544038410927472,-0.9903973200352558,0.1382503109109819,0,0,0,0,0,0,0
2024-05-27,punjab,67117.0,20058.0,42246.0,11094.0,2879.0,0.0,578352.0,0,0,0,0,0,1.0523,0.5610336262283677,-0.8277930117131022,-0.9288394302558068,0.3704825404820963,0,0,0,0,0,0,0
2024-06-03,punjab,78704.0,18891.0,32501.0,8577.0,2898.0,0.0,580309.0,0,0,0,0,0,1.0481,0.4575313760742512,-0.8891934772070711,-0.8136678304455991,0.5813300798152042,0,0,0,0,0,0,0
2024-06-10,punjab,55616.0,26945.0,38834.0,21935.0,3132.0,0.0,612467.0,1,0,0,0,0,1.0694,0.3474028211842774,-0.9377159910299093,-0.6515303615068021,0.75862255966641,0,0,0,0,0,0,0
2024-06-17,punjab,61008.0,17932.0,32066.0,5760.0,2989.0,0.0,612561.0,0,0,0,0,0,1.0322,0.23224292400907015,-0.9726578145718654,-0.451785789832884,0.8921264484954345,0,0,0,0,0,0,0
2024-06-24,punjab,62763.0,19829.0,33464.0,11454.0,2668.0,0.0,595658.0,0,0,0,0,0,1.026,0.11371951458594969,-0.9935128947338007,-0.22596360824801906,0.974135744004672,0,0,0,0,0,0,0
2024-07-01,punjab,59191.0,23802.0,31256.0,11734.0,3076.0,0.0,625256.0,0,0,0,0,0,1.0414,-0.00645086419810515,-0.9999791929590823,0.012901459949419653,0.9999167727021953,0,0,0,0,0,0,0
2024-07-08,punjab,70796.0,20709.0,38046.0,11259.0,2549.0,0.0,614680.0,0,0,0,0,0,1.0432,-0.12652781683868314,-0.9919630595773397,0.2510218406258827,0.9679814231320734,0,0,0,0,0,0,0
2024-07-15,punjab,63085.0,20287.0,24823.0,11158.0,2967.0,0.0,583915.0,0,0,0,0,0,1.0478,-0.24477230089725957,-0.9695805901076308,0.47465294389193496,0.8801730414269229,0,0,0,0,0,0,0
2024-07-22,punjab,79158.0,20859.0,32574.0,10231.0,2813.0,0.0,576755.0,0,0,0,0,0,1.0527,-0.3594718130884232,-0.9331559438780432,0.6708865180801582,0.7415600311898435,0,0,0,0,0,0,0
2024-07-29,punjab,59537.0,21435.0,29367.0,8217.0,3630.0,0.0,606578.0,0,0,0,0,0,1.0192,-0.46896519100763184,-0.8832166493127127,0.8283957292921138,0.5601432992463508,0,0,0,0,0,0,0
2024-08-05,punjab,79652.0,24261.0,32477.0,9541.0,3014.0,0.0,593160.0,0,0,0,0,0,1.037,-0.5716666713027052,-0.8204859638785327,0.9380889596420647,0.3463944338433696,0,0,0,0,0,0,0
2024-08-12,punjab,82222.0,20330.0,43295.0,22132.0,2661.0,0.0,616961.0,0,0,0,0,0,1.0429,-0.666088855860977,-0.7458723993404063,0.993634586189866,0.11265127219562909,0,0,0,0,0,0,0
2024-08-19,punjab,71479.0,15654.0,27004.0,18621.0,3436.0,0.0,603290.0,0,0,0,0,0,1.0305,-0.7508642533989489,-0.6604565640279754,0.9918264497026016,-0.12759425406472188,0,0,0,0,0,0,0
2024-08-26,punjab,64108.0,16282.0,28937.0,20566.0,2892.0,0.0,586734.0,0,0,0,0,0,1.0143,-0.8247650844733614,-0.5654755126737576,0.9327689179559782,-0.3604748891327019,0,0,0,0,0,0,0
2024-09-02,punjab,93147.0,21582.0,33549.0,16484.0,3370.0,0.0,592817.0,0,0,0,0,0,1.0467,-0.886721063082993,-0.46230483047981086,0.8198708615029215,-0.5725484874300667,0,0,0,0,0,0,0
2024-09-09,punjab,117366.0,20338.0,38290.0,20093.0,2668.0,0.0,590823.0,0,0,0,0,0,1.0381,-0.9358348973349941,-0.35243871088460327,0.6596488896351408,-0.7515739101399981,0,0,0,0,0,0,0
2024-09-16,punjab,85726.0,19259.0,53633.0,22219.0,4578.0,0.0,549615.0,0,0,0,0,0,1.0479,-0.97139528468375,-0.23746831555846842,0.461351203990578,-0.8872175982116474,0,0,0,0,0,0,0
2024-09-23,punjab,128680.0,26395.0,55395.0,31973.0,3639.0,131282.0,729204.0,0,0,1,0,0,1.049,-0.9928872135356962,-0.11905873003404988,0.23642378142121298,-0.9716500376053585,0,0,0,0,0,0,0
2024-09-30,punjab,111120.0,19160.0,44934.0,31966.0,3857.0,147255.0,700266.0,0,0,0,0,0,1.0399,-0.9999994220246925,0.001075151282798226,-0.0021503013227746654,-0.9999976880994382,0,0,0,0,0,0,0
2024-10-07,punjab,98405.0,23913.0,66601.0,19965.0,4288.0,145014.0,691211.0,0,0,0,0,0,1.0472,-0.9926289059345095,0.121193461470736,-0.2406002661322256,-0.9706242897934825,0,0,0,0,0,0,0
2024-10-14,punjab,119398.0,21591.0,51559.0,21906.0,4295.0,128274.0,713522.0,0,0,0,0,0,1.0463,-0.9708824104813836,0.23955655912092708,-0.46516249913190355,-0.8852253099642835,0,0,0,0,0,0,0
2024-10-21,punjab,103288.0,18704.0,49686.0,34741.0,3908.0,153490.0,713267.0,0,0,0,0,0,1.0253,-0.9350748843515574,0.3544502230989869,-0.6628750027453377,-0.7487300786901568,0,0,0,0,0,0,0
2024-10-28,punjab,113653.0,30083.0,48217.0,28954.0,3986.0,132874.0,816783.0,0,1,0,0,0,1.0445,-0.8857249183835637,0.4642104791518923,-0.8223255775192096,-0.5690172620911411,0,0,0,0,0,0,0
2024-11-04,punjab,115356.0,25130.0,65925.0,34641.0,4780.0,0.0,689082.0,0,0,0,0,0,1.0466,-0.8235472349556007,0.5672476988027229,-0.9343105477678196,-0.3564600964060307,0,0,0,0,0,0,0
2024-11-11,punjab,99087.0,19271.0,41661.0,18155.0,4031.0,0.0,663840.0,0,0,0,0,0,1.0444,-0.7494423368521953,0.6620696215153815,-0.9923660086146721,-0.12332763253295889,0,0,0,0,0,0,0
2024-11-18,punjab,97857.0,22553.0,50803.0,27566.0,5025.0,0.0,690379.0,0,0,0,0,0,1.0217,-0.6644834655228552,0.7473029667054297,-0.9931409302238695,0.11692344809347308,0,0,0,0,0,0,0
2024-11-25,punjab,79670.0,22500.0,44815.0,11384.0,3417.0,0.0,621434.0,0,0,0,0,0,1.0428,-0.5699010576127624,0.821713322596059,-0.936590583203982,0.3504255690637097,0,0,0,0,0,0,0
2024-12-02,punjab,97277.0,24283.0,36799.0,19404.0,3382.0,0.0,711245.0,1,0,0,0,0,1.0252,-0.46706492487743034,0.8842230238742036,-0.8259791204413983,0.5637007118984807,0,0,0,0,0,0,0
2024-12-09,punjab,65630.0,17393.0,30718.0,26986.0,3539.0,0.0,633896.0,0,0,0,0,0,1.047,-0.3574644155648614,0.9339267592294762,-0.6676911663366994,0.7444383832097442,0,0,0,0,0,0,0
2024-12-16,punjab,112025.0,18972.0,46301.0,15672.0,3625.0,0.0,641323.0,0,0,0,0,0,1.0332,-0.2426868445825954,0.9701046827361175,-0.4708632887360563,0.8822061909330864,0,0,0,0,0,0,0
2024-12-23,punjab,80971.0,25809.0,37705.0,18150.0,3063.0,0.0,649180.0,0,0,0,0,0,1.0388,-0.12439450483979998,0.9922328391893008,-0.2468566254334839,0.9690520143313219,0,0,0,0,0,0,0
2024-12-30,punjab,87645.0,20278.0,35117.0,19375.0,3717.0,0.0,638844.0,0,0,0,1,0,1.0575,-0.004300592702981974,0.9999907524084426,-0.008601105865714402,0.9999630098048061,0,0,0,0,0,0,0
2025-01-06,punjab,76286.0,23157.0,36861.0,19347.0,3363.0,0.0,644158.0,1,0,0,0,0,1.0842,0.10303137904317879,0.9946781061893646,0.20496611396949532,0.9787690698649216,0,0,0,0,0,0,0
2025-01-13,punjab,97766.0,21181.0,42227.0,32407.0,3716.0,0.0,620096.0,0,0,0,0,0,1.0927,0.22177215755648186,0.975098513039961,0.4324994021339788,0.901634220265486,0,0,0,0,0,0,0
2025-01-20,punjab,56973.0,18349.0,44866.0,17509.0,3239.0,0.0,609012.0,0,0,0,0,0,1.0793,0.3373010691361842,0.9413968285264122,0.6350683134867438,0.7724559775191742,0,0,0,0,0,0,0
2025-01-27,punjab,80601.0,19895.0,45329.0,15535.0,3195.0,0.0,609926.0,0,0,0,0,0,1.0699,0.44794493940789115,0.8940611451454876,0.8009803309782905,0.5986906625177214,0,0,0,0,0,0,0
2025-02-03,punjab,77514.0,23227.0,53463.0,12472.0,2941.0,0.0,631783.0,0,0,0,0,0,1.0694,0.5521013427459208,0.8337770129585915,0.9206588168102428,0.3903682146763026,0,0,0,0,0,0,0
2025-02-10,punjab,98368.0,21896.0,52142.0,16267.0,3062.0,0.0,649680.0,0,0,0,0,0,1.06,0.6482618097757122,0.7614175109532997,0.9871957872910085,0.15951325197263655,0,0,0,0,0,0,0
2025-02-17,punjab,70720.0,26553.0,43502.0,16872.0,3140.0,0.0,594456.0,0,0,0,0,0,1.0921,0.7350336741329412,0.6780306024735382,0.9967506498213929,-0.08054900421874167,0,0,0,0,0,0,0
2025-02-24,punjab,92520.0,24818.0,43900.0,12620.0,2556.0,0.0,659760.0,0,0,0,0,0,1.0661,0.8111602420785621,0.5848239578463322,0.9487718864399473,-0.31596187665790293,0,0,0,0,0,0,0
2025-03-03,punjab,108382.0,26025.0,47801.0,21452.0,3734.0,0.0,642441.0,0,0,0,0,0,1.0703,0.8755389928586302,0.4831474640149687,0.8460288880917339,-0.533137056031809,0,0,0,0,0,0,0
2025-03-10,punjab,72206.0,21908.0,50408.0,14620.0,2948.0,95211.0,665449.0,0,0,0,0,0,1.0786,0.9272375462179537,0.374473674486883,0.6944521021088763,-0.719538934232584,0,0,0,0,0,0,0
2025-03-17,punjab,77587.0,20393.0,49423.0,21686.0,3456.0,132530.0,741705.0,0,0,0,0,0,1.0775,0.9655071658143364,0.2603764827344581,0.5027907197793043,-0.8644081744776648,0,0,0,0,0,0,0
2025-03-24,punjab,75500.0,20899.0,45704.0,29249.0,3398.0,111216.0,721432.0,0,0,0,0,0,1.0777,0.9897936029670716,0.14250832791617088,0.2821076626819194,-0.9593827529490743,0,0,0,0,0,0,0
2025-03-31,punjab,93529.0,22645.0,43973.0,25588.0,3807.0,138019.0,759299.0,0,0,0,0,0,1.0771,0.9997451236925734,0.022576263041545485,0.04514101777397193,-0.9989806246941579,0,0,0,0,0,0,0
2025-04-07,punjab,110954.0,20242.0,53924.0,15979.0,3790.0,143550.0,760455.0,0,0,0,0,0,1.0987,0.9952176027737294,-0.09768276782171598,-0.19443122004766195,-0.9809161537413774,0,0,0,0,0,0,0
2025-04-14,punjab,102148.0,31613.0,44927.0,20608.0,3397.0,111211.0,828268.0,0,0,0,0,0,1.1003,0.9762766110869321,-0.21652708524481437,-0.4227806579826773,-0.9062320427107697,0,0,0,0,0,0,1
2025-04-21,punjab,92903.0,25019.0,51619.0,33445.0,3390.0,0.0,754368.0,0,0,0,0,0,1.0712,0.9431964659565866,-0.33223549871590435,-0.6267266965083301,-0.7792391467859886,0,0,0,0,0,0,0
2025-04-28,punjab,94912.0,27841.0,42599.0,31387.0,3030.0,0.0,729783.0,0,0,0,0,0,1.0787,0.8964562582905575,-0.44313223418263453,-0.7944973291665992,-0.6072676460566135,0,0,0,0,0,0,0
2025-05-05,punjab,75856.0,20993.0,33441.0,25692.0,3649.0,0.0,684173.0,0,0,0,0,0,1.0929,0.8367329140344921,-0.5476112038402312,-0.9164086366943458,-0.4002439388573056,0,0,0,0,0,0,0
2025-05-12,punjab,77834.0,20962.0,37121.0,14755.0,3544.0,0.0,692170.0,0,0,0,0,0,1.0824,0.7648913904341226,-0.6441592666722685,-0.9854237542919524,-0.17011767832049052,0,0,0,0,0,0,0
2025-05-19,punjab,82891.0,28913.0,36825.0,22413.0,3274.0,0.0,725247.0,1,0,0,0,0,1.0617,0.6819721490904629,-0.7313781428679254,-0.9975590477788613,0.06982797572987089,0,0,0,0,0,0,0
2025-05-26,punjab,71484.0,27784.0,52266.0,18159.0,3689.0,0.0,644297.0,0,0,0,0,0,1.1026,0.5891760872322963,-0.8080046647350754,-0.9521140536681102,0.3057430764672831,0,0,0,0,0,0,0
2025-06-02,punjab,88105.0,25199.0,49047.0,15812.0,3822.0,0.0,677200.0,0,0,0,0,0,1.0645,0.4878471454423119,-0.8729290708206411,-0.8517119107469189,0.5240103253675756,0,0,0,0,0,0,0
2025-06-09,punjab,88352.0,25508.0,34562.0,13468.0,3322.0,0.0,698149.0,1,0,0,0,0,1.0819,0.37945284372454435,-0.925211078289358,-0.7021479494046978,0.7120310787787131,0,0,0,0,0,0,0
2025-06-16,punjab,76170.0,24169.0,43475.0,13394.0,3349.0,0.0,654254.0,0,0,0,0,0,1.0717,0.26556302780405594,-0.9640935007889755,-0.5120551783114646,0.8589525565270845,0,0,0,0,0,0,0
2025-06-23,punjab,99660.0,21907.0,45983.0,8305.0,3375.0,0.0,681966.0,1,0,0,0,0,1.093,0.14782713347053048,-0.9890132145779883,-0.29240597695107734,0.9562942772197719,0,0,0,0,0,0,0
2025-06-30,punjab,99004.0,18922.0,40024.0,16201.0,3325.0,0.0,646311.0,0,0,0,0,0,1.0662,0.02795029824021032,-0.999609314096404,-0.05587875690537313,0.9984375616565666,0,0,0,0,0,0,0
2025-07-07,punjab,71675.0,23899.0,53231.0,25078.0,2907.0,0.0,641368.0,0,0,0,0,0,1.0926,-0.09233133369539122,-0.9957283388645872,0.18387385105132759,0.9829498496360606,0,0,0,0,0,0,0
2025-07-14,punjab,63121.0,29317.0,37120.0,20551.0,3780.0,0.0,665775.0,0,0,0,0,0,1.0869,-0.2112757555821793,-0.9774264960104055,0.4130130429412807,0.9107251102063585,0,0,0,0,0,0,0
2025-07-21,punjab,81328.0,27571.0,43355.0,15206.0,3055.0,0.0,673899.0,1,0,0,0,0,1.0971,-0.3271603271220951,-0.9449688462364056,0.6183126337097825,0.7859322407147274,0,0,0,0,0,0,0
2025-07-28,punjab,78395.0,23600.0,47611.0,12221.0,2689.0,0.0,654373.0,0,0,0,0,0,1.0767,-0.4383067230125192,-0.898825465016444,0.7879224882631226,0.6157744331240536,0,0,0,0,0,0,0
2025-08-04,punjab,61312.0,23756.0,43072.0,17698.0,3642.0,0.0,631830.0,0,0,0,0,0,1.0727,-0.5431052396834317,-0.8396646346181327,0.912052525275964,0.41007339725680436,0,0,0,0,0,0,0
2025-08-11,punjab,79975.0,21770.0,29674.0,10780.0,3491.0,0.0,667258.0,0,0,0,0,0,1.0782,-0.6400381082043503,-0.7683431655492202,0.9835378122597296,0.18070244009239297,0,0,0,0,0,0,0
2025-08-18,punjab,75001.0,21178.0,38270.0,17912.0,3742.0,0.0,654507.0,0,0,0,0,0,1.0887,-0.7277014757264236,-0.6858939875998223,0.9982521339365441,-0.0590988755488295,0,0,0,0,0,0,0
2025-08-25,punjab,73857.0,23075.0,44737.0,10873.0,2815.0,0.0,633422.0,0,0,0,0,0,1.0722,-0.8048257371083452,-0.593511190196115,0.9553461622632788,-0.29548893422398215,0,0,0,0,0,0,0
2025-09-01,punjab,81853.0,27647.0,50563.0,24298.0,4031.0,0.0,657738.0,0,0,0,0,0,1.0878,-0.8702939222685674,-0.49253272872205434,0.8572964806503138,-0.5148230222752145,0,0,0,0,0,0,0
2025-09-08,punjab,68279.0,24360.0,31847.0,20484.0,3975.0,0.0,612680.0,0,0,0,0,0,1.0789,-0.9231578729647039,-0.38442104726885545,0.709762632639161,-0.7044409168334328,0,0,0,0,0,0,0
2025-09-15,punjab,122714.0,25882.0,54512.0,27507.0,4756.0,134946.0,701460.0,0,0,0,0,0,1.0831,-0.9626519747161487,-0.2707418984477642,0.5212604463582784,-0.8533976488498011,0,0,0,0,0,0,0
2025-09-22,punjab,124887.0,25491.0,57719.0,46109.0,4885.0,159433.0,795390.0,0,0,1,0,0,1.0795,-0.9882042449941422,-0.15314166701312007,0.30267049085568926,-0.9530952596488853,0,0,0,0,0,0,0
2025-09-29,punjab,115647.0,24796.0,67028.0,17456.0,5210.0,149109.0,746149.0,0,0,0,0,0,1.0829,-0.9994446170919858,-0.033323525711631344,0.06661003679003268,-0.9977790852682925,0,0,0,0,0,0,0
2025-10-06,punjab,152983.0,23657.0,69858.0,33089.0,4388.0,177881.0,784246.0,0,0,0,0,0,1.073,-0.9962102997023297,0.0869772313136861,-0.17329522734857217,-0.9848699224660111,0,0,0,0,0,0,0
2025-10-13,punjab,108194.0,24337.0,94412.0,34823.0,5196.0,173802.0,726090.0,0,0,0,0,0,1.079,-0.9785481345802031,0.20601832032517084,-0.40319768608708534,-0.9151129033807907,0,0,0,0,0,0,0
2025-10-20,punjab,129024.0,30560.0,79687.0,16116.0,4235.0,172379.0,859225.0,0,1,0,0,0,1.0713,-0.9467139181463862,0.3220757010206104,-0.6098270977059321,-0.7925344856241648,0,0,0,0,0,0,0
2025-10-27,punjab,126732.0,18556.0,60201.0,54580.0,5025.0,0.0,778127.0,0,0,0,0,0,1.0734,-0.9011686968561569,0.4334685453485363,-0.7812565682797488,-0.6242100403868479,0,0,0,0,0,0,0
2025-11-03,punjab,116155.0,23626.0,72740.0,32150.0,4867.0,0.0,729835.0,0,0,0,0,0,1.0902,-0.8425720899866032,0.5385835804920232,-0.9075909860952637,-0.4198554536487849,0,0,0,0,0,0,0
2025-11-10,punjab,133252.0,21434.0,57991.0,29499.0,5088.0,0.0,711873.0,0,0,0,0,0,1.0751,-0.7717727365467837,0.6358984534680745,-0.9815381791978468,-0.19126631375382222,0,0,0,0,0,0,0
2025-11-17,punjab,110788.0,19739.0,50146.0,36661.0,3926.0,0.0,665094.0,0,0,0,0,0,1.0919,-0.6897960046655887,0.7240037789593305,-0.9988298281778684,0.04836294389478229,0,0,0,0,0,0,0
2025-11-24,punjab,84722.0,25108.0,49330.0,21711.0,3604.0,0.0,644290.0,0,0,0,0,0,1.0674,-0.5978291414589552,0.801623551065242,-0.9584678386132249,0.28520063524489725,0,0,0,0,0,0,0
2025-12-01,punjab,117960.0,18885.0,27617.0,13346.0,3086.0,0.0,646247.0,0,0,0,0,0,1.0918,-0.4972040784469378,0.8676336233547726,-0.8627819522593745,0.5055762087514626,0,0,0,0,0,0,0
2025-12-08,punjab,75915.0,22020.0,49037.0,12386.0,3933.0,0.0,663040.0,0,0,0,0,0,1.0732,-0.3893781415452015,0.9210779895789526,-0.717295271600886,0.6967693257736101,0,0,0,0,0,0,0
2025-12-15,punjab,121671.0,25567.0,46572.0,16304.0,2997.0,0.0,647064.0,0,0,0,0,0,1.0887,-0.27591294500296043,0.9611826292540837,-0.5304054598463659,0.8477440935595867,0,0,0,0,0,0,0
2025-12-22,punjab,81926.0,31116.0,60945.0,21867.0,3228.0,0.0,668741.0,0,0,0,0,0,1.0779,-0.15845177496083632,0.9873667175937016,-0.3129000178799537,0.949786070023521,0,0,0,0,0,0,0
